0 verbose cli C:\Program Files\nodejs\node.exe C:\Program Files\nodejs\node_modules\npm\bin\npm-cli.js
1 info using npm@11.6.2
2 info using node@v24.13.0
3 silly config load:file:C:\Program Files\nodejs\node_modules\npm\npmrc
4 silly config load:file:C:\Users\isaac\Documents\Proyectos\Postular_app\.npmrc
5 silly config load:file:C:\Users\isaac\.npmrc
6 silly config load:file:C:\Users\isaac\Documents\Proyectos\Postular_app\.npm-global\etc\npmrc
7 verbose title npm exec @angular/cli@latest new job-dashboard --standalone --routing --style=scss --skip-git
8 verbose argv "exec" "--yes" "--" "@angular/cli@latest" "new" "job-dashboard" "--standalone" "--routing" "--style=scss" "--skip-git"
9 verbose logfile logs-max:10 dir:C:\Users\isaac\Documents\Proyectos\Postular_app\.npm-cache\_logs\2026-04-16T21_49_14_013Z-
10 verbose logfile C:\Users\isaac\Documents\Proyectos\Postular_app\.npm-cache\_logs\2026-04-16T21_49_14_013Z-debug-0.log
11 silly logfile done cleaning log files
12 silly packumentCache heap:4496293888 maxSize:1124073472 maxEntrySize:562036736
13 http fetch GET 200 https://registry.npmjs.org/@angular%2fcli 198ms (cache miss)
14 silly packumentCache heap:4496293888 maxSize:1124073472 maxEntrySize:562036736
15 silly packumentCache heap:4496293888 maxSize:1124073472 maxEntrySize:562036736
16 silly idealTree buildDeps
17 silly fetch manifest @angular/cli@21.2.7
18 silly packumentCache full:https://registry.npmjs.org/@angular%2fcli cache-miss
19 http fetch GET 200 https://registry.npmjs.org/@angular%2fcli 105ms (cache miss)
20 silly packumentCache full:https://registry.npmjs.org/@angular%2fcli set size:undefined disposed:false
21 silly placeDep ROOT @angular/cli@21.2.7 OK for:  want: 21.2.7
22 silly fetch manifest ini@6.0.0
23 silly packumentCache full:https://registry.npmjs.org/ini cache-miss
24 silly fetch manifest zod@4.3.6
25 silly packumentCache full:https://registry.npmjs.org/zod cache-miss
26 silly fetch manifest yargs@18.0.0
27 silly packumentCache full:https://registry.npmjs.org/yargs cache-miss
28 silly fetch manifest listr2@9.0.5
29 silly packumentCache full:https://registry.npmjs.org/listr2 cache-miss
30 silly fetch manifest pacote@21.3.1
31 silly packumentCache full:https://registry.npmjs.org/pacote cache-miss
32 silly fetch manifest semver@7.7.4
33 silly packumentCache full:https://registry.npmjs.org/semver cache-miss
34 silly fetch manifest jsonc-parser@3.3.1
35 silly packumentCache full:https://registry.npmjs.org/jsonc-parser cache-miss
36 silly fetch manifest algoliasearch@5.48.1
37 silly packumentCache full:https://registry.npmjs.org/algoliasearch cache-miss
38 silly fetch manifest npm-package-arg@13.0.2
39 silly packumentCache full:https://registry.npmjs.org/npm-package-arg cache-miss
40 silly fetch manifest @inquirer/prompts@7.10.1
41 silly packumentCache full:https://registry.npmjs.org/@inquirer%2fprompts cache-miss
42 silly fetch manifest @yarnpkg/lockfile@1.1.0
43 silly packumentCache full:https://registry.npmjs.org/@yarnpkg%2flockfile cache-miss
44 silly fetch manifest @schematics/angular@21.2.7
45 silly packumentCache full:https://registry.npmjs.org/@schematics%2fangular cache-miss
46 silly fetch manifest @angular-devkit/core@21.2.7
47 silly packumentCache full:https://registry.npmjs.org/@angular-devkit%2fcore cache-miss
48 silly fetch manifest @angular-devkit/architect@0.2102.7
49 silly packumentCache full:https://registry.npmjs.org/@angular-devkit%2farchitect cache-miss
50 silly fetch manifest @modelcontextprotocol/sdk@1.26.0
51 silly packumentCache full:https://registry.npmjs.org/@modelcontextprotocol%2fsdk cache-miss
52 http fetch GET 200 https://registry.npmjs.org/ini 63ms (cache miss)
53 silly packumentCache full:https://registry.npmjs.org/ini set size:undefined disposed:false
54 silly fetch manifest @angular-devkit/schematics@21.2.7
55 silly packumentCache full:https://registry.npmjs.org/@angular-devkit%2fschematics cache-miss
56 http fetch GET 200 https://registry.npmjs.org/npm-package-arg 97ms (cache miss)
57 silly packumentCache full:https://registry.npmjs.org/npm-package-arg set size:undefined disposed:false
58 silly fetch manifest parse5-html-rewriting-stream@8.0.0
59 silly packumentCache full:https://registry.npmjs.org/parse5-html-rewriting-stream cache-miss
60 http fetch GET 200 https://registry.npmjs.org/jsonc-parser 102ms (cache miss)
61 silly packumentCache full:https://registry.npmjs.org/jsonc-parser set size:undefined disposed:false
62 silly fetch manifest @listr2/prompt-adapter-inquirer@3.0.5
63 silly packumentCache full:https://registry.npmjs.org/@listr2%2fprompt-adapter-inquirer cache-miss
64 http fetch GET 200 https://registry.npmjs.org/parse5-html-rewriting-stream 49ms (cache miss)
65 silly packumentCache full:https://registry.npmjs.org/parse5-html-rewriting-stream set size:undefined disposed:false
66 http fetch GET 200 https://registry.npmjs.org/@angular-devkit%2fschematics 115ms (cache miss)
67 silly packumentCache full:https://registry.npmjs.org/@angular-devkit%2fschematics set size:undefined disposed:false
68 http fetch GET 200 https://registry.npmjs.org/@yarnpkg%2flockfile 187ms (cache miss)
69 silly packumentCache full:https://registry.npmjs.org/@yarnpkg%2flockfile set size:undefined disposed:false
70 http fetch GET 200 https://registry.npmjs.org/@inquirer%2fprompts 194ms (cache miss)
71 silly packumentCache full:https://registry.npmjs.org/@inquirer%2fprompts set size:undefined disposed:false
72 http fetch GET 200 https://registry.npmjs.org/yargs 199ms (cache miss)
73 silly packumentCache full:https://registry.npmjs.org/yargs set size:undefined disposed:false
74 http fetch GET 200 https://registry.npmjs.org/algoliasearch 205ms (cache miss)
75 silly packumentCache full:https://registry.npmjs.org/algoliasearch set size:undefined disposed:false
76 http fetch GET 200 https://registry.npmjs.org/zod 237ms (cache miss)
77 silly packumentCache full:https://registry.npmjs.org/zod set size:undefined disposed:false
78 http fetch GET 200 https://registry.npmjs.org/@modelcontextprotocol%2fsdk 264ms (cache miss)
79 silly packumentCache full:https://registry.npmjs.org/@modelcontextprotocol%2fsdk set size:undefined disposed:false
80 http fetch GET 200 https://registry.npmjs.org/listr2 318ms (cache miss)
81 silly packumentCache full:https://registry.npmjs.org/listr2 set size:undefined disposed:false
82 http fetch GET 200 https://registry.npmjs.org/pacote 345ms (cache miss)
83 silly packumentCache full:https://registry.npmjs.org/pacote set size:undefined disposed:false
84 http fetch GET 200 https://registry.npmjs.org/semver 390ms (cache miss)
85 silly packumentCache full:https://registry.npmjs.org/semver set size:undefined disposed:false
86 http fetch GET 200 https://registry.npmjs.org/@angular-devkit%2fcore 584ms (cache miss)
87 silly packumentCache full:https://registry.npmjs.org/@angular-devkit%2fcore set size:undefined disposed:false
88 http fetch GET 200 https://registry.npmjs.org/@listr2%2fprompt-adapter-inquirer 544ms (cache miss)
89 silly packumentCache full:https://registry.npmjs.org/@listr2%2fprompt-adapter-inquirer set size:undefined disposed:false
90 http fetch GET 200 https://registry.npmjs.org/@schematics%2fangular 731ms (cache miss)
91 silly packumentCache full:https://registry.npmjs.org/@schematics%2fangular set size:undefined disposed:false
92 http fetch GET 200 https://registry.npmjs.org/@angular-devkit%2farchitect 1044ms (cache miss)
93 silly packumentCache full:https://registry.npmjs.org/@angular-devkit%2farchitect set size:undefined disposed:false
94 silly fetch manifest @types/node@>=18
95 silly packumentCache full:https://registry.npmjs.org/@types%2fnode cache-miss
96 http fetch GET 200 https://registry.npmjs.org/@types%2fnode 184ms (cache miss)
97 silly packumentCache full:https://registry.npmjs.org/@types%2fnode set size:undefined disposed:false
98 silly fetch manifest chokidar@^5.0.0
99 silly packumentCache full:https://registry.npmjs.org/chokidar cache-miss
100 http fetch GET 200 https://registry.npmjs.org/chokidar 37ms (cache miss)
101 silly packumentCache full:https://registry.npmjs.org/chokidar set size:undefined disposed:false
102 silly fetch manifest @cfworker/json-schema@^4.1.1
103 silly packumentCache full:https://registry.npmjs.org/@cfworker%2fjson-schema cache-miss
104 http fetch GET 200 https://registry.npmjs.org/@cfworker%2fjson-schema 220ms (cache miss)
105 silly packumentCache full:https://registry.npmjs.org/@cfworker%2fjson-schema set size:undefined disposed:false
106 silly placeDep ROOT @angular-devkit/architect@0.2102.7 OK for: @angular/cli@21.2.7 want: 0.2102.7
107 silly placeDep ROOT @angular-devkit/core@21.2.7 OK for: @angular/cli@21.2.7 want: 21.2.7
108 silly placeDep ROOT @angular-devkit/schematics@21.2.7 OK for: @angular/cli@21.2.7 want: 21.2.7
109 silly placeDep ROOT @inquirer/prompts@7.10.1 OK for: @angular/cli@21.2.7 want: 7.10.1
110 silly placeDep ROOT @listr2/prompt-adapter-inquirer@3.0.5 OK for: @angular/cli@21.2.7 want: 3.0.5
111 silly placeDep ROOT listr2@9.0.5 OK for: @listr2/prompt-adapter-inquirer@3.0.5 want: 9.0.5
112 silly placeDep ROOT @modelcontextprotocol/sdk@1.26.0 OK for: @angular/cli@21.2.7 want: 1.26.0
113 silly placeDep ROOT @schematics/angular@21.2.7 OK for: @angular/cli@21.2.7 want: 21.2.7
114 silly placeDep ROOT @yarnpkg/lockfile@1.1.0 OK for: @angular/cli@21.2.7 want: 1.1.0
115 silly placeDep ROOT algoliasearch@5.48.1 OK for: @angular/cli@21.2.7 want: 5.48.1
116 silly placeDep ROOT ini@6.0.0 OK for: @angular/cli@21.2.7 want: 6.0.0
117 silly placeDep ROOT jsonc-parser@3.3.1 OK for: @angular/cli@21.2.7 want: 3.3.1
118 silly placeDep ROOT npm-package-arg@13.0.2 OK for: @angular/cli@21.2.7 want: 13.0.2
119 silly placeDep ROOT pacote@21.3.1 OK for: @angular/cli@21.2.7 want: 21.3.1
120 silly placeDep ROOT parse5-html-rewriting-stream@8.0.0 OK for: @angular/cli@21.2.7 want: 8.0.0
121 silly placeDep ROOT semver@7.7.4 OK for: @angular/cli@21.2.7 want: 7.7.4
122 silly placeDep ROOT yargs@18.0.0 OK for: @angular/cli@21.2.7 want: 18.0.0
123 silly placeDep ROOT zod@4.3.6 OK for: @angular/cli@21.2.7 want: 4.3.6
124 silly fetch manifest rxjs@7.8.2
125 silly packumentCache full:https://registry.npmjs.org/rxjs cache-miss
126 silly fetch manifest ajv@8.18.0
127 silly packumentCache full:https://registry.npmjs.org/ajv cache-miss
128 silly fetch manifest rxjs@7.8.2
129 silly packumentCache full:https://registry.npmjs.org/rxjs cache-miss
130 silly fetch manifest picomatch@4.0.4
131 silly packumentCache full:https://registry.npmjs.org/picomatch cache-miss
132 silly fetch manifest source-map@0.7.6
133 silly packumentCache full:https://registry.npmjs.org/source-map cache-miss
134 silly fetch manifest ajv-formats@3.0.1
135 silly packumentCache full:https://registry.npmjs.org/ajv-formats cache-miss
136 silly fetch manifest ora@9.3.0
137 silly packumentCache full:https://registry.npmjs.org/ora cache-miss
138 silly fetch manifest rxjs@7.8.2
139 silly packumentCache full:https://registry.npmjs.org/rxjs cache-miss
140 silly fetch manifest magic-string@0.30.21
141 silly packumentCache full:https://registry.npmjs.org/magic-string cache-miss
142 silly fetch manifest @inquirer/input@^4.3.1
143 silly packumentCache full:https://registry.npmjs.org/@inquirer%2finput cache-miss
144 silly fetch manifest @inquirer/editor@^4.2.23
145 silly packumentCache full:https://registry.npmjs.org/@inquirer%2feditor cache-miss
146 silly fetch manifest @inquirer/expand@^4.0.23
147 silly packumentCache full:https://registry.npmjs.org/@inquirer%2fexpand cache-miss
148 silly fetch manifest @inquirer/number@^3.0.23
149 silly packumentCache full:https://registry.npmjs.org/@inquirer%2fnumber cache-miss
150 silly fetch manifest @inquirer/search@^3.2.2
151 silly packumentCache full:https://registry.npmjs.org/@inquirer%2fsearch cache-miss
152 silly fetch manifest @inquirer/select@^4.4.2
153 silly packumentCache full:https://registry.npmjs.org/@inquirer%2fselect cache-miss
154 http fetch GET 200 https://registry.npmjs.org/ajv-formats 53ms (cache miss)
155 silly packumentCache full:https://registry.npmjs.org/ajv-formats set size:undefined disposed:false
156 silly fetch manifest @inquirer/confirm@^5.1.21
157 silly packumentCache full:https://registry.npmjs.org/@inquirer%2fconfirm cache-miss
158 http fetch GET 200 https://registry.npmjs.org/picomatch 63ms (cache miss)
159 silly packumentCache full:https://registry.npmjs.org/picomatch set size:undefined disposed:false
160 silly fetch manifest @inquirer/rawlist@^4.1.11
161 silly packumentCache full:https://registry.npmjs.org/@inquirer%2frawlist cache-miss
162 http fetch GET 200 https://registry.npmjs.org/rxjs 77ms (cache miss)
163 silly packumentCache full:https://registry.npmjs.org/rxjs set size:undefined disposed:false
164 silly fetch manifest @inquirer/checkbox@^4.3.2
165 silly packumentCache full:https://registry.npmjs.org/@inquirer%2fcheckbox cache-miss
166 http fetch GET 200 https://registry.npmjs.org/ajv 89ms (cache miss)
167 silly packumentCache full:https://registry.npmjs.org/ajv set size:undefined disposed:false
168 silly fetch manifest @inquirer/password@^4.0.23
169 silly packumentCache full:https://registry.npmjs.org/@inquirer%2fpassword cache-miss
170 http fetch GET 200 https://registry.npmjs.org/@inquirer%2fselect 93ms (cache miss)
171 silly packumentCache full:https://registry.npmjs.org/@inquirer%2fselect set size:undefined disposed:false
172 silly fetch manifest @inquirer/type@^3.0.8
173 silly packumentCache full:https://registry.npmjs.org/@inquirer%2ftype cache-miss
174 http fetch GET 200 https://registry.npmjs.org/@inquirer%2fnumber 102ms (cache miss)
175 silly packumentCache full:https://registry.npmjs.org/@inquirer%2fnumber set size:undefined disposed:false
176 silly fetch manifest rfdc@^1.4.1
177 silly packumentCache full:https://registry.npmjs.org/rfdc cache-miss
178 http fetch GET 200 https://registry.npmjs.org/rxjs 108ms (cache miss)
179 silly packumentCache full:https://registry.npmjs.org/rxjs set size:undefined disposed:false
180 silly fetch manifest colorette@^2.0.20
181 silly packumentCache full:https://registry.npmjs.org/colorette cache-miss
182 http fetch GET 200 https://registry.npmjs.org/rxjs 116ms (cache miss)
183 silly packumentCache full:https://registry.npmjs.org/rxjs set size:undefined disposed:false
184 silly fetch manifest wrap-ansi@^9.0.0
185 silly packumentCache full:https://registry.npmjs.org/wrap-ansi cache-miss
186 http fetch GET 200 https://registry.npmjs.org/@inquirer%2frawlist 64ms (cache miss)
187 silly packumentCache full:https://registry.npmjs.org/@inquirer%2frawlist set size:undefined disposed:false
188 silly fetch manifest log-update@^6.1.0
189 silly packumentCache full:https://registry.npmjs.org/log-update cache-miss
190 http fetch GET 200 https://registry.npmjs.org/colorette 39ms (cache miss)
191 silly packumentCache full:https://registry.npmjs.org/colorette set size:undefined disposed:false
192 silly fetch manifest cli-truncate@^5.0.0
193 silly packumentCache full:https://registry.npmjs.org/cli-truncate cache-miss
194 http fetch GET 200 https://registry.npmjs.org/@inquirer%2fcheckbox 70ms (cache miss)
195 silly packumentCache full:https://registry.npmjs.org/@inquirer%2fcheckbox set size:undefined disposed:false
196 silly fetch manifest eventemitter3@^5.0.1
197 silly packumentCache full:https://registry.npmjs.org/eventemitter3 cache-miss
198 http fetch GET 200 https://registry.npmjs.org/@inquirer%2ftype 58ms (cache miss)
199 silly packumentCache full:https://registry.npmjs.org/@inquirer%2ftype set size:undefined disposed:false
200 silly fetch manifest ajv@^8.17.1
201 silly packumentCache full:https://registry.npmjs.org/ajv cache-miss
202 http fetch GET 200 https://registry.npmjs.org/rfdc 53ms (cache miss)
203 silly packumentCache full:https://registry.npmjs.org/rfdc set size:undefined disposed:false
204 silly fetch manifest zod@^3.25 || ^4.0
205 silly packumentCache full:https://registry.npmjs.org/zod cache-miss
206 http fetch GET 200 https://registry.npmjs.org/wrap-ansi 43ms (cache miss)
207 silly packumentCache full:https://registry.npmjs.org/wrap-ansi set size:undefined disposed:false
208 silly fetch manifest cors@^2.8.5
209 silly packumentCache full:https://registry.npmjs.org/cors cache-miss
210 http cache https://registry.npmjs.org/ajv 9ms (cache hit)
211 silly packumentCache full:https://registry.npmjs.org/ajv set size:1120197 disposed:false
212 silly fetch manifest hono@^4.11.4
213 silly packumentCache full:https://registry.npmjs.org/hono cache-miss
214 http cache https://registry.npmjs.org/zod 20ms (cache hit)
215 silly packumentCache full:https://registry.npmjs.org/zod set size:3489329 disposed:false
216 silly fetch manifest jose@^6.1.3
217 silly packumentCache full:https://registry.npmjs.org/jose cache-miss
218 http fetch GET 200 https://registry.npmjs.org/cli-truncate 50ms (cache miss)
219 silly packumentCache full:https://registry.npmjs.org/cli-truncate set size:undefined disposed:false
220 silly fetch manifest express@^5.2.1
221 silly packumentCache full:https://registry.npmjs.org/express cache-miss
222 http fetch GET 200 https://registry.npmjs.org/log-update 73ms (cache miss)
223 silly packumentCache full:https://registry.npmjs.org/log-update set size:undefined disposed:false
224 silly fetch manifest raw-body@^3.0.0
225 silly packumentCache full:https://registry.npmjs.org/raw-body cache-miss
226 http fetch GET 200 https://registry.npmjs.org/eventemitter3 50ms (cache miss)
227 silly packumentCache full:https://registry.npmjs.org/eventemitter3 set size:undefined disposed:false
228 silly fetch manifest ajv-formats@^3.0.1
229 silly packumentCache full:https://registry.npmjs.org/ajv-formats cache-miss
230 http cache https://registry.npmjs.org/ajv-formats 3ms (cache hit)
231 silly packumentCache full:https://registry.npmjs.org/ajv-formats set size:141264 disposed:false
232 silly fetch manifest cross-spawn@^7.0.5
233 silly packumentCache full:https://registry.npmjs.org/cross-spawn cache-miss
234 http fetch GET 200 https://registry.npmjs.org/cors 61ms (cache miss)
235 silly packumentCache full:https://registry.npmjs.org/cors set size:undefined disposed:false
236 silly fetch manifest eventsource@^3.0.2
237 silly packumentCache full:https://registry.npmjs.org/eventsource cache-miss
238 http fetch GET 200 https://registry.npmjs.org/@inquirer%2fsearch 227ms (cache miss)
239 silly packumentCache full:https://registry.npmjs.org/@inquirer%2fsearch set size:undefined disposed:false
240 silly fetch manifest content-type@^1.0.5
241 silly packumentCache full:https://registry.npmjs.org/content-type cache-miss
242 http fetch GET 200 https://registry.npmjs.org/ora 241ms (cache miss)
243 silly packumentCache full:https://registry.npmjs.org/ora set size:undefined disposed:false
244 silly fetch manifest pkce-challenge@^5.0.0
245 silly packumentCache full:https://registry.npmjs.org/pkce-challenge cache-miss
246 http fetch GET 200 https://registry.npmjs.org/source-map 245ms (cache miss)
247 silly packumentCache full:https://registry.npmjs.org/source-map set size:undefined disposed:false
248 silly fetch manifest @hono/node-server@^1.19.9
249 silly packumentCache full:https://registry.npmjs.org/@hono%2fnode-server cache-miss
250 http fetch GET 200 https://registry.npmjs.org/magic-string 249ms (cache miss)
251 silly packumentCache full:https://registry.npmjs.org/magic-string set size:undefined disposed:false
252 silly fetch manifest json-schema-typed@^8.0.2
253 silly packumentCache full:https://registry.npmjs.org/json-schema-typed cache-miss
254 http fetch GET 200 https://registry.npmjs.org/raw-body 53ms (cache miss)
255 silly packumentCache full:https://registry.npmjs.org/raw-body set size:undefined disposed:false
256 silly fetch manifest eventsource-parser@^3.0.0
257 silly packumentCache full:https://registry.npmjs.org/eventsource-parser cache-miss
258 http fetch GET 200 https://registry.npmjs.org/cross-spawn 51ms (cache miss)
259 silly packumentCache full:https://registry.npmjs.org/cross-spawn set size:undefined disposed:false
260 silly fetch manifest express-rate-limit@^8.2.1
261 silly packumentCache full:https://registry.npmjs.org/express-rate-limit cache-miss
262 http fetch GET 200 https://registry.npmjs.org/eventsource 42ms (cache miss)
263 silly packumentCache full:https://registry.npmjs.org/eventsource set size:undefined disposed:false
264 silly fetch manifest zod-to-json-schema@^3.25.1
265 silly packumentCache full:https://registry.npmjs.org/zod-to-json-schema cache-miss
266 http fetch GET 200 https://registry.npmjs.org/content-type 41ms (cache miss)
267 silly packumentCache full:https://registry.npmjs.org/content-type set size:undefined disposed:false
268 silly fetch manifest @algolia/abtesting@1.14.1
269 silly packumentCache full:https://registry.npmjs.org/@algolia%2fabtesting cache-miss
270 http fetch GET 200 https://registry.npmjs.org/express 72ms (cache miss)
271 silly packumentCache full:https://registry.npmjs.org/express set size:undefined disposed:false
272 silly fetch manifest @algolia/ingestion@1.48.1
273 silly packumentCache full:https://registry.npmjs.org/@algolia%2fingestion cache-miss
274 http fetch GET 200 https://registry.npmjs.org/json-schema-typed 36ms (cache miss)
275 silly packumentCache full:https://registry.npmjs.org/json-schema-typed set size:undefined disposed:false
276 silly fetch manifest @algolia/recommend@5.48.1
277 silly packumentCache full:https://registry.npmjs.org/@algolia%2frecommend cache-miss
278 http fetch GET 200 https://registry.npmjs.org/hono 122ms (cache miss)
279 silly packumentCache full:https://registry.npmjs.org/hono set size:undefined disposed:false
280 silly fetch manifest @algolia/monitoring@1.48.1
281 silly packumentCache full:https://registry.npmjs.org/@algolia%2fmonitoring cache-miss
282 http fetch GET 200 https://registry.npmjs.org/zod-to-json-schema 64ms (cache miss)
283 silly packumentCache full:https://registry.npmjs.org/zod-to-json-schema set size:undefined disposed:false
284 silly fetch manifest @algolia/client-common@5.48.1
285 silly packumentCache full:https://registry.npmjs.org/@algolia%2fclient-common cache-miss
286 http fetch GET 200 https://registry.npmjs.org/@hono%2fnode-server 91ms (cache miss)
287 silly packumentCache full:https://registry.npmjs.org/@hono%2fnode-server set size:undefined disposed:false
288 silly fetch manifest @algolia/client-search@5.48.1
289 silly packumentCache full:https://registry.npmjs.org/@algolia%2fclient-search cache-miss
290 http fetch GET 200 https://registry.npmjs.org/@algolia%2fabtesting 76ms (cache miss)
291 silly packumentCache full:https://registry.npmjs.org/@algolia%2fabtesting set size:undefined disposed:false
292 silly fetch manifest @algolia/client-insights@5.48.1
293 silly packumentCache full:https://registry.npmjs.org/@algolia%2fclient-insights cache-miss
294 http fetch GET 200 https://registry.npmjs.org/@inquirer%2fpassword 257ms (cache miss)
295 silly packumentCache full:https://registry.npmjs.org/@inquirer%2fpassword set size:undefined disposed:false
296 silly fetch manifest @algolia/requester-fetch@5.48.1
297 silly packumentCache full:https://registry.npmjs.org/@algolia%2frequester-fetch cache-miss
298 http fetch GET 200 https://registry.npmjs.org/@algolia%2fingestion 75ms (cache miss)
299 silly packumentCache full:https://registry.npmjs.org/@algolia%2fingestion set size:undefined disposed:false
300 silly fetch manifest @algolia/client-abtesting@5.48.1
301 silly packumentCache full:https://registry.npmjs.org/@algolia%2fclient-abtesting cache-miss
302 http fetch GET 200 https://registry.npmjs.org/@inquirer%2finput 375ms (cache miss)
303 silly packumentCache full:https://registry.npmjs.org/@inquirer%2finput set size:undefined disposed:false
304 silly fetch manifest @algolia/client-analytics@5.48.1
305 silly packumentCache full:https://registry.npmjs.org/@algolia%2fclient-analytics cache-miss
306 http fetch GET 200 https://registry.npmjs.org/@inquirer%2feditor 419ms (cache miss)
307 silly packumentCache full:https://registry.npmjs.org/@inquirer%2feditor set size:undefined disposed:false
308 silly fetch manifest @algolia/requester-node-http@5.48.1
309 silly packumentCache full:https://registry.npmjs.org/@algolia%2frequester-node-http cache-miss
310 http fetch GET 200 https://registry.npmjs.org/jose 259ms (cache miss)
311 silly packumentCache full:https://registry.npmjs.org/jose set size:undefined disposed:false
312 silly fetch manifest @algolia/requester-browser-xhr@5.48.1
313 silly packumentCache full:https://registry.npmjs.org/@algolia%2frequester-browser-xhr cache-miss
314 http fetch GET 200 https://registry.npmjs.org/eventsource-parser 208ms (cache miss)
315 silly packumentCache full:https://registry.npmjs.org/eventsource-parser set size:undefined disposed:false
316 silly fetch manifest @algolia/client-personalization@5.48.1
317 silly packumentCache full:https://registry.npmjs.org/@algolia%2fclient-personalization cache-miss
318 http fetch GET 200 https://registry.npmjs.org/pkce-challenge 246ms (cache miss)
319 silly packumentCache full:https://registry.npmjs.org/pkce-challenge set size:undefined disposed:false
320 silly fetch manifest @algolia/client-query-suggestions@5.48.1
321 silly packumentCache full:https://registry.npmjs.org/@algolia%2fclient-query-suggestions cache-miss
322 http fetch GET 200 https://registry.npmjs.org/@algolia%2fclient-insights 230ms (cache miss)
323 silly packumentCache full:https://registry.npmjs.org/@algolia%2fclient-insights set size:undefined disposed:false
324 silly fetch manifest semver@^7.3.5
325 silly packumentCache full:https://registry.npmjs.org/semver cache-miss
326 http fetch GET 200 https://registry.npmjs.org/@algolia%2fclient-abtesting 228ms (cache miss)
327 silly packumentCache full:https://registry.npmjs.org/@algolia%2fclient-abtesting set size:undefined disposed:false
328 silly fetch manifest proc-log@^6.0.0
329 silly packumentCache full:https://registry.npmjs.org/proc-log cache-miss
330 http cache https://registry.npmjs.org/semver 14ms (cache hit)
331 silly packumentCache full:https://registry.npmjs.org/semver set size:229620 disposed:false
332 silly fetch manifest hosted-git-info@^9.0.0
333 silly packumentCache full:https://registry.npmjs.org/hosted-git-info cache-miss
334 http fetch GET 200 https://registry.npmjs.org/@algolia%2frequester-fetch 254ms (cache miss)
335 silly packumentCache full:https://registry.npmjs.org/@algolia%2frequester-fetch set size:undefined disposed:false
336 silly fetch manifest validate-npm-package-name@^7.0.0
337 silly packumentCache full:https://registry.npmjs.org/validate-npm-package-name cache-miss
338 http fetch GET 200 https://registry.npmjs.org/proc-log 39ms (cache miss)
339 silly packumentCache full:https://registry.npmjs.org/proc-log set size:undefined disposed:false
340 silly fetch manifest tar@^7.4.3
341 silly packumentCache full:https://registry.npmjs.org/tar cache-miss
342 http fetch GET 200 https://registry.npmjs.org/@algolia%2frecommend 361ms (cache miss)
343 silly packumentCache full:https://registry.npmjs.org/@algolia%2frecommend set size:undefined disposed:false
344 silly fetch manifest ssri@^13.0.0
345 silly packumentCache full:https://registry.npmjs.org/ssri cache-miss
346 http fetch GET 200 https://registry.npmjs.org/hosted-git-info 57ms (cache miss)
347 silly packumentCache full:https://registry.npmjs.org/hosted-git-info set size:undefined disposed:false
348 silly fetch manifest cacache@^20.0.0
349 silly packumentCache full:https://registry.npmjs.org/cacache cache-miss
350 http fetch GET 200 https://registry.npmjs.org/validate-npm-package-name 45ms (cache miss)
351 silly packumentCache full:https://registry.npmjs.org/validate-npm-package-name set size:undefined disposed:false
352 silly fetch manifest minipass@^7.0.2
353 silly packumentCache full:https://registry.npmjs.org/minipass cache-miss
354 http fetch GET 200 https://registry.npmjs.org/tar 47ms (cache miss)
355 silly packumentCache full:https://registry.npmjs.org/tar set size:undefined disposed:false
356 silly fetch manifest sigstore@^4.0.0
357 silly packumentCache full:https://registry.npmjs.org/sigstore cache-miss
358 http fetch GET 200 https://registry.npmjs.org/ssri 36ms (cache miss)
359 silly packumentCache full:https://registry.npmjs.org/ssri set size:undefined disposed:false
360 silly fetch manifest @npmcli/git@^7.0.0
361 silly packumentCache full:https://registry.npmjs.org/@npmcli%2fgit cache-miss
362 http fetch GET 200 https://registry.npmjs.org/cacache 50ms (cache miss)
363 silly packumentCache full:https://registry.npmjs.org/cacache set size:undefined disposed:false
364 silly fetch manifest fs-minipass@^3.0.0
365 silly packumentCache full:https://registry.npmjs.org/fs-minipass cache-miss
366 http fetch GET 200 https://registry.npmjs.org/minipass 55ms (cache miss)
367 silly packumentCache full:https://registry.npmjs.org/minipass set size:undefined disposed:false
368 silly fetch manifest npm-packlist@^10.0.1
369 silly packumentCache full:https://registry.npmjs.org/npm-packlist cache-miss
370 http fetch GET 200 https://registry.npmjs.org/sigstore 47ms (cache miss)
371 silly packumentCache full:https://registry.npmjs.org/sigstore set size:undefined disposed:false
372 silly fetch manifest promise-retry@^2.0.1
373 silly packumentCache full:https://registry.npmjs.org/promise-retry cache-miss
374 http fetch GET 200 https://registry.npmjs.org/@npmcli%2fgit 47ms (cache miss)
375 silly packumentCache full:https://registry.npmjs.org/@npmcli%2fgit set size:undefined disposed:false
376 silly fetch manifest npm-pick-manifest@^11.0.1
377 silly packumentCache full:https://registry.npmjs.org/npm-pick-manifest cache-miss
378 http fetch GET 200 https://registry.npmjs.org/fs-minipass 36ms (cache miss)
379 silly packumentCache full:https://registry.npmjs.org/fs-minipass set size:undefined disposed:false
380 silly fetch manifest @npmcli/run-script@^10.0.0
381 silly packumentCache full:https://registry.npmjs.org/@npmcli%2frun-script cache-miss
382 http fetch GET 200 https://registry.npmjs.org/@algolia%2fclient-common 425ms (cache miss)
383 silly packumentCache full:https://registry.npmjs.org/@algolia%2fclient-common set size:undefined disposed:false
384 silly fetch manifest npm-registry-fetch@^19.0.0
385 silly packumentCache full:https://registry.npmjs.org/npm-registry-fetch cache-miss
386 http fetch GET 200 https://registry.npmjs.org/npm-packlist 52ms (cache miss)
387 silly packumentCache full:https://registry.npmjs.org/npm-packlist set size:undefined disposed:false
388 silly fetch manifest @npmcli/package-json@^7.0.0
389 silly packumentCache full:https://registry.npmjs.org/@npmcli%2fpackage-json cache-miss
390 http fetch GET 200 https://registry.npmjs.org/promise-retry 42ms (cache miss)
391 silly packumentCache full:https://registry.npmjs.org/promise-retry set size:undefined disposed:false
392 silly fetch manifest @npmcli/promise-spawn@^9.0.0
393 silly packumentCache full:https://registry.npmjs.org/@npmcli%2fpromise-spawn cache-miss
394 http fetch GET 200 https://registry.npmjs.org/npm-pick-manifest 45ms (cache miss)
395 silly packumentCache full:https://registry.npmjs.org/npm-pick-manifest set size:undefined disposed:false
396 silly fetch manifest @npmcli/installed-package-contents@^4.0.0
397 silly packumentCache full:https://registry.npmjs.org/@npmcli%2finstalled-package-contents cache-miss
398 http fetch GET 200 https://registry.npmjs.org/@npmcli%2frun-script 54ms (cache miss)
399 silly packumentCache full:https://registry.npmjs.org/@npmcli%2frun-script set size:undefined disposed:false
400 silly fetch manifest parse5@^8.0.0
401 silly packumentCache full:https://registry.npmjs.org/parse5 cache-miss
402 http fetch GET 200 https://registry.npmjs.org/express-rate-limit 543ms (cache miss)
403 silly packumentCache full:https://registry.npmjs.org/express-rate-limit set size:undefined disposed:false
404 silly fetch manifest entities@^6.0.0
405 silly packumentCache full:https://registry.npmjs.org/entities cache-miss
406 http fetch GET 200 https://registry.npmjs.org/parse5 36ms (cache miss)
407 silly packumentCache full:https://registry.npmjs.org/parse5 set size:undefined disposed:false
408 silly fetch manifest parse5-sax-parser@^8.0.0
409 silly packumentCache full:https://registry.npmjs.org/parse5-sax-parser cache-miss
410 http fetch GET 200 https://registry.npmjs.org/@npmcli%2fpackage-json 70ms (cache miss)
411 silly packumentCache full:https://registry.npmjs.org/@npmcli%2fpackage-json set size:undefined disposed:false
412 silly fetch manifest cliui@^9.0.1
413 silly packumentCache full:https://registry.npmjs.org/cliui cache-miss
414 http fetch GET 200 https://registry.npmjs.org/@algolia%2fclient-personalization 383ms (cache miss)
415 silly packumentCache full:https://registry.npmjs.org/@algolia%2fclient-personalization set size:undefined disposed:false
416 silly fetch manifest escalade@^3.1.1
417 silly packumentCache full:https://registry.npmjs.org/escalade cache-miss
418 http fetch GET 200 https://registry.npmjs.org/entities 51ms (cache miss)
419 silly packumentCache full:https://registry.npmjs.org/entities set size:undefined disposed:false
420 silly fetch manifest get-caller-file@^2.0.5
421 silly packumentCache full:https://registry.npmjs.org/get-caller-file cache-miss
422 http fetch GET 200 https://registry.npmjs.org/parse5-sax-parser 36ms (cache miss)
423 silly packumentCache full:https://registry.npmjs.org/parse5-sax-parser set size:undefined disposed:false
424 silly fetch manifest string-width@^7.2.0
425 silly packumentCache full:https://registry.npmjs.org/string-width cache-miss
426 http fetch GET 200 https://registry.npmjs.org/@algolia%2fmonitoring 564ms (cache miss)
427 silly packumentCache full:https://registry.npmjs.org/@algolia%2fmonitoring set size:undefined disposed:false
428 silly fetch manifest y18n@^5.0.5
429 silly packumentCache full:https://registry.npmjs.org/y18n cache-miss
430 http fetch GET 200 https://registry.npmjs.org/cliui 51ms (cache miss)
431 silly packumentCache full:https://registry.npmjs.org/cliui set size:undefined disposed:false
432 silly fetch manifest yargs-parser@^22.0.0
433 silly packumentCache full:https://registry.npmjs.org/yargs-parser cache-miss
434 http fetch GET 200 https://registry.npmjs.org/escalade 40ms (cache miss)
435 silly packumentCache full:https://registry.npmjs.org/escalade set size:undefined disposed:false
436 http fetch GET 200 https://registry.npmjs.org/get-caller-file 36ms (cache miss)
437 silly packumentCache full:https://registry.npmjs.org/get-caller-file set size:undefined disposed:false
438 http fetch GET 200 https://registry.npmjs.org/@algolia%2frequester-browser-xhr 441ms (cache miss)
439 silly packumentCache full:https://registry.npmjs.org/@algolia%2frequester-browser-xhr set size:undefined disposed:false
440 http fetch GET 200 https://registry.npmjs.org/@algolia%2fclient-search 574ms (cache miss)
441 silly packumentCache full:https://registry.npmjs.org/@algolia%2fclient-search set size:undefined disposed:false
442 http fetch GET 200 https://registry.npmjs.org/@inquirer%2fexpand 919ms (cache miss)
443 silly packumentCache full:https://registry.npmjs.org/@inquirer%2fexpand set size:undefined disposed:false
444 http fetch GET 200 https://registry.npmjs.org/string-width 44ms (cache miss)
445 silly packumentCache full:https://registry.npmjs.org/string-width set size:undefined disposed:false
446 http fetch GET 200 https://registry.npmjs.org/y18n 41ms (cache miss)
447 silly packumentCache full:https://registry.npmjs.org/y18n set size:undefined disposed:false
448 http fetch GET 200 https://registry.npmjs.org/yargs-parser 77ms (cache miss)
449 silly packumentCache full:https://registry.npmjs.org/yargs-parser set size:undefined disposed:false
450 http fetch GET 200 https://registry.npmjs.org/@inquirer%2fconfirm 939ms (cache miss)
451 silly packumentCache full:https://registry.npmjs.org/@inquirer%2fconfirm set size:undefined disposed:false
452 http fetch GET 200 https://registry.npmjs.org/@npmcli%2finstalled-package-contents 217ms (cache miss)
453 silly packumentCache full:https://registry.npmjs.org/@npmcli%2finstalled-package-contents set size:undefined disposed:false
454 http fetch GET 200 https://registry.npmjs.org/@npmcli%2fpromise-spawn 228ms (cache miss)
455 silly packumentCache full:https://registry.npmjs.org/@npmcli%2fpromise-spawn set size:undefined disposed:false
456 http fetch GET 200 https://registry.npmjs.org/@algolia%2fclient-query-suggestions 612ms (cache miss)
457 silly packumentCache full:https://registry.npmjs.org/@algolia%2fclient-query-suggestions set size:undefined disposed:false
458 http fetch GET 200 https://registry.npmjs.org/@algolia%2fclient-analytics 958ms (cache miss)
459 silly packumentCache full:https://registry.npmjs.org/@algolia%2fclient-analytics set size:undefined disposed:false
460 http fetch GET 200 https://registry.npmjs.org/@algolia%2frequester-node-http 948ms (cache miss)
461 silly packumentCache full:https://registry.npmjs.org/@algolia%2frequester-node-http set size:undefined disposed:false
462 http fetch GET 200 https://registry.npmjs.org/npm-registry-fetch 613ms (cache miss)
463 silly packumentCache full:https://registry.npmjs.org/npm-registry-fetch set size:undefined disposed:false
464 silly placeDep ROOT rxjs@7.8.2 OK for: @angular-devkit/architect@0.2102.7 want: 7.8.2
465 silly fetch manifest tslib@^2.1.0
466 silly packumentCache full:https://registry.npmjs.org/tslib cache-miss
467 http fetch GET 200 https://registry.npmjs.org/tslib 56ms (cache miss)
468 silly packumentCache full:https://registry.npmjs.org/tslib set size:undefined disposed:false
469 silly placeDep ROOT ajv@8.18.0 OK for: @angular-devkit/core@21.2.7 want: 8.18.0
470 silly placeDep ROOT ajv-formats@3.0.1 OK for: @angular-devkit/core@21.2.7 want: 3.0.1
471 silly placeDep ROOT picomatch@4.0.4 OK for: @angular-devkit/core@21.2.7 want: 4.0.4
472 silly placeDep ROOT source-map@0.7.6 OK for: @angular-devkit/core@21.2.7 want: 0.7.6
473 silly fetch manifest fast-uri@^3.0.1
474 silly packumentCache full:https://registry.npmjs.org/fast-uri cache-miss
475 silly fetch manifest fast-deep-equal@^3.1.3
476 silly packumentCache full:https://registry.npmjs.org/fast-deep-equal cache-miss
477 silly fetch manifest require-from-string@^2.0.2
478 silly packumentCache full:https://registry.npmjs.org/require-from-string cache-miss
479 silly fetch manifest json-schema-traverse@^1.0.0
480 silly packumentCache full:https://registry.npmjs.org/json-schema-traverse cache-miss
481 http fetch GET 200 https://registry.npmjs.org/fast-uri 37ms (cache miss)
482 silly packumentCache full:https://registry.npmjs.org/fast-uri set size:undefined disposed:false
483 http fetch GET 200 https://registry.npmjs.org/fast-deep-equal 38ms (cache miss)
484 silly packumentCache full:https://registry.npmjs.org/fast-deep-equal set size:undefined disposed:false
485 http fetch GET 200 https://registry.npmjs.org/json-schema-traverse 39ms (cache miss)
486 silly packumentCache full:https://registry.npmjs.org/json-schema-traverse set size:undefined disposed:false
487 http fetch GET 200 https://registry.npmjs.org/require-from-string 44ms (cache miss)
488 silly packumentCache full:https://registry.npmjs.org/require-from-string set size:undefined disposed:false
489 silly placeDep ROOT magic-string@0.30.21 OK for: @angular-devkit/schematics@21.2.7 want: 0.30.21
490 silly placeDep ROOT ora@9.3.0 OK for: @angular-devkit/schematics@21.2.7 want: 9.3.0
491 silly fetch manifest @jridgewell/sourcemap-codec@^1.5.5
492 silly packumentCache full:https://registry.npmjs.org/@jridgewell%2fsourcemap-codec cache-miss
493 silly fetch manifest chalk@^5.6.2
494 silly packumentCache full:https://registry.npmjs.org/chalk cache-miss
495 silly fetch manifest cli-cursor@^5.0.0
496 silly packumentCache full:https://registry.npmjs.org/cli-cursor cache-miss
497 silly fetch manifest cli-spinners@^3.2.0
498 silly packumentCache full:https://registry.npmjs.org/cli-spinners cache-miss
499 silly fetch manifest is-interactive@^2.0.0
500 silly packumentCache full:https://registry.npmjs.org/is-interactive cache-miss
501 silly fetch manifest is-unicode-supported@^2.1.0
502 silly packumentCache full:https://registry.npmjs.org/is-unicode-supported cache-miss
503 silly fetch manifest log-symbols@^7.0.1
504 silly packumentCache full:https://registry.npmjs.org/log-symbols cache-miss
505 silly fetch manifest stdin-discarder@^0.3.1
506 silly packumentCache full:https://registry.npmjs.org/stdin-discarder cache-miss
507 silly fetch manifest string-width@^8.1.0
508 silly packumentCache full:https://registry.npmjs.org/string-width cache-miss
509 http cache https://registry.npmjs.org/string-width 5ms (cache hit)
510 silly packumentCache full:https://registry.npmjs.org/string-width set size:68305 disposed:false
511 http fetch GET 200 https://registry.npmjs.org/is-interactive 38ms (cache miss)
512 silly packumentCache full:https://registry.npmjs.org/is-interactive set size:undefined disposed:false
513 http fetch GET 200 https://registry.npmjs.org/is-unicode-supported 40ms (cache miss)
514 silly packumentCache full:https://registry.npmjs.org/is-unicode-supported set size:undefined disposed:false
515 http fetch GET 200 https://registry.npmjs.org/cli-spinners 42ms (cache miss)
516 silly packumentCache full:https://registry.npmjs.org/cli-spinners set size:undefined disposed:false
517 http fetch GET 200 https://registry.npmjs.org/chalk 44ms (cache miss)
518 silly packumentCache full:https://registry.npmjs.org/chalk set size:undefined disposed:false
519 http fetch GET 200 https://registry.npmjs.org/@jridgewell%2fsourcemap-codec 48ms (cache miss)
520 silly packumentCache full:https://registry.npmjs.org/@jridgewell%2fsourcemap-codec set size:undefined disposed:false
521 http fetch GET 200 https://registry.npmjs.org/stdin-discarder 216ms (cache miss)
522 silly packumentCache full:https://registry.npmjs.org/stdin-discarder set size:undefined disposed:false
523 http fetch GET 200 https://registry.npmjs.org/cli-cursor 218ms (cache miss)
524 silly packumentCache full:https://registry.npmjs.org/cli-cursor set size:undefined disposed:false
525 http fetch GET 200 https://registry.npmjs.org/log-symbols 567ms (cache miss)
526 silly packumentCache full:https://registry.npmjs.org/log-symbols set size:undefined disposed:false
527 silly placeDep ROOT @inquirer/checkbox@4.3.2 OK for: @inquirer/prompts@7.10.1 want: ^4.3.2
528 silly placeDep ROOT @inquirer/confirm@5.1.21 OK for: @inquirer/prompts@7.10.1 want: ^5.1.21
529 silly placeDep ROOT @inquirer/editor@4.2.23 OK for: @inquirer/prompts@7.10.1 want: ^4.2.23
530 silly placeDep ROOT @inquirer/expand@4.0.23 OK for: @inquirer/prompts@7.10.1 want: ^4.0.23
531 silly placeDep ROOT @inquirer/input@4.3.1 OK for: @inquirer/prompts@7.10.1 want: ^4.3.1
532 silly placeDep ROOT @inquirer/number@3.0.23 OK for: @inquirer/prompts@7.10.1 want: ^3.0.23
533 silly placeDep ROOT @inquirer/password@4.0.23 OK for: @inquirer/prompts@7.10.1 want: ^4.0.23
534 silly placeDep ROOT @inquirer/rawlist@4.1.11 OK for: @inquirer/prompts@7.10.1 want: ^4.1.11
535 silly placeDep ROOT @inquirer/search@3.2.2 OK for: @inquirer/prompts@7.10.1 want: ^3.2.2
536 silly placeDep ROOT @inquirer/select@4.4.2 OK for: @inquirer/prompts@7.10.1 want: ^4.4.2
537 silly fetch manifest @inquirer/ansi@^1.0.2
538 silly packumentCache full:https://registry.npmjs.org/@inquirer%2fansi cache-miss
539 silly fetch manifest @inquirer/core@^10.3.2
540 silly packumentCache full:https://registry.npmjs.org/@inquirer%2fcore cache-miss
541 silly fetch manifest @inquirer/type@^3.0.10
542 silly packumentCache full:https://registry.npmjs.org/@inquirer%2ftype cache-miss
543 silly fetch manifest yoctocolors-cjs@^2.1.3
544 silly packumentCache full:https://registry.npmjs.org/yoctocolors-cjs cache-miss
545 silly fetch manifest @inquirer/figures@^1.0.15
546 silly packumentCache full:https://registry.npmjs.org/@inquirer%2ffigures cache-miss
547 silly fetch manifest @inquirer/core@^10.3.2
548 silly packumentCache full:https://registry.npmjs.org/@inquirer%2fcore cache-miss
549 silly fetch manifest @inquirer/type@^3.0.10
550 silly packumentCache full:https://registry.npmjs.org/@inquirer%2ftype cache-miss
551 silly fetch manifest @inquirer/core@^10.3.2
552 silly packumentCache full:https://registry.npmjs.org/@inquirer%2fcore cache-miss
553 silly fetch manifest @inquirer/type@^3.0.10
554 silly packumentCache full:https://registry.npmjs.org/@inquirer%2ftype cache-miss
555 silly fetch manifest @inquirer/external-editor@^1.0.3
556 silly packumentCache full:https://registry.npmjs.org/@inquirer%2fexternal-editor cache-miss
557 silly fetch manifest @inquirer/core@^10.3.2
558 silly packumentCache full:https://registry.npmjs.org/@inquirer%2fcore cache-miss
559 silly fetch manifest @inquirer/type@^3.0.10
560 silly packumentCache full:https://registry.npmjs.org/@inquirer%2ftype cache-miss
561 silly fetch manifest yoctocolors-cjs@^2.1.3
562 silly packumentCache full:https://registry.npmjs.org/yoctocolors-cjs cache-miss
563 silly fetch manifest @inquirer/core@^10.3.2
564 silly packumentCache full:https://registry.npmjs.org/@inquirer%2fcore cache-miss
565 silly fetch manifest @inquirer/type@^3.0.10
566 silly packumentCache full:https://registry.npmjs.org/@inquirer%2ftype cache-miss
567 http cache https://registry.npmjs.org/@inquirer%2ftype 38ms (cache hit)
568 silly packumentCache full:https://registry.npmjs.org/@inquirer%2ftype set size:115206 disposed:false
569 silly fetch manifest @inquirer/core@^10.3.2
570 silly packumentCache full:https://registry.npmjs.org/@inquirer%2fcore cache-miss
571 http cache https://registry.npmjs.org/@inquirer%2ftype 54ms (cache hit)
572 silly packumentCache full:https://registry.npmjs.org/@inquirer%2ftype set size:115206 disposed:false
573 silly packumentCache full:https://registry.npmjs.org/@inquirer%2ftype dispose
574 silly fetch manifest @inquirer/ansi@^1.0.2
575 silly packumentCache full:https://registry.npmjs.org/@inquirer%2fansi cache-miss
576 http cache https://registry.npmjs.org/@inquirer%2ftype 55ms (cache hit)
577 silly packumentCache full:https://registry.npmjs.org/@inquirer%2ftype set size:115206 disposed:true
578 silly packumentCache full:https://registry.npmjs.org/@inquirer%2ftype dispose
579 silly fetch manifest @inquirer/core@^10.3.2
580 silly packumentCache full:https://registry.npmjs.org/@inquirer%2fcore cache-miss
581 http cache https://registry.npmjs.org/@inquirer%2ftype 64ms (cache hit)
582 silly packumentCache full:https://registry.npmjs.org/@inquirer%2ftype set size:115206 disposed:true
583 silly packumentCache full:https://registry.npmjs.org/@inquirer%2ftype dispose
584 silly fetch manifest @inquirer/core@^10.3.2
585 silly packumentCache full:https://registry.npmjs.org/@inquirer%2fcore cache-miss
586 http cache https://registry.npmjs.org/@inquirer%2ftype 67ms (cache hit)
587 silly packumentCache full:https://registry.npmjs.org/@inquirer%2ftype set size:115206 disposed:true
588 silly packumentCache full:https://registry.npmjs.org/@inquirer%2ftype dispose
589 silly fetch manifest yoctocolors-cjs@^2.1.3
590 silly packumentCache full:https://registry.npmjs.org/yoctocolors-cjs cache-miss
591 http fetch GET 200 https://registry.npmjs.org/yoctocolors-cjs 71ms (cache miss)
592 silly packumentCache full:https://registry.npmjs.org/yoctocolors-cjs set size:undefined disposed:false
593 silly fetch manifest @inquirer/core@^10.3.2
594 silly packumentCache full:https://registry.npmjs.org/@inquirer%2fcore cache-miss
595 http fetch GET 200 https://registry.npmjs.org/yoctocolors-cjs 75ms (cache miss)
596 silly packumentCache full:https://registry.npmjs.org/yoctocolors-cjs set size:undefined disposed:false
597 silly fetch manifest @inquirer/figures@^1.0.15
598 silly packumentCache full:https://registry.npmjs.org/@inquirer%2ffigures cache-miss
599 http fetch GET 200 https://registry.npmjs.org/@inquirer%2ffigures 75ms (cache miss)
600 silly packumentCache full:https://registry.npmjs.org/@inquirer%2ffigures set size:undefined disposed:false
601 silly fetch manifest @inquirer/ansi@^1.0.2
602 silly packumentCache full:https://registry.npmjs.org/@inquirer%2fansi cache-miss
603 http fetch GET 200 https://registry.npmjs.org/@inquirer%2fexternal-editor 78ms (cache miss)
604 silly packumentCache full:https://registry.npmjs.org/@inquirer%2fexternal-editor set size:undefined disposed:false
605 silly fetch manifest @inquirer/core@^10.3.2
606 silly packumentCache full:https://registry.npmjs.org/@inquirer%2fcore cache-miss
607 http cache https://registry.npmjs.org/@inquirer%2ffigures 6ms (cache hit)
608 silly packumentCache full:https://registry.npmjs.org/@inquirer%2ffigures set size:52687 disposed:false
609 http fetch GET 200 https://registry.npmjs.org/@inquirer%2fcore 82ms (cache miss)
610 silly packumentCache full:https://registry.npmjs.org/@inquirer%2fcore set size:undefined disposed:false
611 http fetch GET 200 https://registry.npmjs.org/@inquirer%2fcore 83ms (cache miss)
612 silly packumentCache full:https://registry.npmjs.org/@inquirer%2fcore set size:undefined disposed:false
613 http fetch GET 200 https://registry.npmjs.org/yoctocolors-cjs 34ms (cache miss)
614 silly packumentCache full:https://registry.npmjs.org/yoctocolors-cjs set size:undefined disposed:false
615 http fetch GET 200 https://registry.npmjs.org/@inquirer%2fcore 54ms (cache miss)
616 silly packumentCache full:https://registry.npmjs.org/@inquirer%2fcore set size:undefined disposed:false
617 http fetch GET 200 https://registry.npmjs.org/@inquirer%2fcore 56ms (cache miss)
618 silly packumentCache full:https://registry.npmjs.org/@inquirer%2fcore set size:undefined disposed:false
619 http fetch GET 200 https://registry.npmjs.org/@inquirer%2fansi 379ms (cache miss)
620 silly packumentCache full:https://registry.npmjs.org/@inquirer%2fansi set size:undefined disposed:false
621 http fetch GET 200 https://registry.npmjs.org/@inquirer%2fansi 553ms (cache miss)
622 silly packumentCache full:https://registry.npmjs.org/@inquirer%2fansi set size:undefined disposed:false
623 http fetch GET 200 https://registry.npmjs.org/@inquirer%2fcore 610ms (cache miss)
624 silly packumentCache full:https://registry.npmjs.org/@inquirer%2fcore set size:undefined disposed:false
625 http fetch GET 200 https://registry.npmjs.org/@inquirer%2fcore 548ms (cache miss)
626 silly packumentCache full:https://registry.npmjs.org/@inquirer%2fcore set size:undefined disposed:false
627 http fetch GET 200 https://registry.npmjs.org/@inquirer%2fcore 618ms (cache miss)
628 silly packumentCache full:https://registry.npmjs.org/@inquirer%2fcore set size:undefined disposed:false
629 http fetch GET 200 https://registry.npmjs.org/@inquirer%2fcore 632ms (cache miss)
630 silly packumentCache full:https://registry.npmjs.org/@inquirer%2fcore set size:undefined disposed:false
631 http fetch GET 200 https://registry.npmjs.org/@inquirer%2fansi 573ms (cache miss)
632 silly packumentCache full:https://registry.npmjs.org/@inquirer%2fansi set size:undefined disposed:false
633 http fetch GET 200 https://registry.npmjs.org/@inquirer%2fcore 915ms (cache miss)
634 silly packumentCache full:https://registry.npmjs.org/@inquirer%2fcore set size:undefined disposed:false
635 http fetch GET 200 https://registry.npmjs.org/@inquirer%2fcore 938ms (cache miss)
636 silly packumentCache full:https://registry.npmjs.org/@inquirer%2fcore set size:undefined disposed:false
637 silly placeDep ROOT @inquirer/ansi@1.0.2 OK for: @inquirer/checkbox@4.3.2 want: ^1.0.2
638 silly placeDep ROOT @inquirer/core@10.3.2 OK for: @inquirer/checkbox@4.3.2 want: ^10.3.2
639 silly placeDep ROOT @inquirer/figures@1.0.15 OK for: @inquirer/checkbox@4.3.2 want: ^1.0.15
640 silly placeDep ROOT @inquirer/type@3.0.10 OK for: @inquirer/checkbox@4.3.2 want: ^3.0.10
641 silly placeDep ROOT yoctocolors-cjs@2.1.3 OK for: @inquirer/checkbox@4.3.2 want: ^2.1.3
642 silly fetch manifest cli-width@^4.1.0
643 silly packumentCache full:https://registry.npmjs.org/cli-width cache-miss
644 silly fetch manifest wrap-ansi@^6.2.0
645 silly packumentCache full:https://registry.npmjs.org/wrap-ansi cache-miss
646 silly fetch manifest mute-stream@^2.0.0
647 silly packumentCache full:https://registry.npmjs.org/mute-stream cache-miss
648 silly fetch manifest signal-exit@^4.1.0
649 silly packumentCache full:https://registry.npmjs.org/signal-exit cache-miss
650 http cache https://registry.npmjs.org/wrap-ansi 5ms (cache hit)
651 silly packumentCache full:https://registry.npmjs.org/wrap-ansi set size:55299 disposed:false
652 http fetch GET 200 https://registry.npmjs.org/cli-width 33ms (cache miss)
653 silly packumentCache full:https://registry.npmjs.org/cli-width set size:undefined disposed:false
654 http fetch GET 200 https://registry.npmjs.org/mute-stream 33ms (cache miss)
655 silly packumentCache full:https://registry.npmjs.org/mute-stream set size:undefined disposed:false
656 http fetch GET 200 https://registry.npmjs.org/signal-exit 46ms (cache miss)
657 silly packumentCache full:https://registry.npmjs.org/signal-exit set size:undefined disposed:false
658 silly placeDep ROOT cli-width@4.1.0 OK for: @inquirer/core@10.3.2 want: ^4.1.0
659 silly placeDep ROOT mute-stream@2.0.0 OK for: @inquirer/core@10.3.2 want: ^2.0.0
660 silly placeDep ROOT signal-exit@4.1.0 OK for: @inquirer/core@10.3.2 want: ^4.1.0
661 silly placeDep ROOT wrap-ansi@6.2.0 OK for: @inquirer/core@10.3.2 want: ^6.2.0
662 silly fetch manifest strip-ansi@^6.0.0
663 silly packumentCache full:https://registry.npmjs.org/strip-ansi cache-miss
664 silly fetch manifest ansi-styles@^4.0.0
665 silly packumentCache full:https://registry.npmjs.org/ansi-styles cache-miss
666 silly fetch manifest string-width@^4.1.0
667 silly packumentCache full:https://registry.npmjs.org/string-width cache-hit
668 http fetch GET 200 https://registry.npmjs.org/strip-ansi 36ms (cache miss)
669 silly packumentCache full:https://registry.npmjs.org/strip-ansi set size:undefined disposed:false
670 http fetch GET 200 https://registry.npmjs.org/ansi-styles 38ms (cache miss)
671 silly packumentCache full:https://registry.npmjs.org/ansi-styles set size:undefined disposed:false
672 silly placeDep ROOT @inquirer/external-editor@1.0.3 OK for: @inquirer/editor@4.2.23 want: ^1.0.3
673 silly fetch manifest chardet@^2.1.1
674 silly packumentCache full:https://registry.npmjs.org/chardet cache-miss
675 silly fetch manifest iconv-lite@^0.7.0
676 silly packumentCache full:https://registry.npmjs.org/iconv-lite cache-miss
677 http fetch GET 200 https://registry.npmjs.org/chardet 35ms (cache miss)
678 silly packumentCache full:https://registry.npmjs.org/chardet set size:undefined disposed:false
679 http fetch GET 200 https://registry.npmjs.org/iconv-lite 40ms (cache miss)
680 silly packumentCache full:https://registry.npmjs.org/iconv-lite set size:undefined disposed:false
681 silly placeDep ROOT chardet@2.1.1 OK for: @inquirer/external-editor@1.0.3 want: ^2.1.1
682 silly placeDep ROOT iconv-lite@0.7.2 OK for: @inquirer/external-editor@1.0.3 want: ^0.7.0
683 silly fetch manifest safer-buffer@>= 2.1.2 < 3.0.0
684 silly packumentCache full:https://registry.npmjs.org/safer-buffer cache-miss
685 http fetch GET 200 https://registry.npmjs.org/safer-buffer 38ms (cache miss)
686 silly packumentCache full:https://registry.npmjs.org/safer-buffer set size:undefined disposed:false
687 silly placeDep ROOT @hono/node-server@1.19.14 OK for: @modelcontextprotocol/sdk@1.26.0 want: ^1.19.9
688 silly placeDep ROOT hono@4.12.14 OK for: @hono/node-server@1.19.14 want: ^4
689 silly placeDep ROOT content-type@1.0.5 OK for: @modelcontextprotocol/sdk@1.26.0 want: ^1.0.5
690 silly placeDep ROOT cors@2.8.6 OK for: @modelcontextprotocol/sdk@1.26.0 want: ^2.8.5
691 silly placeDep ROOT cross-spawn@7.0.6 OK for: @modelcontextprotocol/sdk@1.26.0 want: ^7.0.5
692 silly placeDep ROOT eventsource@3.0.7 OK for: @modelcontextprotocol/sdk@1.26.0 want: ^3.0.2
693 silly placeDep ROOT eventsource-parser@3.0.6 OK for: @modelcontextprotocol/sdk@1.26.0 want: ^3.0.0
694 silly placeDep ROOT express@5.2.1 OK for: @modelcontextprotocol/sdk@1.26.0 want: ^5.2.1
695 silly placeDep ROOT express-rate-limit@8.3.2 OK for: @modelcontextprotocol/sdk@1.26.0 want: ^8.2.1
696 silly placeDep ROOT jose@6.2.2 OK for: @modelcontextprotocol/sdk@1.26.0 want: ^6.1.3
697 silly placeDep ROOT json-schema-typed@8.0.2 OK for: @modelcontextprotocol/sdk@1.26.0 want: ^8.0.2
698 silly placeDep ROOT pkce-challenge@5.0.1 OK for: @modelcontextprotocol/sdk@1.26.0 want: ^5.0.0
699 silly placeDep ROOT raw-body@3.0.2 OK for: @modelcontextprotocol/sdk@1.26.0 want: ^3.0.0
700 silly placeDep ROOT zod-to-json-schema@3.25.2 OK for: @modelcontextprotocol/sdk@1.26.0 want: ^3.25.1
701 silly fetch manifest object-assign@^4
702 silly packumentCache full:https://registry.npmjs.org/object-assign cache-miss
703 silly fetch manifest vary@^1
704 silly packumentCache full:https://registry.npmjs.org/vary cache-miss
705 silly fetch manifest which@^2.0.1
706 silly packumentCache full:https://registry.npmjs.org/which cache-miss
707 silly fetch manifest path-key@^3.1.0
708 silly packumentCache full:https://registry.npmjs.org/path-key cache-miss
709 silly fetch manifest shebang-command@^2.0.0
710 silly packumentCache full:https://registry.npmjs.org/shebang-command cache-miss
711 silly fetch manifest eventsource-parser@^3.0.1
712 silly packumentCache full:https://registry.npmjs.org/eventsource-parser cache-miss
713 silly fetch manifest qs@^6.14.0
714 silly packumentCache full:https://registry.npmjs.org/qs cache-miss
715 silly fetch manifest depd@^2.0.0
716 silly packumentCache full:https://registry.npmjs.org/depd cache-miss
717 silly fetch manifest etag@^1.8.1
718 silly packumentCache full:https://registry.npmjs.org/etag cache-miss
719 silly fetch manifest once@^1.4.0
720 silly packumentCache full:https://registry.npmjs.org/once cache-miss
721 silly fetch manifest send@^1.1.0
722 silly packumentCache full:https://registry.npmjs.org/send cache-miss
723 silly fetch manifest vary@^1.1.2
724 silly packumentCache full:https://registry.npmjs.org/vary cache-miss
725 silly fetch manifest debug@^4.4.0
726 silly packumentCache full:https://registry.npmjs.org/debug cache-miss
727 silly fetch manifest fresh@^2.0.0
728 silly packumentCache full:https://registry.npmjs.org/fresh cache-miss
729 silly fetch manifest cookie@^0.7.1
730 silly packumentCache full:https://registry.npmjs.org/cookie cache-miss
731 http cache https://registry.npmjs.org/eventsource-parser 9ms (cache hit)
732 silly packumentCache full:https://registry.npmjs.org/eventsource-parser set size:66053 disposed:false
733 silly fetch manifest router@^2.2.0
734 silly packumentCache full:https://registry.npmjs.org/router cache-miss
735 http fetch GET 200 https://registry.npmjs.org/object-assign 40ms (cache miss)
736 silly packumentCache full:https://registry.npmjs.org/object-assign set size:undefined disposed:false
737 silly fetch manifest accepts@^2.0.0
738 silly packumentCache full:https://registry.npmjs.org/accepts cache-miss
739 http fetch GET 200 https://registry.npmjs.org/once 41ms (cache miss)
740 silly packumentCache full:https://registry.npmjs.org/once set size:undefined disposed:false
741 silly fetch manifest type-is@^2.0.1
742 silly packumentCache full:https://registry.npmjs.org/type-is cache-miss
743 http fetch GET 200 https://registry.npmjs.org/path-key 43ms (cache miss)
744 silly packumentCache full:https://registry.npmjs.org/path-key set size:undefined disposed:false
745 silly fetch manifest parseurl@^1.3.3
746 silly packumentCache full:https://registry.npmjs.org/parseurl cache-miss
747 http fetch GET 200 https://registry.npmjs.org/which 50ms (cache miss)
748 silly packumentCache full:https://registry.npmjs.org/which set size:undefined disposed:false
749 silly fetch manifest statuses@^2.0.1
750 silly packumentCache full:https://registry.npmjs.org/statuses cache-miss
751 http fetch GET 200 https://registry.npmjs.org/etag 53ms (cache miss)
752 silly packumentCache full:https://registry.npmjs.org/etag set size:undefined disposed:false
753 silly fetch manifest encodeurl@^2.0.0
754 silly packumentCache full:https://registry.npmjs.org/encodeurl cache-miss
755 http fetch GET 200 https://registry.npmjs.org/depd 55ms (cache miss)
756 silly packumentCache full:https://registry.npmjs.org/depd set size:undefined disposed:false
757 silly fetch manifest mime-types@^3.0.0
758 silly packumentCache full:https://registry.npmjs.org/mime-types cache-miss
759 http fetch GET 200 https://registry.npmjs.org/fresh 55ms (cache miss)
760 silly packumentCache full:https://registry.npmjs.org/fresh set size:undefined disposed:false
761 silly fetch manifest proxy-addr@^2.0.7
762 silly packumentCache full:https://registry.npmjs.org/proxy-addr cache-miss
763 http fetch GET 200 https://registry.npmjs.org/cookie 57ms (cache miss)
764 silly packumentCache full:https://registry.npmjs.org/cookie set size:undefined disposed:false
765 silly fetch manifest body-parser@^2.2.1
766 silly packumentCache full:https://registry.npmjs.org/body-parser cache-miss
767 http fetch GET 200 https://registry.npmjs.org/qs 64ms (cache miss)
768 silly packumentCache full:https://registry.npmjs.org/qs set size:undefined disposed:false
769 silly fetch manifest escape-html@^1.0.3
770 silly packumentCache full:https://registry.npmjs.org/escape-html cache-miss
771 http fetch GET 200 https://registry.npmjs.org/router 57ms (cache miss)
772 silly packumentCache full:https://registry.npmjs.org/router set size:undefined disposed:false
773 silly fetch manifest http-errors@^2.0.0
774 silly packumentCache full:https://registry.npmjs.org/http-errors cache-miss
775 http fetch GET 200 https://registry.npmjs.org/send 67ms (cache miss)
776 silly packumentCache full:https://registry.npmjs.org/send set size:undefined disposed:false
777 silly fetch manifest on-finished@^2.4.1
778 silly packumentCache full:https://registry.npmjs.org/on-finished cache-miss
779 http fetch GET 200 https://registry.npmjs.org/shebang-command 71ms (cache miss)
780 silly packumentCache full:https://registry.npmjs.org/shebang-command set size:undefined disposed:false
781 silly fetch manifest finalhandler@^2.1.0
782 silly packumentCache full:https://registry.npmjs.org/finalhandler cache-miss
783 http fetch GET 200 https://registry.npmjs.org/debug 72ms (cache miss)
784 silly packumentCache full:https://registry.npmjs.org/debug set size:undefined disposed:false
785 silly fetch manifest range-parser@^1.2.1
786 silly packumentCache full:https://registry.npmjs.org/range-parser cache-miss
787 http fetch GET 200 https://registry.npmjs.org/parseurl 43ms (cache miss)
788 silly packumentCache full:https://registry.npmjs.org/parseurl set size:undefined disposed:false
789 silly fetch manifest serve-static@^2.2.0
790 silly packumentCache full:https://registry.npmjs.org/serve-static cache-miss
791 http fetch GET 200 https://registry.npmjs.org/accepts 48ms (cache miss)
792 silly packumentCache full:https://registry.npmjs.org/accepts set size:undefined disposed:false
793 silly fetch manifest cookie-signature@^1.2.1
794 silly packumentCache full:https://registry.npmjs.org/cookie-signature cache-miss
795 http fetch GET 200 https://registry.npmjs.org/type-is 49ms (cache miss)
796 silly packumentCache full:https://registry.npmjs.org/type-is set size:undefined disposed:false
797 silly fetch manifest merge-descriptors@^2.0.0
798 silly packumentCache full:https://registry.npmjs.org/merge-descriptors cache-miss
799 http fetch GET 200 https://registry.npmjs.org/statuses 42ms (cache miss)
800 silly packumentCache full:https://registry.npmjs.org/statuses set size:undefined disposed:false
801 silly fetch manifest content-disposition@^1.0.0
802 silly packumentCache full:https://registry.npmjs.org/content-disposition cache-miss
803 http fetch GET 200 https://registry.npmjs.org/encodeurl 43ms (cache miss)
804 silly packumentCache full:https://registry.npmjs.org/encodeurl set size:undefined disposed:false
805 silly fetch manifest ip-address@10.1.0
806 silly packumentCache full:https://registry.npmjs.org/ip-address cache-miss
807 http fetch GET 200 https://registry.npmjs.org/mime-types 45ms (cache miss)
808 silly packumentCache full:https://registry.npmjs.org/mime-types set size:undefined disposed:false
809 silly fetch manifest bytes@~3.1.2
810 silly packumentCache full:https://registry.npmjs.org/bytes cache-miss
811 http fetch GET 200 https://registry.npmjs.org/escape-html 37ms (cache miss)
812 silly packumentCache full:https://registry.npmjs.org/escape-html set size:undefined disposed:false
813 silly fetch manifest unpipe@~1.0.0
814 silly packumentCache full:https://registry.npmjs.org/unpipe cache-miss
815 http fetch GET 200 https://registry.npmjs.org/finalhandler 37ms (cache miss)
816 silly packumentCache full:https://registry.npmjs.org/finalhandler set size:undefined disposed:false
817 silly fetch manifest http-errors@~2.0.1
818 silly packumentCache full:https://registry.npmjs.org/http-errors cache-miss
819 http fetch GET 200 https://registry.npmjs.org/on-finished 42ms (cache miss)
820 silly packumentCache full:https://registry.npmjs.org/on-finished set size:undefined disposed:false
821 http fetch GET 200 https://registry.npmjs.org/body-parser 53ms (cache miss)
822 silly packumentCache full:https://registry.npmjs.org/body-parser set size:undefined disposed:false
823 http fetch GET 200 https://registry.npmjs.org/http-errors 48ms (cache miss)
824 silly packumentCache full:https://registry.npmjs.org/http-errors set size:undefined disposed:false
825 http fetch GET 200 https://registry.npmjs.org/serve-static 35ms (cache miss)
826 silly packumentCache full:https://registry.npmjs.org/serve-static set size:undefined disposed:false
827 http fetch GET 200 https://registry.npmjs.org/cookie-signature 35ms (cache miss)
828 silly packumentCache full:https://registry.npmjs.org/cookie-signature set size:undefined disposed:false
829 http fetch GET 200 https://registry.npmjs.org/range-parser 52ms (cache miss)
830 silly packumentCache full:https://registry.npmjs.org/range-parser set size:undefined disposed:false
831 http fetch GET 200 https://registry.npmjs.org/merge-descriptors 35ms (cache miss)
832 silly packumentCache full:https://registry.npmjs.org/merge-descriptors set size:undefined disposed:false
833 http fetch GET 200 https://registry.npmjs.org/ip-address 39ms (cache miss)
834 silly packumentCache full:https://registry.npmjs.org/ip-address set size:undefined disposed:false
835 http fetch GET 200 https://registry.npmjs.org/bytes 38ms (cache miss)
836 silly packumentCache full:https://registry.npmjs.org/bytes set size:undefined disposed:false
837 http fetch GET 200 https://registry.npmjs.org/unpipe 36ms (cache miss)
838 silly packumentCache full:https://registry.npmjs.org/unpipe set size:undefined disposed:false
839 http fetch GET 200 https://registry.npmjs.org/http-errors 35ms (cache miss)
840 silly packumentCache full:https://registry.npmjs.org/http-errors set size:undefined disposed:false
841 http fetch GET 200 https://registry.npmjs.org/vary 223ms (cache miss)
842 silly packumentCache full:https://registry.npmjs.org/vary set size:undefined disposed:false
843 http fetch GET 200 https://registry.npmjs.org/vary 222ms (cache miss)
844 silly packumentCache full:https://registry.npmjs.org/vary set size:undefined disposed:false
845 http fetch GET 200 https://registry.npmjs.org/proxy-addr 210ms (cache miss)
846 silly packumentCache full:https://registry.npmjs.org/proxy-addr set size:undefined disposed:false
847 http fetch GET 200 https://registry.npmjs.org/content-disposition 220ms (cache miss)
848 silly packumentCache full:https://registry.npmjs.org/content-disposition set size:undefined disposed:false
849 silly placeDep ROOT fast-deep-equal@3.1.3 OK for: ajv@8.18.0 want: ^3.1.3
850 silly placeDep ROOT fast-uri@3.1.0 OK for: ajv@8.18.0 want: ^3.0.1
851 silly placeDep ROOT json-schema-traverse@1.0.0 OK for: ajv@8.18.0 want: ^1.0.0
852 silly placeDep ROOT require-from-string@2.0.2 OK for: ajv@8.18.0 want: ^2.0.2
853 silly placeDep ROOT @algolia/abtesting@1.14.1 OK for: algoliasearch@5.48.1 want: 1.14.1
854 silly placeDep ROOT @algolia/client-abtesting@5.48.1 OK for: algoliasearch@5.48.1 want: 5.48.1
855 silly placeDep ROOT @algolia/client-analytics@5.48.1 OK for: algoliasearch@5.48.1 want: 5.48.1
856 silly placeDep ROOT @algolia/client-common@5.48.1 OK for: algoliasearch@5.48.1 want: 5.48.1
857 silly placeDep ROOT @algolia/client-insights@5.48.1 OK for: algoliasearch@5.48.1 want: 5.48.1
858 silly placeDep ROOT @algolia/client-personalization@5.48.1 OK for: algoliasearch@5.48.1 want: 5.48.1
859 silly placeDep ROOT @algolia/client-query-suggestions@5.48.1 OK for: algoliasearch@5.48.1 want: 5.48.1
860 silly placeDep ROOT @algolia/client-search@5.48.1 OK for: algoliasearch@5.48.1 want: 5.48.1
861 silly placeDep ROOT @algolia/ingestion@1.48.1 OK for: algoliasearch@5.48.1 want: 1.48.1
862 silly placeDep ROOT @algolia/monitoring@1.48.1 OK for: algoliasearch@5.48.1 want: 1.48.1
863 silly placeDep ROOT @algolia/recommend@5.48.1 OK for: algoliasearch@5.48.1 want: 5.48.1
864 silly placeDep ROOT @algolia/requester-browser-xhr@5.48.1 OK for: algoliasearch@5.48.1 want: 5.48.1
865 silly placeDep ROOT @algolia/requester-fetch@5.48.1 OK for: algoliasearch@5.48.1 want: 5.48.1
866 silly placeDep ROOT @algolia/requester-node-http@5.48.1 OK for: algoliasearch@5.48.1 want: 5.48.1
867 silly placeDep ROOT object-assign@4.1.1 OK for: cors@2.8.6 want: ^4
868 silly placeDep ROOT vary@1.1.2 OK for: cors@2.8.6 want: ^1
869 silly placeDep ROOT path-key@3.1.1 OK for: cross-spawn@7.0.6 want: ^3.1.0
870 silly placeDep ROOT shebang-command@2.0.0 OK for: cross-spawn@7.0.6 want: ^2.0.0
871 silly placeDep ROOT which@2.0.2 OK for: cross-spawn@7.0.6 want: ^2.0.1
872 silly fetch manifest shebang-regex@^3.0.0
873 silly packumentCache full:https://registry.npmjs.org/shebang-regex cache-miss
874 silly fetch manifest isexe@^2.0.0
875 silly packumentCache full:https://registry.npmjs.org/isexe cache-miss
876 http fetch GET 200 https://registry.npmjs.org/shebang-regex 38ms (cache miss)
877 silly packumentCache full:https://registry.npmjs.org/shebang-regex set size:undefined disposed:false
878 http fetch GET 200 https://registry.npmjs.org/isexe 39ms (cache miss)
879 silly packumentCache full:https://registry.npmjs.org/isexe set size:undefined disposed:false
880 silly placeDep ROOT accepts@2.0.0 OK for: express@5.2.1 want: ^2.0.0
881 silly placeDep ROOT body-parser@2.2.2 OK for: express@5.2.1 want: ^2.2.1
882 silly placeDep ROOT content-disposition@1.1.0 OK for: express@5.2.1 want: ^1.0.0
883 silly placeDep ROOT cookie@0.7.2 OK for: express@5.2.1 want: ^0.7.1
884 silly placeDep ROOT cookie-signature@1.2.2 OK for: express@5.2.1 want: ^1.2.1
885 silly placeDep ROOT debug@4.4.3 OK for: express@5.2.1 want: ^4.4.0
886 silly placeDep ROOT depd@2.0.0 OK for: express@5.2.1 want: ^2.0.0
887 silly placeDep ROOT encodeurl@2.0.0 OK for: express@5.2.1 want: ^2.0.0
888 silly placeDep ROOT escape-html@1.0.3 OK for: express@5.2.1 want: ^1.0.3
889 silly placeDep ROOT etag@1.8.1 OK for: express@5.2.1 want: ^1.8.1
890 silly placeDep ROOT finalhandler@2.1.1 OK for: express@5.2.1 want: ^2.1.0
891 silly placeDep ROOT fresh@2.0.0 OK for: express@5.2.1 want: ^2.0.0
892 silly placeDep ROOT http-errors@2.0.1 OK for: express@5.2.1 want: ^2.0.0
893 silly placeDep ROOT merge-descriptors@2.0.0 OK for: express@5.2.1 want: ^2.0.0
894 silly placeDep ROOT mime-types@3.0.2 OK for: express@5.2.1 want: ^3.0.0
895 silly placeDep ROOT on-finished@2.4.1 OK for: express@5.2.1 want: ^2.4.1
896 silly placeDep ROOT once@1.4.0 OK for: express@5.2.1 want: ^1.4.0
897 silly placeDep ROOT parseurl@1.3.3 OK for: express@5.2.1 want: ^1.3.3
898 silly placeDep ROOT proxy-addr@2.0.7 OK for: express@5.2.1 want: ^2.0.7
899 silly placeDep ROOT qs@6.15.1 OK for: express@5.2.1 want: ^6.14.0
900 silly placeDep ROOT range-parser@1.2.1 OK for: express@5.2.1 want: ^1.2.1
901 silly placeDep ROOT router@2.2.0 OK for: express@5.2.1 want: ^2.2.0
902 silly placeDep ROOT send@1.2.1 OK for: express@5.2.1 want: ^1.1.0
903 silly placeDep ROOT serve-static@2.2.1 OK for: express@5.2.1 want: ^2.2.0
904 silly placeDep ROOT statuses@2.0.2 OK for: express@5.2.1 want: ^2.0.1
905 silly placeDep ROOT type-is@2.0.1 OK for: express@5.2.1 want: ^2.0.1
906 silly fetch manifest negotiator@^1.0.0
907 silly packumentCache full:https://registry.npmjs.org/negotiator cache-miss
908 silly fetch manifest bytes@^3.1.2
909 silly packumentCache full:https://registry.npmjs.org/bytes cache-miss
910 silly fetch manifest debug@^4.4.3
911 silly packumentCache full:https://registry.npmjs.org/debug cache-miss
912 silly fetch manifest qs@^6.14.1
913 silly packumentCache full:https://registry.npmjs.org/qs cache-miss
914 silly fetch manifest ms@^2.1.3
915 silly packumentCache full:https://registry.npmjs.org/ms cache-miss
916 silly fetch manifest inherits@~2.0.4
917 silly packumentCache full:https://registry.npmjs.org/inherits cache-miss
918 silly fetch manifest setprototypeof@~1.2.0
919 silly packumentCache full:https://registry.npmjs.org/setprototypeof cache-miss
920 silly fetch manifest statuses@~2.0.2
921 silly packumentCache full:https://registry.npmjs.org/statuses cache-miss
922 silly fetch manifest toidentifier@~1.0.1
923 silly packumentCache full:https://registry.npmjs.org/toidentifier cache-miss
924 silly fetch manifest mime-db@^1.54.0
925 silly packumentCache full:https://registry.npmjs.org/mime-db cache-miss
926 silly fetch manifest ee-first@1.1.1
927 silly packumentCache full:https://registry.npmjs.org/ee-first cache-miss
928 silly fetch manifest wrappy@1
929 silly packumentCache full:https://registry.npmjs.org/wrappy cache-miss
930 silly fetch manifest forwarded@0.2.0
931 silly packumentCache full:https://registry.npmjs.org/forwarded cache-miss
932 silly fetch manifest ipaddr.js@1.9.1
933 silly packumentCache full:https://registry.npmjs.org/ipaddr.js cache-miss
934 silly fetch manifest side-channel@^1.1.0
935 silly packumentCache full:https://registry.npmjs.org/side-channel cache-miss
936 http cache https://registry.npmjs.org/bytes 12ms (cache hit)
937 silly packumentCache full:https://registry.npmjs.org/bytes set size:37018 disposed:false
938 silly fetch manifest is-promise@^4.0.0
939 silly packumentCache full:https://registry.npmjs.org/is-promise cache-miss
940 http cache https://registry.npmjs.org/qs 13ms (cache hit)
941 silly packumentCache full:https://registry.npmjs.org/qs set size:353582 disposed:false
942 silly fetch manifest path-to-regexp@^8.0.0
943 silly packumentCache full:https://registry.npmjs.org/path-to-regexp cache-miss
944 http cache https://registry.npmjs.org/statuses 15ms (cache hit)
945 silly packumentCache full:https://registry.npmjs.org/statuses set size:37117 disposed:false
946 silly fetch manifest ms@^2.1.3
947 silly packumentCache full:https://registry.npmjs.org/ms cache-miss
948 http cache https://registry.npmjs.org/debug 18ms (cache hit)
949 silly packumentCache full:https://registry.npmjs.org/debug set size:195840 disposed:false
950 silly fetch manifest statuses@^2.0.2
951 silly packumentCache full:https://registry.npmjs.org/statuses cache-hit
952 silly fetch manifest media-typer@^1.1.0
953 silly packumentCache full:https://registry.npmjs.org/media-typer cache-miss
954 http fetch GET 200 https://registry.npmjs.org/toidentifier 39ms (cache miss)
955 silly packumentCache full:https://registry.npmjs.org/toidentifier set size:undefined disposed:false
956 http fetch GET 200 https://registry.npmjs.org/inherits 43ms (cache miss)
957 silly packumentCache full:https://registry.npmjs.org/inherits set size:undefined disposed:false
958 http fetch GET 200 https://registry.npmjs.org/wrappy 43ms (cache miss)
959 silly packumentCache full:https://registry.npmjs.org/wrappy set size:undefined disposed:false
960 http fetch GET 200 https://registry.npmjs.org/ms 46ms (cache miss)
961 silly packumentCache full:https://registry.npmjs.org/ms set size:undefined disposed:false
962 http fetch GET 200 https://registry.npmjs.org/ipaddr.js 48ms (cache miss)
963 silly packumentCache full:https://registry.npmjs.org/ipaddr.js set size:undefined disposed:false
964 http fetch GET 200 https://registry.npmjs.org/forwarded 49ms (cache miss)
965 silly packumentCache full:https://registry.npmjs.org/forwarded set size:undefined disposed:false
966 http fetch GET 200 https://registry.npmjs.org/side-channel 49ms (cache miss)
967 silly packumentCache full:https://registry.npmjs.org/side-channel set size:undefined disposed:false
968 http fetch GET 200 https://registry.npmjs.org/is-promise 49ms (cache miss)
969 silly packumentCache full:https://registry.npmjs.org/is-promise set size:undefined disposed:false
970 http fetch GET 200 https://registry.npmjs.org/negotiator 63ms (cache miss)
971 silly packumentCache full:https://registry.npmjs.org/negotiator set size:undefined disposed:false
972 http fetch GET 200 https://registry.npmjs.org/setprototypeof 62ms (cache miss)
973 silly packumentCache full:https://registry.npmjs.org/setprototypeof set size:undefined disposed:false
974 http fetch GET 200 https://registry.npmjs.org/mime-db 62ms (cache miss)
975 silly packumentCache full:https://registry.npmjs.org/mime-db set size:undefined disposed:false
976 http fetch GET 200 https://registry.npmjs.org/ms 48ms (cache miss)
977 silly packumentCache full:https://registry.npmjs.org/ms set size:undefined disposed:false
978 http fetch GET 200 https://registry.npmjs.org/path-to-regexp 53ms (cache miss)
979 silly packumentCache full:https://registry.npmjs.org/path-to-regexp set size:undefined disposed:false
980 http fetch GET 200 https://registry.npmjs.org/ee-first 222ms (cache miss)
981 silly packumentCache full:https://registry.npmjs.org/ee-first set size:undefined disposed:false
982 http fetch GET 200 https://registry.npmjs.org/media-typer 205ms (cache miss)
983 silly packumentCache full:https://registry.npmjs.org/media-typer set size:undefined disposed:false
984 silly placeDep ROOT negotiator@1.0.0 OK for: accepts@2.0.0 want: ^1.0.0
985 silly placeDep ROOT bytes@3.1.2 OK for: body-parser@2.2.2 want: ^3.1.2
986 silly placeDep ROOT ms@2.1.3 OK for: debug@4.4.3 want: ^2.1.3
987 silly placeDep ROOT ip-address@10.1.0 OK for: express-rate-limit@8.3.2 want: 10.1.0
988 silly placeDep ROOT inherits@2.0.4 OK for: http-errors@2.0.1 want: ~2.0.4
989 silly placeDep ROOT setprototypeof@1.2.0 OK for: http-errors@2.0.1 want: ~1.2.0
990 silly placeDep ROOT toidentifier@1.0.1 OK for: http-errors@2.0.1 want: ~1.0.1
991 silly placeDep ROOT safer-buffer@2.1.2 OK for: iconv-lite@0.7.2 want: >= 2.1.2 < 3.0.0
992 silly placeDep ROOT cli-truncate@5.2.0 OK for: listr2@9.0.5 want: ^5.0.0
993 silly placeDep ROOT colorette@2.0.20 OK for: listr2@9.0.5 want: ^2.0.20
994 silly placeDep ROOT eventemitter3@5.0.4 OK for: listr2@9.0.5 want: ^5.0.1
995 silly placeDep ROOT log-update@6.1.0 OK for: listr2@9.0.5 want: ^6.1.0
996 silly placeDep ROOT rfdc@1.4.1 OK for: listr2@9.0.5 want: ^1.4.1
997 silly placeDep node_modules/listr2 wrap-ansi@9.0.2 OK for: listr2@9.0.5 want: ^9.0.0
998 silly fetch manifest slice-ansi@^8.0.0
999 silly packumentCache full:https://registry.npmjs.org/slice-ansi cache-miss
1000 silly fetch manifest string-width@^8.2.0
1001 silly packumentCache full:https://registry.npmjs.org/string-width cache-hit
1002 silly fetch manifest slice-ansi@^7.1.0
1003 silly packumentCache full:https://registry.npmjs.org/slice-ansi cache-miss
1004 silly fetch manifest strip-ansi@^7.1.0
1005 silly packumentCache full:https://registry.npmjs.org/strip-ansi cache-miss
1006 silly fetch manifest ansi-escapes@^7.0.0
1007 silly packumentCache full:https://registry.npmjs.org/ansi-escapes cache-miss
1008 silly fetch manifest strip-ansi@^7.1.0
1009 silly packumentCache full:https://registry.npmjs.org/strip-ansi cache-miss
1010 silly fetch manifest ansi-styles@^6.2.1
1011 silly packumentCache full:https://registry.npmjs.org/ansi-styles cache-miss
1012 silly fetch manifest string-width@^7.0.0
1013 silly packumentCache full:https://registry.npmjs.org/string-width cache-hit
1014 http cache https://registry.npmjs.org/strip-ansi 6ms (cache hit)
1015 silly packumentCache full:https://registry.npmjs.org/strip-ansi set size:44998 disposed:false
1016 http cache https://registry.npmjs.org/ansi-styles 7ms (cache hit)
1017 silly packumentCache full:https://registry.npmjs.org/ansi-styles set size:63233 disposed:false
1018 http cache https://registry.npmjs.org/strip-ansi 8ms (cache hit)
1019 silly packumentCache full:https://registry.npmjs.org/strip-ansi set size:44998 disposed:false
1020 silly packumentCache full:https://registry.npmjs.org/strip-ansi dispose
1021 http fetch GET 200 https://registry.npmjs.org/ansi-escapes 40ms (cache miss)
1022 silly packumentCache full:https://registry.npmjs.org/ansi-escapes set size:undefined disposed:false
1023 http fetch GET 200 https://registry.npmjs.org/slice-ansi 228ms (cache miss)
1024 silly packumentCache full:https://registry.npmjs.org/slice-ansi set size:undefined disposed:false
1025 http fetch GET 200 https://registry.npmjs.org/slice-ansi 229ms (cache miss)
1026 silly packumentCache full:https://registry.npmjs.org/slice-ansi set size:undefined disposed:false
1027 silly placeDep ROOT slice-ansi@8.0.0 OK for: cli-truncate@5.2.0 want: ^8.0.0
1028 silly placeDep ROOT string-width@8.2.0 OK for: cli-truncate@5.2.0 want: ^8.2.0
1029 silly fetch manifest ansi-styles@^6.2.3
1030 silly packumentCache full:https://registry.npmjs.org/ansi-styles cache-hit
1031 silly fetch manifest is-fullwidth-code-point@^5.1.0
1032 silly packumentCache full:https://registry.npmjs.org/is-fullwidth-code-point cache-miss
1033 silly fetch manifest get-east-asian-width@^1.5.0
1034 silly packumentCache full:https://registry.npmjs.org/get-east-asian-width cache-miss
1035 silly fetch manifest strip-ansi@^7.1.2
1036 silly packumentCache full:https://registry.npmjs.org/strip-ansi cache-hit
1037 http fetch GET 200 https://registry.npmjs.org/is-fullwidth-code-point 33ms (cache miss)
1038 silly packumentCache full:https://registry.npmjs.org/is-fullwidth-code-point set size:undefined disposed:false
1039 http fetch GET 200 https://registry.npmjs.org/get-east-asian-width 35ms (cache miss)
1040 silly packumentCache full:https://registry.npmjs.org/get-east-asian-width set size:undefined disposed:false
1041 silly placeDep ROOT ansi-escapes@7.3.0 OK for: log-update@6.1.0 want: ^7.0.0
1042 silly placeDep ROOT cli-cursor@5.0.0 OK for: log-update@6.1.0 want: ^5.0.0
1043 silly placeDep node_modules/log-update slice-ansi@7.1.2 OK for: log-update@6.1.0 want: ^7.1.0
1044 silly placeDep ROOT strip-ansi@7.2.0 OK for: log-update@6.1.0 want: ^7.1.0
1045 silly placeDep node_modules/log-update wrap-ansi@9.0.2 OK for: log-update@6.1.0 want: ^9.0.0
1046 silly fetch manifest environment@^1.0.0
1047 silly packumentCache full:https://registry.npmjs.org/environment cache-miss
1048 silly fetch manifest restore-cursor@^5.0.0
1049 silly packumentCache full:https://registry.npmjs.org/restore-cursor cache-miss
1050 silly fetch manifest is-fullwidth-code-point@^5.0.0
1051 silly packumentCache full:https://registry.npmjs.org/is-fullwidth-code-point cache-miss
1052 silly fetch manifest ansi-regex@^6.2.2
1053 silly packumentCache full:https://registry.npmjs.org/ansi-regex cache-miss
1054 http cache https://registry.npmjs.org/is-fullwidth-code-point 5ms (cache hit)
1055 silly packumentCache full:https://registry.npmjs.org/is-fullwidth-code-point set size:14578 disposed:false
1056 http fetch GET 200 https://registry.npmjs.org/restore-cursor 40ms (cache miss)
1057 silly packumentCache full:https://registry.npmjs.org/restore-cursor set size:undefined disposed:false
1058 http fetch GET 200 https://registry.npmjs.org/environment 42ms (cache miss)
1059 silly packumentCache full:https://registry.npmjs.org/environment set size:undefined disposed:false
1060 http fetch GET 200 https://registry.npmjs.org/ansi-regex 44ms (cache miss)
1061 silly packumentCache full:https://registry.npmjs.org/ansi-regex set size:undefined disposed:false
1062 silly placeDep ROOT environment@1.1.0 OK for: ansi-escapes@7.3.0 want: ^1.0.0
1063 silly placeDep ROOT restore-cursor@5.1.0 OK for: cli-cursor@5.0.0 want: ^5.0.0
1064 silly fetch manifest onetime@^7.0.0
1065 silly packumentCache full:https://registry.npmjs.org/onetime cache-miss
1066 http fetch GET 200 https://registry.npmjs.org/onetime 35ms (cache miss)
1067 silly packumentCache full:https://registry.npmjs.org/onetime set size:undefined disposed:false
1068 silly placeDep ROOT @jridgewell/sourcemap-codec@1.5.5 OK for: magic-string@0.30.21 want: ^1.5.5
1069 silly placeDep ROOT mime-db@1.54.0 OK for: mime-types@3.0.2 want: ^1.54.0
1070 silly placeDep ROOT hosted-git-info@9.0.2 OK for: npm-package-arg@13.0.2 want: ^9.0.0
1071 silly placeDep ROOT proc-log@6.1.0 OK for: npm-package-arg@13.0.2 want: ^6.0.0
1072 silly placeDep ROOT validate-npm-package-name@7.0.2 OK for: npm-package-arg@13.0.2 want: ^7.0.0
1073 silly fetch manifest lru-cache@^11.1.0
1074 silly packumentCache full:https://registry.npmjs.org/lru-cache cache-miss
1075 http fetch GET 200 https://registry.npmjs.org/lru-cache 50ms (cache miss)
1076 silly packumentCache full:https://registry.npmjs.org/lru-cache set size:undefined disposed:false
1077 silly placeDep ROOT lru-cache@11.3.5 OK for: hosted-git-info@9.0.2 want: ^11.1.0
1078 silly placeDep ROOT ee-first@1.1.1 OK for: on-finished@2.4.1 want: 1.1.1
1079 silly placeDep ROOT wrappy@1.0.2 OK for: once@1.4.0 want: 1
1080 silly placeDep ROOT chalk@5.6.2 OK for: ora@9.3.0 want: ^5.6.2
1081 silly placeDep ROOT cli-spinners@3.4.0 OK for: ora@9.3.0 want: ^3.2.0
1082 silly placeDep ROOT is-interactive@2.0.0 OK for: ora@9.3.0 want: ^2.0.0
1083 silly placeDep ROOT is-unicode-supported@2.1.0 OK for: ora@9.3.0 want: ^2.1.0
1084 silly placeDep ROOT log-symbols@7.0.1 OK for: ora@9.3.0 want: ^7.0.1
1085 silly placeDep ROOT stdin-discarder@0.3.2 OK for: ora@9.3.0 want: ^0.3.1
1086 silly fetch manifest yoctocolors@^2.1.1
1087 silly packumentCache full:https://registry.npmjs.org/yoctocolors cache-miss
1088 http fetch GET 200 https://registry.npmjs.org/yoctocolors 33ms (cache miss)
1089 silly packumentCache full:https://registry.npmjs.org/yoctocolors set size:undefined disposed:false
1090 silly placeDep ROOT yoctocolors@2.1.2 OK for: log-symbols@7.0.1 want: ^2.1.1
1091 silly placeDep ROOT @npmcli/git@7.0.2 OK for: pacote@21.3.1 want: ^7.0.0
1092 silly placeDep ROOT @npmcli/installed-package-contents@4.0.0 OK for: pacote@21.3.1 want: ^4.0.0
1093 silly placeDep ROOT @npmcli/package-json@7.0.5 OK for: pacote@21.3.1 want: ^7.0.0
1094 silly placeDep ROOT @npmcli/promise-spawn@9.0.1 OK for: pacote@21.3.1 want: ^9.0.0
1095 silly placeDep ROOT @npmcli/run-script@10.0.4 OK for: pacote@21.3.1 want: ^10.0.0
1096 silly placeDep ROOT cacache@20.0.4 OK for: pacote@21.3.1 want: ^20.0.0
1097 silly placeDep ROOT fs-minipass@3.0.3 OK for: pacote@21.3.1 want: ^3.0.0
1098 silly placeDep ROOT minipass@7.1.3 OK for: pacote@21.3.1 want: ^7.0.2
1099 silly placeDep ROOT npm-packlist@10.0.4 OK for: pacote@21.3.1 want: ^10.0.1
1100 silly placeDep ROOT npm-pick-manifest@11.0.3 OK for: pacote@21.3.1 want: ^11.0.1
1101 silly placeDep ROOT npm-registry-fetch@19.1.1 OK for: pacote@21.3.1 want: ^19.0.0
1102 silly placeDep ROOT promise-retry@2.0.1 OK for: pacote@21.3.1 want: ^2.0.1
1103 silly placeDep ROOT sigstore@4.1.0 OK for: pacote@21.3.1 want: ^4.0.0
1104 silly placeDep ROOT ssri@13.0.1 OK for: pacote@21.3.1 want: ^13.0.0
1105 silly placeDep ROOT tar@7.5.13 OK for: pacote@21.3.1 want: ^7.4.3
1106 silly fetch manifest which@^6.0.0
1107 silly packumentCache full:https://registry.npmjs.org/which cache-miss
1108 silly fetch manifest @gar/promise-retry@^1.0.0
1109 silly packumentCache full:https://registry.npmjs.org/@gar%2fpromise-retry cache-miss
1110 silly fetch manifest npm-bundled@^5.0.0
1111 silly packumentCache full:https://registry.npmjs.org/npm-bundled cache-miss
1112 silly fetch manifest npm-normalize-package-bin@^5.0.0
1113 silly packumentCache full:https://registry.npmjs.org/npm-normalize-package-bin cache-miss
1114 silly fetch manifest glob@^13.0.0
1115 silly packumentCache full:https://registry.npmjs.org/glob cache-miss
1116 silly fetch manifest spdx-expression-parse@^4.0.0
1117 silly packumentCache full:https://registry.npmjs.org/spdx-expression-parse cache-miss
1118 silly fetch manifest json-parse-even-better-errors@^5.0.0
1119 silly packumentCache full:https://registry.npmjs.org/json-parse-even-better-errors cache-miss
1120 silly fetch manifest which@^6.0.0
1121 silly packumentCache full:https://registry.npmjs.org/which cache-miss
1122 silly fetch manifest node-gyp@^12.1.0
1123 silly packumentCache full:https://registry.npmjs.org/node-gyp cache-miss
1124 silly fetch manifest @npmcli/node-gyp@^5.0.0
1125 silly packumentCache full:https://registry.npmjs.org/@npmcli%2fnode-gyp cache-miss
1126 silly fetch manifest glob@^13.0.0
1127 silly packumentCache full:https://registry.npmjs.org/glob cache-miss
1128 silly fetch manifest p-map@^7.0.2
1129 silly packumentCache full:https://registry.npmjs.org/p-map cache-miss
1130 silly fetch manifest minipass@^7.0.3
1131 silly packumentCache full:https://registry.npmjs.org/minipass cache-miss
1132 silly fetch manifest @npmcli/fs@^5.0.0
1133 silly packumentCache full:https://registry.npmjs.org/@npmcli%2ffs cache-miss
1134 silly fetch manifest minipass-flush@^1.0.5
1135 silly packumentCache full:https://registry.npmjs.org/minipass-flush cache-miss
1136 http cache https://registry.npmjs.org/which 26ms (cache hit)
1137 silly packumentCache full:https://registry.npmjs.org/which set size:67747 disposed:false
1138 silly fetch manifest minipass-collect@^2.0.1
1139 silly packumentCache full:https://registry.npmjs.org/minipass-collect cache-miss
1140 http cache https://registry.npmjs.org/which 26ms (cache hit)
1141 silly packumentCache full:https://registry.npmjs.org/which set size:67747 disposed:false
1142 silly packumentCache full:https://registry.npmjs.org/which dispose
1143 silly fetch manifest minipass-pipeline@^1.2.4
1144 silly packumentCache full:https://registry.npmjs.org/minipass-pipeline cache-miss
1145 http cache https://registry.npmjs.org/minipass 28ms (cache hit)
1146 silly packumentCache full:https://registry.npmjs.org/minipass set size:276925 disposed:false
1147 silly fetch manifest ignore-walk@^8.0.0
1148 silly packumentCache full:https://registry.npmjs.org/ignore-walk cache-miss
1149 http fetch GET 200 https://registry.npmjs.org/npm-normalize-package-bin 41ms (cache miss)
1150 silly packumentCache full:https://registry.npmjs.org/npm-normalize-package-bin set size:undefined disposed:false
1151 silly fetch manifest npm-install-checks@^8.0.0
1152 silly packumentCache full:https://registry.npmjs.org/npm-install-checks cache-miss
1153 http fetch GET 200 https://registry.npmjs.org/glob 44ms (cache miss)
1154 silly packumentCache full:https://registry.npmjs.org/glob set size:undefined disposed:false
1155 silly fetch manifest minizlib@^3.0.1
1156 silly packumentCache full:https://registry.npmjs.org/minizlib cache-miss
1157 http fetch GET 200 https://registry.npmjs.org/json-parse-even-better-errors 48ms (cache miss)
1158 silly packumentCache full:https://registry.npmjs.org/json-parse-even-better-errors set size:undefined disposed:false
1159 silly fetch manifest jsonparse@^1.3.1
1160 silly packumentCache full:https://registry.npmjs.org/jsonparse cache-miss
1161 http fetch GET 200 https://registry.npmjs.org/p-map 50ms (cache miss)
1162 silly packumentCache full:https://registry.npmjs.org/p-map set size:undefined disposed:false
1163 silly fetch manifest @npmcli/redact@^4.0.0
1164 silly packumentCache full:https://registry.npmjs.org/@npmcli%2fredact cache-miss
1165 http fetch GET 200 https://registry.npmjs.org/@gar%2fpromise-retry 54ms (cache miss)
1166 silly packumentCache full:https://registry.npmjs.org/@gar%2fpromise-retry set size:undefined disposed:false
1167 silly fetch manifest minipass-fetch@^5.0.0
1168 silly packumentCache full:https://registry.npmjs.org/minipass-fetch cache-miss
1169 http fetch GET 200 https://registry.npmjs.org/minipass-flush 52ms (cache miss)
1170 silly packumentCache full:https://registry.npmjs.org/minipass-flush set size:undefined disposed:false
1171 silly fetch manifest make-fetch-happen@^15.0.0
1172 silly packumentCache full:https://registry.npmjs.org/make-fetch-happen cache-miss
1173 http fetch GET 200 https://registry.npmjs.org/@npmcli%2ffs 59ms (cache miss)
1174 silly packumentCache full:https://registry.npmjs.org/@npmcli%2ffs set size:undefined disposed:false
1175 silly fetch manifest err-code@^2.0.2
1176 silly packumentCache full:https://registry.npmjs.org/err-code cache-miss
1177 http fetch GET 200 https://registry.npmjs.org/minipass-pipeline 45ms (cache miss)
1178 silly packumentCache full:https://registry.npmjs.org/minipass-pipeline set size:undefined disposed:false
1179 silly fetch manifest retry@^0.12.0
1180 silly packumentCache full:https://registry.npmjs.org/retry cache-miss
1181 http fetch GET 200 https://registry.npmjs.org/minizlib 36ms (cache miss)
1182 silly packumentCache full:https://registry.npmjs.org/minizlib set size:undefined disposed:false
1183 silly fetch manifest @sigstore/bundle@^4.0.0
1184 silly packumentCache full:https://registry.npmjs.org/@sigstore%2fbundle cache-miss
1185 http fetch GET 200 https://registry.npmjs.org/jsonparse 40ms (cache miss)
1186 silly packumentCache full:https://registry.npmjs.org/jsonparse set size:undefined disposed:false
1187 silly fetch manifest @sigstore/core@^3.1.0
1188 silly packumentCache full:https://registry.npmjs.org/@sigstore%2fcore cache-miss
1189 http fetch GET 200 https://registry.npmjs.org/err-code 38ms (cache miss)
1190 silly packumentCache full:https://registry.npmjs.org/err-code set size:undefined disposed:false
1191 silly fetch manifest @sigstore/protobuf-specs@^0.5.0
1192 silly packumentCache full:https://registry.npmjs.org/@sigstore%2fprotobuf-specs cache-miss
1193 http fetch GET 200 https://registry.npmjs.org/minipass-fetch 47ms (cache miss)
1194 silly packumentCache full:https://registry.npmjs.org/minipass-fetch set size:undefined disposed:false
1195 silly fetch manifest @sigstore/sign@^4.1.0
1196 silly packumentCache full:https://registry.npmjs.org/@sigstore%2fsign cache-miss
1197 http fetch GET 200 https://registry.npmjs.org/retry 41ms (cache miss)
1198 silly packumentCache full:https://registry.npmjs.org/retry set size:undefined disposed:false
1199 silly fetch manifest @sigstore/tuf@^4.0.1
1200 silly packumentCache full:https://registry.npmjs.org/@sigstore%2ftuf cache-miss
1201 http fetch GET 200 https://registry.npmjs.org/@sigstore%2fbundle 56ms (cache miss)
1202 silly packumentCache full:https://registry.npmjs.org/@sigstore%2fbundle set size:undefined disposed:false
1203 silly fetch manifest @sigstore/verify@^3.1.0
1204 silly packumentCache full:https://registry.npmjs.org/@sigstore%2fverify cache-miss
1205 http fetch GET 200 https://registry.npmjs.org/@sigstore%2fprotobuf-specs 53ms (cache miss)
1206 silly packumentCache full:https://registry.npmjs.org/@sigstore%2fprotobuf-specs set size:undefined disposed:false
1207 silly fetch manifest @isaacs/fs-minipass@^4.0.0
1208 silly packumentCache full:https://registry.npmjs.org/@isaacs%2ffs-minipass cache-miss
1209 http fetch GET 200 https://registry.npmjs.org/@sigstore%2fsign 58ms (cache miss)
1210 silly packumentCache full:https://registry.npmjs.org/@sigstore%2fsign set size:undefined disposed:false
1211 silly fetch manifest chownr@^3.0.0
1212 silly packumentCache full:https://registry.npmjs.org/chownr cache-miss
1213 http fetch GET 200 https://registry.npmjs.org/@sigstore%2ftuf 65ms (cache miss)
1214 silly packumentCache full:https://registry.npmjs.org/@sigstore%2ftuf set size:undefined disposed:false
1215 silly fetch manifest minizlib@^3.1.0
1216 silly packumentCache full:https://registry.npmjs.org/minizlib cache-miss
1217 http cache https://registry.npmjs.org/minizlib 3ms (cache hit)
1218 silly packumentCache full:https://registry.npmjs.org/minizlib set size:62862 disposed:false
1219 silly fetch manifest yallist@^5.0.0
1220 silly packumentCache full:https://registry.npmjs.org/yallist cache-miss
1221 http fetch GET 200 https://registry.npmjs.org/@sigstore%2fverify 45ms (cache miss)
1222 silly packumentCache full:https://registry.npmjs.org/@sigstore%2fverify set size:undefined disposed:false
1223 http fetch GET 200 https://registry.npmjs.org/chownr 39ms (cache miss)
1224 silly packumentCache full:https://registry.npmjs.org/chownr set size:undefined disposed:false
1225 http fetch GET 200 https://registry.npmjs.org/npm-bundled 202ms (cache miss)
1226 silly packumentCache full:https://registry.npmjs.org/npm-bundled set size:undefined disposed:false
1227 http fetch GET 200 https://registry.npmjs.org/spdx-expression-parse 215ms (cache miss)
1228 silly packumentCache full:https://registry.npmjs.org/spdx-expression-parse set size:undefined disposed:false
1229 http fetch GET 200 https://registry.npmjs.org/@npmcli%2fnode-gyp 217ms (cache miss)
1230 silly packumentCache full:https://registry.npmjs.org/@npmcli%2fnode-gyp set size:undefined disposed:false
1231 http fetch GET 200 https://registry.npmjs.org/yallist 39ms (cache miss)
1232 silly packumentCache full:https://registry.npmjs.org/yallist set size:undefined disposed:false
1233 http fetch GET 200 https://registry.npmjs.org/glob 235ms (cache miss)
1234 silly packumentCache full:https://registry.npmjs.org/glob set size:undefined disposed:false
1235 http fetch GET 200 https://registry.npmjs.org/ignore-walk 210ms (cache miss)
1236 silly packumentCache full:https://registry.npmjs.org/ignore-walk set size:undefined disposed:false
1237 http fetch GET 200 https://registry.npmjs.org/minipass-collect 218ms (cache miss)
1238 silly packumentCache full:https://registry.npmjs.org/minipass-collect set size:undefined disposed:false
1239 http fetch GET 200 https://registry.npmjs.org/node-gyp 246ms (cache miss)
1240 silly packumentCache full:https://registry.npmjs.org/node-gyp set size:undefined disposed:false
1241 http fetch GET 200 https://registry.npmjs.org/npm-install-checks 219ms (cache miss)
1242 silly packumentCache full:https://registry.npmjs.org/npm-install-checks set size:undefined disposed:false
1243 http fetch GET 200 https://registry.npmjs.org/make-fetch-happen 235ms (cache miss)
1244 silly packumentCache full:https://registry.npmjs.org/make-fetch-happen set size:undefined disposed:false
1245 http fetch GET 200 https://registry.npmjs.org/@isaacs%2ffs-minipass 212ms (cache miss)
1246 silly packumentCache full:https://registry.npmjs.org/@isaacs%2ffs-minipass set size:undefined disposed:false
1247 http fetch GET 200 https://registry.npmjs.org/@npmcli%2fredact 432ms (cache miss)
1248 silly packumentCache full:https://registry.npmjs.org/@npmcli%2fredact set size:undefined disposed:false
1249 http fetch GET 200 https://registry.npmjs.org/@sigstore%2fcore 793ms (cache miss)
1250 silly packumentCache full:https://registry.npmjs.org/@sigstore%2fcore set size:undefined disposed:false
1251 silly placeDep ROOT @gar/promise-retry@1.0.3 OK for: @npmcli/git@7.0.2 want: ^1.0.0
1252 silly placeDep node_modules/@npmcli/git which@6.0.1 OK for: @npmcli/git@7.0.2 want: ^6.0.0
1253 silly fetch manifest isexe@^4.0.0
1254 silly packumentCache full:https://registry.npmjs.org/isexe cache-miss
1255 http cache https://registry.npmjs.org/isexe 4ms (cache hit)
1256 silly packumentCache full:https://registry.npmjs.org/isexe set size:31756 disposed:false
1257 silly placeDep ROOT npm-bundled@5.0.0 OK for: @npmcli/installed-package-contents@4.0.0 want: ^5.0.0
1258 silly placeDep ROOT npm-normalize-package-bin@5.0.0 OK for: @npmcli/installed-package-contents@4.0.0 want: ^5.0.0
1259 silly placeDep ROOT glob@13.0.6 OK for: @npmcli/package-json@7.0.5 want: ^13.0.0
1260 silly placeDep ROOT json-parse-even-better-errors@5.0.0 OK for: @npmcli/package-json@7.0.5 want: ^5.0.0
1261 silly placeDep ROOT spdx-expression-parse@4.0.0 OK for: @npmcli/package-json@7.0.5 want: ^4.0.0
1262 silly fetch manifest minimatch@^10.2.2
1263 silly packumentCache full:https://registry.npmjs.org/minimatch cache-miss
1264 silly fetch manifest path-scurry@^2.0.2
1265 silly packumentCache full:https://registry.npmjs.org/path-scurry cache-miss
1266 silly fetch manifest spdx-exceptions@^2.1.0
1267 silly packumentCache full:https://registry.npmjs.org/spdx-exceptions cache-miss
1268 silly fetch manifest spdx-license-ids@^3.0.0
1269 silly packumentCache full:https://registry.npmjs.org/spdx-license-ids cache-miss
1270 http fetch GET 200 https://registry.npmjs.org/spdx-exceptions 40ms (cache miss)
1271 silly packumentCache full:https://registry.npmjs.org/spdx-exceptions set size:undefined disposed:false
1272 http fetch GET 200 https://registry.npmjs.org/minimatch 43ms (cache miss)
1273 silly packumentCache full:https://registry.npmjs.org/minimatch set size:undefined disposed:false
1274 http fetch GET 200 https://registry.npmjs.org/path-scurry 49ms (cache miss)
1275 silly packumentCache full:https://registry.npmjs.org/path-scurry set size:undefined disposed:false
1276 http fetch GET 200 https://registry.npmjs.org/spdx-license-ids 220ms (cache miss)
1277 silly packumentCache full:https://registry.npmjs.org/spdx-license-ids set size:undefined disposed:false
1278 silly placeDep node_modules/@npmcli/promise-spawn which@6.0.1 OK for: @npmcli/promise-spawn@9.0.1 want: ^6.0.0
1279 silly placeDep ROOT @npmcli/node-gyp@5.0.0 OK for: @npmcli/run-script@10.0.4 want: ^5.0.0
1280 silly placeDep ROOT node-gyp@12.2.0 OK for: @npmcli/run-script@10.0.4 want: ^12.1.0
1281 silly fetch manifest env-paths@^2.2.0
1282 silly packumentCache full:https://registry.npmjs.org/env-paths cache-miss
1283 silly fetch manifest exponential-backoff@^3.1.1
1284 silly packumentCache full:https://registry.npmjs.org/exponential-backoff cache-miss
1285 silly fetch manifest graceful-fs@^4.2.6
1286 silly packumentCache full:https://registry.npmjs.org/graceful-fs cache-miss
1287 silly fetch manifest nopt@^9.0.0
1288 silly packumentCache full:https://registry.npmjs.org/nopt cache-miss
1289 silly fetch manifest tinyglobby@^0.2.12
1290 silly packumentCache full:https://registry.npmjs.org/tinyglobby cache-miss
1291 http fetch GET 200 https://registry.npmjs.org/tinyglobby 39ms (cache miss)
1292 silly packumentCache full:https://registry.npmjs.org/tinyglobby set size:undefined disposed:false
1293 http fetch GET 200 https://registry.npmjs.org/env-paths 42ms (cache miss)
1294 silly packumentCache full:https://registry.npmjs.org/env-paths set size:undefined disposed:false
1295 http fetch GET 200 https://registry.npmjs.org/nopt 45ms (cache miss)
1296 silly packumentCache full:https://registry.npmjs.org/nopt set size:undefined disposed:false
1297 http fetch GET 200 https://registry.npmjs.org/graceful-fs 46ms (cache miss)
1298 silly packumentCache full:https://registry.npmjs.org/graceful-fs set size:undefined disposed:false
1299 http fetch GET 200 https://registry.npmjs.org/exponential-backoff 47ms (cache miss)
1300 silly packumentCache full:https://registry.npmjs.org/exponential-backoff set size:undefined disposed:false
1301 silly placeDep ROOT @npmcli/fs@5.0.0 OK for: cacache@20.0.4 want: ^5.0.0
1302 silly placeDep ROOT minipass-collect@2.0.1 OK for: cacache@20.0.4 want: ^2.0.1
1303 silly placeDep ROOT minipass-flush@1.0.7 OK for: cacache@20.0.4 want: ^1.0.5
1304 silly placeDep ROOT minipass-pipeline@1.2.4 OK for: cacache@20.0.4 want: ^1.2.4
1305 silly placeDep ROOT p-map@7.0.4 OK for: cacache@20.0.4 want: ^7.0.2
1306 silly fetch manifest minipass@^3.0.0
1307 silly packumentCache full:https://registry.npmjs.org/minipass cache-hit
1308 silly fetch manifest minipass@^3.0.0
1309 silly packumentCache full:https://registry.npmjs.org/minipass cache-hit
1310 silly placeDep ROOT minimatch@10.2.5 OK for: glob@13.0.6 want: ^10.2.2
1311 silly placeDep ROOT path-scurry@2.0.2 OK for: glob@13.0.6 want: ^2.0.2
1312 silly fetch manifest brace-expansion@^5.0.5
1313 silly packumentCache full:https://registry.npmjs.org/brace-expansion cache-miss
1314 http fetch GET 200 https://registry.npmjs.org/brace-expansion 223ms (cache miss)
1315 silly packumentCache full:https://registry.npmjs.org/brace-expansion set size:undefined disposed:false
1316 silly placeDep ROOT brace-expansion@5.0.5 OK for: minimatch@10.2.5 want: ^5.0.5
1317 silly fetch manifest balanced-match@^4.0.2
1318 silly packumentCache full:https://registry.npmjs.org/balanced-match cache-miss
1319 http fetch GET 200 https://registry.npmjs.org/balanced-match 39ms (cache miss)
1320 silly packumentCache full:https://registry.npmjs.org/balanced-match set size:undefined disposed:false
1321 silly placeDep ROOT balanced-match@4.0.4 OK for: brace-expansion@5.0.5 want: ^4.0.2
1322 silly placeDep node_modules/minipass-flush minipass@3.3.6 OK for: minipass-flush@1.0.7 want: ^3.0.0
1323 silly fetch manifest yallist@^4.0.0
1324 silly packumentCache full:https://registry.npmjs.org/yallist cache-miss
1325 http cache https://registry.npmjs.org/yallist 3ms (cache hit)
1326 silly packumentCache full:https://registry.npmjs.org/yallist set size:34610 disposed:false
1327 silly placeDep node_modules/minipass-pipeline minipass@3.3.6 OK for: minipass-pipeline@1.2.4 want: ^3.0.0
1328 silly placeDep ROOT env-paths@2.2.1 OK for: node-gyp@12.2.0 want: ^2.2.0
1329 silly placeDep ROOT exponential-backoff@3.1.3 OK for: node-gyp@12.2.0 want: ^3.1.1
1330 silly placeDep ROOT graceful-fs@4.2.11 OK for: node-gyp@12.2.0 want: ^4.2.6
1331 silly placeDep ROOT make-fetch-happen@15.0.5 OK for: node-gyp@12.2.0 want: ^15.0.0
1332 silly placeDep ROOT nopt@9.0.0 OK for: node-gyp@12.2.0 want: ^9.0.0
1333 silly placeDep ROOT tinyglobby@0.2.16 OK for: node-gyp@12.2.0 want: ^0.2.12
1334 silly placeDep node_modules/node-gyp which@6.0.1 OK for: node-gyp@12.2.0 want: ^6.0.0
1335 silly fetch manifest @npmcli/agent@^4.0.0
1336 silly packumentCache full:https://registry.npmjs.org/@npmcli%2fagent cache-miss
1337 silly fetch manifest http-cache-semantics@^4.1.1
1338 silly packumentCache full:https://registry.npmjs.org/http-cache-semantics cache-miss
1339 silly fetch manifest abbrev@^4.0.0
1340 silly packumentCache full:https://registry.npmjs.org/abbrev cache-miss
1341 silly fetch manifest fdir@^6.5.0
1342 silly packumentCache full:https://registry.npmjs.org/fdir cache-miss
1343 http fetch GET 200 https://registry.npmjs.org/abbrev 36ms (cache miss)
1344 silly packumentCache full:https://registry.npmjs.org/abbrev set size:undefined disposed:false
1345 http fetch GET 200 https://registry.npmjs.org/http-cache-semantics 38ms (cache miss)
1346 silly packumentCache full:https://registry.npmjs.org/http-cache-semantics set size:undefined disposed:false
1347 http fetch GET 200 https://registry.npmjs.org/fdir 224ms (cache miss)
1348 silly packumentCache full:https://registry.npmjs.org/fdir set size:undefined disposed:false
1349 http fetch GET 200 https://registry.npmjs.org/@npmcli%2fagent 553ms (cache miss)
1350 silly packumentCache full:https://registry.npmjs.org/@npmcli%2fagent set size:undefined disposed:false
1351 silly placeDep ROOT @npmcli/agent@4.0.0 OK for: make-fetch-happen@15.0.5 want: ^4.0.0
1352 silly placeDep ROOT @npmcli/redact@4.0.0 OK for: make-fetch-happen@15.0.5 want: ^4.0.0
1353 silly placeDep ROOT http-cache-semantics@4.2.0 OK for: make-fetch-happen@15.0.5 want: ^4.1.1
1354 silly placeDep ROOT minipass-fetch@5.0.2 OK for: make-fetch-happen@15.0.5 want: ^5.0.0
1355 silly fetch manifest agent-base@^7.1.0
1356 silly packumentCache full:https://registry.npmjs.org/agent-base cache-miss
1357 silly fetch manifest http-proxy-agent@^7.0.0
1358 silly packumentCache full:https://registry.npmjs.org/http-proxy-agent cache-miss
1359 silly fetch manifest https-proxy-agent@^7.0.1
1360 silly packumentCache full:https://registry.npmjs.org/https-proxy-agent cache-miss
1361 silly fetch manifest socks-proxy-agent@^8.0.3
1362 silly packumentCache full:https://registry.npmjs.org/socks-proxy-agent cache-miss
1363 silly fetch manifest minipass-sized@^2.0.0
1364 silly packumentCache full:https://registry.npmjs.org/minipass-sized cache-miss
1365 http fetch GET 200 https://registry.npmjs.org/http-proxy-agent 40ms (cache miss)
1366 silly packumentCache full:https://registry.npmjs.org/http-proxy-agent set size:undefined disposed:false
1367 http fetch GET 200 https://registry.npmjs.org/agent-base 41ms (cache miss)
1368 silly packumentCache full:https://registry.npmjs.org/agent-base set size:undefined disposed:false
1369 http fetch GET 200 https://registry.npmjs.org/https-proxy-agent 49ms (cache miss)
1370 silly packumentCache full:https://registry.npmjs.org/https-proxy-agent set size:undefined disposed:false
1371 http fetch GET 200 https://registry.npmjs.org/minipass-sized 216ms (cache miss)
1372 silly packumentCache full:https://registry.npmjs.org/minipass-sized set size:undefined disposed:false
1373 http fetch GET 200 https://registry.npmjs.org/socks-proxy-agent 227ms (cache miss)
1374 silly packumentCache full:https://registry.npmjs.org/socks-proxy-agent set size:undefined disposed:false
1375 silly placeDep ROOT agent-base@7.1.4 OK for: @npmcli/agent@4.0.0 want: ^7.1.0
1376 silly placeDep ROOT http-proxy-agent@7.0.2 OK for: @npmcli/agent@4.0.0 want: ^7.0.0
1377 silly placeDep ROOT https-proxy-agent@7.0.6 OK for: @npmcli/agent@4.0.0 want: ^7.0.1
1378 silly placeDep ROOT socks-proxy-agent@8.0.5 OK for: @npmcli/agent@4.0.0 want: ^8.0.3
1379 silly fetch manifest socks@^2.8.3
1380 silly packumentCache full:https://registry.npmjs.org/socks cache-miss
1381 http fetch GET 200 https://registry.npmjs.org/socks 41ms (cache miss)
1382 silly packumentCache full:https://registry.npmjs.org/socks set size:undefined disposed:false
1383 silly placeDep ROOT minipass-sized@2.0.0 OK for: minipass-fetch@5.0.2 want: ^2.0.0
1384 silly placeDep ROOT minizlib@3.1.0 OK for: minipass-fetch@5.0.2 want: ^3.0.1
1385 silly placeDep ROOT abbrev@4.0.0 OK for: nopt@9.0.0 want: ^4.0.0
1386 silly placeDep ROOT ignore-walk@8.0.0 OK for: npm-packlist@10.0.4 want: ^8.0.0
1387 silly placeDep ROOT npm-install-checks@8.0.0 OK for: npm-pick-manifest@11.0.3 want: ^8.0.0
1388 silly placeDep ROOT jsonparse@1.3.1 OK for: npm-registry-fetch@19.1.1 want: ^1.3.1
1389 silly placeDep ROOT entities@6.0.1 OK for: parse5-html-rewriting-stream@8.0.0 want: ^6.0.0
1390 silly placeDep ROOT parse5@8.0.0 OK for: parse5-html-rewriting-stream@8.0.0 want: ^8.0.0
1391 silly placeDep ROOT parse5-sax-parser@8.0.0 OK for: parse5-html-rewriting-stream@8.0.0 want: ^8.0.0
1392 silly placeDep ROOT err-code@2.0.3 OK for: promise-retry@2.0.1 want: ^2.0.2
1393 silly placeDep ROOT retry@0.12.0 OK for: promise-retry@2.0.1 want: ^0.12.0
1394 silly placeDep ROOT forwarded@0.2.0 OK for: proxy-addr@2.0.7 want: 0.2.0
1395 silly placeDep ROOT ipaddr.js@1.9.1 OK for: proxy-addr@2.0.7 want: 1.9.1
1396 silly placeDep ROOT side-channel@1.1.0 OK for: qs@6.15.1 want: ^1.1.0
1397 silly fetch manifest es-errors@^1.3.0
1398 silly packumentCache full:https://registry.npmjs.org/es-errors cache-miss
1399 silly fetch manifest object-inspect@^1.13.3
1400 silly packumentCache full:https://registry.npmjs.org/object-inspect cache-miss
1401 silly fetch manifest side-channel-list@^1.0.0
1402 silly packumentCache full:https://registry.npmjs.org/side-channel-list cache-miss
1403 silly fetch manifest side-channel-map@^1.0.1
1404 silly packumentCache full:https://registry.npmjs.org/side-channel-map cache-miss
1405 silly fetch manifest side-channel-weakmap@^1.0.2
1406 silly packumentCache full:https://registry.npmjs.org/side-channel-weakmap cache-miss
1407 http fetch GET 200 https://registry.npmjs.org/object-inspect 38ms (cache miss)
1408 silly packumentCache full:https://registry.npmjs.org/object-inspect set size:undefined disposed:false
1409 http fetch GET 200 https://registry.npmjs.org/es-errors 40ms (cache miss)
1410 silly packumentCache full:https://registry.npmjs.org/es-errors set size:undefined disposed:false
1411 http fetch GET 200 https://registry.npmjs.org/side-channel-weakmap 40ms (cache miss)
1412 silly packumentCache full:https://registry.npmjs.org/side-channel-weakmap set size:undefined disposed:false
1413 http fetch GET 200 https://registry.npmjs.org/side-channel-map 41ms (cache miss)
1414 silly packumentCache full:https://registry.npmjs.org/side-channel-map set size:undefined disposed:false
1415 http fetch GET 200 https://registry.npmjs.org/side-channel-list 43ms (cache miss)
1416 silly packumentCache full:https://registry.npmjs.org/side-channel-list set size:undefined disposed:false
1417 silly placeDep ROOT unpipe@1.0.0 OK for: raw-body@3.0.2 want: ~1.0.0
1418 silly placeDep ROOT onetime@7.0.0 OK for: restore-cursor@5.1.0 want: ^7.0.0
1419 silly fetch manifest mimic-function@^5.0.0
1420 silly packumentCache full:https://registry.npmjs.org/mimic-function cache-miss
1421 http fetch GET 200 https://registry.npmjs.org/mimic-function 227ms (cache miss)
1422 silly packumentCache full:https://registry.npmjs.org/mimic-function set size:undefined disposed:false
1423 silly placeDep ROOT mimic-function@5.0.1 OK for: onetime@7.0.0 want: ^5.0.0
1424 silly placeDep ROOT is-promise@4.0.0 OK for: router@2.2.0 want: ^4.0.0
1425 silly placeDep ROOT path-to-regexp@8.4.2 OK for: router@2.2.0 want: ^8.0.0
1426 silly placeDep ROOT tslib@2.8.1 OK for: rxjs@7.8.2 want: ^2.1.0
1427 silly placeDep ROOT shebang-regex@3.0.0 OK for: shebang-command@2.0.0 want: ^3.0.0
1428 silly placeDep ROOT es-errors@1.3.0 OK for: side-channel@1.1.0 want: ^1.3.0
1429 silly placeDep ROOT object-inspect@1.13.4 OK for: side-channel@1.1.0 want: ^1.13.3
1430 silly placeDep ROOT side-channel-list@1.0.1 OK for: side-channel@1.1.0 want: ^1.0.0
1431 silly placeDep ROOT side-channel-map@1.0.1 OK for: side-channel@1.1.0 want: ^1.0.1
1432 silly placeDep ROOT side-channel-weakmap@1.0.2 OK for: side-channel@1.1.0 want: ^1.0.2
1433 silly fetch manifest call-bound@^1.0.2
1434 silly packumentCache full:https://registry.npmjs.org/call-bound cache-miss
1435 silly fetch manifest get-intrinsic@^1.2.5
1436 silly packumentCache full:https://registry.npmjs.org/get-intrinsic cache-miss
1437 silly fetch manifest call-bound@^1.0.2
1438 silly packumentCache full:https://registry.npmjs.org/call-bound cache-miss
1439 silly fetch manifest get-intrinsic@^1.2.5
1440 silly packumentCache full:https://registry.npmjs.org/get-intrinsic cache-miss
1441 http fetch GET 200 https://registry.npmjs.org/get-intrinsic 36ms (cache miss)
1442 silly packumentCache full:https://registry.npmjs.org/get-intrinsic set size:undefined disposed:false
1443 http fetch GET 200 https://registry.npmjs.org/get-intrinsic 36ms (cache miss)
1444 silly packumentCache full:https://registry.npmjs.org/get-intrinsic set size:undefined disposed:false
1445 http fetch GET 200 https://registry.npmjs.org/call-bound 38ms (cache miss)
1446 silly packumentCache full:https://registry.npmjs.org/call-bound set size:undefined disposed:false
1447 http fetch GET 200 https://registry.npmjs.org/call-bound 38ms (cache miss)
1448 silly packumentCache full:https://registry.npmjs.org/call-bound set size:undefined disposed:false
1449 silly placeDep ROOT call-bound@1.0.4 OK for: side-channel-map@1.0.1 want: ^1.0.2
1450 silly placeDep ROOT get-intrinsic@1.3.0 OK for: side-channel-map@1.0.1 want: ^1.2.5
1451 silly fetch manifest call-bind-apply-helpers@^1.0.2
1452 silly packumentCache full:https://registry.npmjs.org/call-bind-apply-helpers cache-miss
1453 silly fetch manifest get-intrinsic@^1.3.0
1454 silly packumentCache full:https://registry.npmjs.org/get-intrinsic cache-miss
1455 silly fetch manifest gopd@^1.2.0
1456 silly packumentCache full:https://registry.npmjs.org/gopd cache-miss
1457 silly fetch manifest hasown@^2.0.2
1458 silly packumentCache full:https://registry.npmjs.org/hasown cache-miss
1459 silly fetch manifest get-proto@^1.0.1
1460 silly packumentCache full:https://registry.npmjs.org/get-proto cache-miss
1461 silly fetch manifest has-symbols@^1.1.0
1462 silly packumentCache full:https://registry.npmjs.org/has-symbols cache-miss
1463 silly fetch manifest function-bind@^1.1.2
1464 silly packumentCache full:https://registry.npmjs.org/function-bind cache-miss
1465 silly fetch manifest es-object-atoms@^1.1.1
1466 silly packumentCache full:https://registry.npmjs.org/es-object-atoms cache-miss
1467 silly fetch manifest math-intrinsics@^1.1.0
1468 silly packumentCache full:https://registry.npmjs.org/math-intrinsics cache-miss
1469 silly fetch manifest es-define-property@^1.0.1
1470 silly packumentCache full:https://registry.npmjs.org/es-define-property cache-miss
1471 silly fetch manifest call-bind-apply-helpers@^1.0.2
1472 silly packumentCache full:https://registry.npmjs.org/call-bind-apply-helpers cache-miss
1473 http cache https://registry.npmjs.org/get-intrinsic 8ms (cache hit)
1474 silly packumentCache full:https://registry.npmjs.org/get-intrinsic set size:60985 disposed:false
1475 http fetch GET 200 https://registry.npmjs.org/hasown 39ms (cache miss)
1476 silly packumentCache full:https://registry.npmjs.org/hasown set size:undefined disposed:false
1477 http fetch GET 200 https://registry.npmjs.org/es-object-atoms 41ms (cache miss)
1478 silly packumentCache full:https://registry.npmjs.org/es-object-atoms set size:undefined disposed:false
1479 http fetch GET 200 https://registry.npmjs.org/math-intrinsics 44ms (cache miss)
1480 silly packumentCache full:https://registry.npmjs.org/math-intrinsics set size:undefined disposed:false
1481 http fetch GET 200 https://registry.npmjs.org/es-define-property 45ms (cache miss)
1482 silly packumentCache full:https://registry.npmjs.org/es-define-property set size:undefined disposed:false
1483 http fetch GET 200 https://registry.npmjs.org/function-bind 46ms (cache miss)
1484 silly packumentCache full:https://registry.npmjs.org/function-bind set size:undefined disposed:false
1485 http fetch GET 200 https://registry.npmjs.org/has-symbols 48ms (cache miss)
1486 silly packumentCache full:https://registry.npmjs.org/has-symbols set size:undefined disposed:false
1487 http fetch GET 200 https://registry.npmjs.org/get-proto 49ms (cache miss)
1488 silly packumentCache full:https://registry.npmjs.org/get-proto set size:undefined disposed:false
1489 http fetch GET 200 https://registry.npmjs.org/gopd 50ms (cache miss)
1490 silly packumentCache full:https://registry.npmjs.org/gopd set size:undefined disposed:false
1491 http fetch GET 200 https://registry.npmjs.org/call-bind-apply-helpers 52ms (cache miss)
1492 silly packumentCache full:https://registry.npmjs.org/call-bind-apply-helpers set size:undefined disposed:false
1493 http fetch GET 200 https://registry.npmjs.org/call-bind-apply-helpers 52ms (cache miss)
1494 silly packumentCache full:https://registry.npmjs.org/call-bind-apply-helpers set size:undefined disposed:false
1495 silly placeDep ROOT call-bind-apply-helpers@1.0.2 OK for: call-bound@1.0.4 want: ^1.0.2
1496 silly placeDep ROOT function-bind@1.1.2 OK for: call-bind-apply-helpers@1.0.2 want: ^1.1.2
1497 silly placeDep ROOT es-define-property@1.0.1 OK for: get-intrinsic@1.3.0 want: ^1.0.1
1498 silly placeDep ROOT es-object-atoms@1.1.1 OK for: get-intrinsic@1.3.0 want: ^1.1.1
1499 silly placeDep ROOT get-proto@1.0.1 OK for: get-intrinsic@1.3.0 want: ^1.0.1
1500 silly placeDep ROOT gopd@1.2.0 OK for: get-intrinsic@1.3.0 want: ^1.2.0
1501 silly placeDep ROOT has-symbols@1.1.0 OK for: get-intrinsic@1.3.0 want: ^1.1.0
1502 silly placeDep ROOT hasown@2.0.2 OK for: get-intrinsic@1.3.0 want: ^2.0.2
1503 silly placeDep ROOT math-intrinsics@1.1.0 OK for: get-intrinsic@1.3.0 want: ^1.1.0
1504 silly fetch manifest dunder-proto@^1.0.1
1505 silly packumentCache full:https://registry.npmjs.org/dunder-proto cache-miss
1506 http fetch GET 200 https://registry.npmjs.org/dunder-proto 34ms (cache miss)
1507 silly packumentCache full:https://registry.npmjs.org/dunder-proto set size:undefined disposed:false
1508 silly placeDep ROOT dunder-proto@1.0.1 OK for: get-proto@1.0.1 want: ^1.0.1
1509 silly placeDep ROOT @sigstore/bundle@4.0.0 OK for: sigstore@4.1.0 want: ^4.0.0
1510 silly placeDep ROOT @sigstore/core@3.2.0 OK for: sigstore@4.1.0 want: ^3.1.0
1511 silly placeDep ROOT @sigstore/protobuf-specs@0.5.1 OK for: sigstore@4.1.0 want: ^0.5.0
1512 silly placeDep ROOT @sigstore/sign@4.1.1 OK for: sigstore@4.1.0 want: ^4.1.0
1513 silly placeDep ROOT @sigstore/tuf@4.0.2 OK for: sigstore@4.1.0 want: ^4.0.1
1514 silly placeDep ROOT @sigstore/verify@3.1.0 OK for: sigstore@4.1.0 want: ^3.1.0
1515 silly fetch manifest tuf-js@^4.1.0
1516 silly packumentCache full:https://registry.npmjs.org/tuf-js cache-miss
1517 http fetch GET 200 https://registry.npmjs.org/tuf-js 31ms (cache miss)
1518 silly packumentCache full:https://registry.npmjs.org/tuf-js set size:undefined disposed:false
1519 silly placeDep ROOT tuf-js@4.1.0 OK for: @sigstore/tuf@4.0.2 want: ^4.1.0
1520 silly fetch manifest @tufjs/models@4.1.0
1521 silly packumentCache full:https://registry.npmjs.org/@tufjs%2fmodels cache-miss
1522 http fetch GET 200 https://registry.npmjs.org/@tufjs%2fmodels 785ms (cache miss)
1523 silly packumentCache full:https://registry.npmjs.org/@tufjs%2fmodels set size:undefined disposed:false
1524 silly placeDep ROOT ansi-styles@6.2.3 OK for: slice-ansi@8.0.0 want: ^6.2.3
1525 silly placeDep ROOT is-fullwidth-code-point@5.1.0 OK for: slice-ansi@8.0.0 want: ^5.1.0
1526 silly fetch manifest get-east-asian-width@^1.3.1
1527 silly packumentCache full:https://registry.npmjs.org/get-east-asian-width cache-miss
1528 http cache https://registry.npmjs.org/get-east-asian-width 3ms (cache hit)
1529 silly packumentCache full:https://registry.npmjs.org/get-east-asian-width set size:18337 disposed:false
1530 silly placeDep ROOT get-east-asian-width@1.5.0 OK for: is-fullwidth-code-point@5.1.0 want: ^1.3.1
1531 silly placeDep ROOT socks@2.8.7 OK for: socks-proxy-agent@8.0.5 want: ^2.8.3
1532 silly fetch manifest smart-buffer@^4.2.0
1533 silly packumentCache full:https://registry.npmjs.org/smart-buffer cache-miss
1534 http fetch GET 200 https://registry.npmjs.org/smart-buffer 37ms (cache miss)
1535 silly packumentCache full:https://registry.npmjs.org/smart-buffer set size:undefined disposed:false
1536 silly placeDep ROOT smart-buffer@4.2.0 OK for: socks@2.8.7 want: ^4.2.0
1537 silly placeDep ROOT spdx-exceptions@2.5.0 OK for: spdx-expression-parse@4.0.0 want: ^2.1.0
1538 silly placeDep ROOT spdx-license-ids@3.0.23 OK for: spdx-expression-parse@4.0.0 want: ^3.0.0
1539 silly placeDep ROOT ansi-regex@6.2.2 OK for: strip-ansi@7.2.0 want: ^6.2.2
1540 silly placeDep ROOT @isaacs/fs-minipass@4.0.1 OK for: tar@7.5.13 want: ^4.0.0
1541 silly placeDep ROOT chownr@3.0.0 OK for: tar@7.5.13 want: ^3.0.0
1542 silly placeDep ROOT yallist@5.0.0 OK for: tar@7.5.13 want: ^5.0.0
1543 silly fetch manifest picomatch@^4.0.4
1544 silly packumentCache full:https://registry.npmjs.org/picomatch cache-miss
1545 http cache https://registry.npmjs.org/picomatch 4ms (cache hit)
1546 silly packumentCache full:https://registry.npmjs.org/picomatch set size:126376 disposed:false
1547 silly placeDep ROOT fdir@6.5.0 OK for: tinyglobby@0.2.16 want: ^6.5.0
1548 silly placeDep ROOT @tufjs/models@4.1.0 OK for: tuf-js@4.1.0 want: 4.1.0
1549 silly fetch manifest @tufjs/canonical-json@2.0.0
1550 silly packumentCache full:https://registry.npmjs.org/@tufjs%2fcanonical-json cache-miss
1551 http fetch GET 200 https://registry.npmjs.org/@tufjs%2fcanonical-json 599ms (cache miss)
1552 silly packumentCache full:https://registry.npmjs.org/@tufjs%2fcanonical-json set size:undefined disposed:false
1553 silly placeDep ROOT @tufjs/canonical-json@2.0.0 OK for: @tufjs/models@4.1.0 want: 2.0.0
1554 silly placeDep ROOT media-typer@1.1.0 OK for: type-is@2.0.1 want: ^1.1.0
1555 silly placeDep ROOT isexe@2.0.0 OK for: which@2.0.2 want: ^2.0.0
1556 silly placeDep node_modules/wrap-ansi ansi-styles@4.3.0 OK for: wrap-ansi@6.2.0 want: ^4.0.0
1557 silly placeDep node_modules/wrap-ansi string-width@4.2.3 OK for: wrap-ansi@6.2.0 want: ^4.1.0
1558 silly placeDep node_modules/wrap-ansi strip-ansi@6.0.1 OK for: wrap-ansi@6.2.0 want: ^6.0.0
1559 silly fetch manifest color-convert@^2.0.1
1560 silly packumentCache full:https://registry.npmjs.org/color-convert cache-miss
1561 silly fetch manifest strip-ansi@^6.0.1
1562 silly packumentCache full:https://registry.npmjs.org/strip-ansi cache-hit
1563 silly fetch manifest emoji-regex@^8.0.0
1564 silly packumentCache full:https://registry.npmjs.org/emoji-regex cache-miss
1565 silly fetch manifest is-fullwidth-code-point@^3.0.0
1566 silly packumentCache full:https://registry.npmjs.org/is-fullwidth-code-point cache-hit
1567 silly fetch manifest ansi-regex@^5.0.1
1568 silly packumentCache full:https://registry.npmjs.org/ansi-regex cache-miss
1569 http cache https://registry.npmjs.org/ansi-regex 6ms (cache hit)
1570 silly packumentCache full:https://registry.npmjs.org/ansi-regex set size:43572 disposed:false
1571 http fetch GET 200 https://registry.npmjs.org/color-convert 39ms (cache miss)
1572 silly packumentCache full:https://registry.npmjs.org/color-convert set size:undefined disposed:false
1573 http fetch GET 200 https://registry.npmjs.org/emoji-regex 221ms (cache miss)
1574 silly packumentCache full:https://registry.npmjs.org/emoji-regex set size:undefined disposed:false
1575 silly placeDep ROOT cliui@9.0.1 OK for: yargs@18.0.0 want: ^9.0.1
1576 silly placeDep ROOT escalade@3.2.0 OK for: yargs@18.0.0 want: ^3.1.1
1577 silly placeDep ROOT get-caller-file@2.0.5 OK for: yargs@18.0.0 want: ^2.0.5
1578 silly placeDep node_modules/yargs string-width@7.2.0 OK for: yargs@18.0.0 want: ^7.2.0
1579 silly placeDep ROOT y18n@5.0.8 OK for: yargs@18.0.0 want: ^5.0.5
1580 silly placeDep ROOT yargs-parser@22.0.0 OK for: yargs@18.0.0 want: ^22.0.0
1581 silly fetch manifest emoji-regex@^10.3.0
1582 silly packumentCache full:https://registry.npmjs.org/emoji-regex cache-miss
1583 http cache https://registry.npmjs.org/emoji-regex 4ms (cache hit)
1584 silly packumentCache full:https://registry.npmjs.org/emoji-regex set size:89088 disposed:false
1585 silly placeDep node_modules/cliui string-width@7.2.0 OK for: cliui@9.0.1 want: ^7.2.0
1586 silly placeDep node_modules/cliui wrap-ansi@9.0.2 OK for: cliui@9.0.1 want: ^9.0.0
1587 silly placeDep node_modules/@npmcli/git isexe@4.0.0 OK for: which@6.0.1 want: ^4.0.0
1588 silly placeDep node_modules/@npmcli/promise-spawn isexe@4.0.0 OK for: which@6.0.1 want: ^4.0.0
1589 silly placeDep ROOT emoji-regex@10.6.0 OK for: string-width@7.2.0 want: ^10.3.0
1590 silly placeDep node_modules/listr2 string-width@7.2.0 OK for: wrap-ansi@9.0.2 want: ^7.0.0
1591 silly placeDep node_modules/log-update string-width@7.2.0 OK for: wrap-ansi@9.0.2 want: ^7.0.0
1592 silly placeDep node_modules/minipass-flush yallist@4.0.0 OK for: minipass@3.3.6 want: ^4.0.0
1593 silly placeDep node_modules/minipass-pipeline yallist@4.0.0 OK for: minipass@3.3.6 want: ^4.0.0
1594 silly placeDep node_modules/node-gyp isexe@4.0.0 OK for: which@6.0.1 want: ^4.0.0
1595 silly placeDep ROOT color-convert@2.0.1 OK for: ansi-styles@4.3.0 want: ^2.0.1
1596 silly fetch manifest color-name@~1.1.4
1597 silly packumentCache full:https://registry.npmjs.org/color-name cache-miss
1598 http fetch GET 200 https://registry.npmjs.org/color-name 34ms (cache miss)
1599 silly packumentCache full:https://registry.npmjs.org/color-name set size:undefined disposed:false
1600 silly placeDep ROOT color-name@1.1.4 OK for: color-convert@2.0.1 want: ~1.1.4
1601 silly placeDep node_modules/wrap-ansi emoji-regex@8.0.0 OK for: string-width@4.2.3 want: ^8.0.0
1602 silly placeDep node_modules/wrap-ansi is-fullwidth-code-point@3.0.0 OK for: string-width@4.2.3 want: ^3.0.0
1603 silly placeDep node_modules/wrap-ansi ansi-regex@5.0.1 OK for: strip-ansi@6.0.1 want: ^5.0.1
1604 silly reify moves {}
1605 silly audit bulk request {
1605 silly audit   '@angular/cli': [ '21.2.7' ],
1605 silly audit   '@angular-devkit/architect': [ '0.2102.7' ],
1605 silly audit   '@angular-devkit/core': [ '21.2.7' ],
1605 silly audit   '@angular-devkit/schematics': [ '21.2.7' ],
1605 silly audit   '@inquirer/prompts': [ '7.10.1' ],
1605 silly audit   '@listr2/prompt-adapter-inquirer': [ '3.0.5' ],
1605 silly audit   listr2: [ '9.0.5' ],
1605 silly audit   '@modelcontextprotocol/sdk': [ '1.26.0' ],
1605 silly audit   '@schematics/angular': [ '21.2.7' ],
1605 silly audit   '@yarnpkg/lockfile': [ '1.1.0' ],
1605 silly audit   algoliasearch: [ '5.48.1' ],
1605 silly audit   ini: [ '6.0.0' ],
1605 silly audit   'jsonc-parser': [ '3.3.1' ],
1605 silly audit   'npm-package-arg': [ '13.0.2' ],
1605 silly audit   pacote: [ '21.3.1' ],
1605 silly audit   'parse5-html-rewriting-stream': [ '8.0.0' ],
1605 silly audit   semver: [ '7.7.4' ],
1605 silly audit   yargs: [ '18.0.0' ],
1605 silly audit   zod: [ '4.3.6' ],
1605 silly audit   rxjs: [ '7.8.2' ],
1605 silly audit   ajv: [ '8.18.0' ],
1605 silly audit   'ajv-formats': [ '3.0.1' ],
1605 silly audit   picomatch: [ '4.0.4' ],
1605 silly audit   'source-map': [ '0.7.6' ],
1605 silly audit   'magic-string': [ '0.30.21' ],
1605 silly audit   ora: [ '9.3.0' ],
1605 silly audit   '@inquirer/checkbox': [ '4.3.2' ],
1605 silly audit   '@inquirer/confirm': [ '5.1.21' ],
1605 silly audit   '@inquirer/editor': [ '4.2.23' ],
1605 silly audit   '@inquirer/expand': [ '4.0.23' ],
1605 silly audit   '@inquirer/input': [ '4.3.1' ],
1605 silly audit   '@inquirer/number': [ '3.0.23' ],
1605 silly audit   '@inquirer/password': [ '4.0.23' ],
1605 silly audit   '@inquirer/rawlist': [ '4.1.11' ],
1605 silly audit   '@inquirer/search': [ '3.2.2' ],
1605 silly audit   '@inquirer/select': [ '4.4.2' ],
1605 silly audit   '@inquirer/ansi': [ '1.0.2' ],
1605 silly audit   '@inquirer/core': [ '10.3.2' ],
1605 silly audit   '@inquirer/figures': [ '1.0.15' ],
1605 silly audit   '@inquirer/type': [ '3.0.10' ],
1605 silly audit   'yoctocolors-cjs': [ '2.1.3' ],
1605 silly audit   'cli-width': [ '4.1.0' ],
1605 silly audit   'mute-stream': [ '2.0.0' ],
1605 silly audit   'signal-exit': [ '4.1.0' ],
1605 silly audit   'wrap-ansi': [ '6.2.0', '9.0.2' ],
1605 silly audit   '@inquirer/external-editor': [ '1.0.3' ],
1605 silly audit   chardet: [ '2.1.1' ],
1605 silly audit   'iconv-lite': [ '0.7.2' ],
1605 silly audit   '@hono/node-server': [ '1.19.14' ],
1605 silly audit   hono: [ '4.12.14' ],
1605 silly audit   'content-type': [ '1.0.5' ],
1605 silly audit   cors: [ '2.8.6' ],
1605 silly audit   'cross-spawn': [ '7.0.6' ],
1605 silly audit   eventsource: [ '3.0.7' ],
1605 silly audit   'eventsource-parser': [ '3.0.6' ],
1605 silly audit   express: [ '5.2.1' ],
1605 silly audit   'express-rate-limit': [ '8.3.2' ],
1605 silly audit   jose: [ '6.2.2' ],
1605 silly audit   'json-schema-typed': [ '8.0.2' ],
1605 silly audit   'pkce-challenge': [ '5.0.1' ],
1605 silly audit   'raw-body': [ '3.0.2' ],
1605 silly audit   'zod-to-json-schema': [ '3.25.2' ],
1605 silly audit   'fast-deep-equal': [ '3.1.3' ],
1605 silly audit   'fast-uri': [ '3.1.0' ],
1605 silly audit   'json-schema-traverse': [ '1.0.0' ],
1605 silly audit   'require-from-string': [ '2.0.2' ],
1605 silly audit   '@algolia/abtesting': [ '1.14.1' ],
1605 silly audit   '@algolia/client-abtesting': [ '5.48.1' ],
1605 silly audit   '@algolia/client-analytics': [ '5.48.1' ],
1605 silly audit   '@algolia/client-common': [ '5.48.1' ],
1605 silly audit   '@algolia/client-insights': [ '5.48.1' ],
1605 silly audit   '@algolia/client-personalization': [ '5.48.1' ],
1605 silly audit   '@algolia/client-query-suggestions': [ '5.48.1' ],
1605 silly audit   '@algolia/client-search': [ '5.48.1' ],
1605 silly audit   '@algolia/ingestion': [ '1.48.1' ],
1605 silly audit   '@algolia/monitoring': [ '1.48.1' ],
1605 silly audit   '@algolia/recommend': [ '5.48.1' ],
1605 silly audit   '@algolia/requester-browser-xhr': [ '5.48.1' ],
1605 silly audit   '@algolia/requester-fetch': [ '5.48.1' ],
1605 silly audit   '@algolia/requester-node-http': [ '5.48.1' ],
1605 silly audit   'object-assign': [ '4.1.1' ],
1605 silly audit   vary: [ '1.1.2' ],
1605 silly audit   'path-key': [ '3.1.1' ],
1605 silly audit   'shebang-command': [ '2.0.0' ],
1605 silly audit   which: [ '2.0.2', '6.0.1' ],
1605 silly audit   accepts: [ '2.0.0' ],
1605 silly audit   'body-parser': [ '2.2.2' ],
1605 silly audit   'content-disposition': [ '1.1.0' ],
1605 silly audit   cookie: [ '0.7.2' ],
1605 silly audit   'cookie-signature': [ '1.2.2' ],
1605 silly audit   debug: [ '4.4.3' ],
1605 silly audit   depd: [ '2.0.0' ],
1605 silly audit   encodeurl: [ '2.0.0' ],
1605 silly audit   'escape-html': [ '1.0.3' ],
1605 silly audit   etag: [ '1.8.1' ],
1605 silly audit   finalhandler: [ '2.1.1' ],
1605 silly audit   fresh: [ '2.0.0' ],
1605 silly audit   'http-errors': [ '2.0.1' ],
1605 silly audit   'merge-descriptors': [ '2.0.0' ],
1605 silly audit   'mime-types': [ '3.0.2' ],
1605 silly audit   'on-finished': [ '2.4.1' ],
1605 silly audit   once: [ '1.4.0' ],
1605 silly audit   parseurl: [ '1.3.3' ],
1605 silly audit   'proxy-addr': [ '2.0.7' ],
1605 silly audit   qs: [ '6.15.1' ],
1605 silly audit   'range-parser': [ '1.2.1' ],
1605 silly audit   router: [ '2.2.0' ],
1605 silly audit   send: [ '1.2.1' ],
1605 silly audit   'serve-static': [ '2.2.1' ],
1605 silly audit   statuses: [ '2.0.2' ],
1605 silly audit   'type-is': [ '2.0.1' ],
1605 silly audit   negotiator: [ '1.0.0' ],
1605 silly audit   bytes: [ '3.1.2' ],
1605 silly audit   ms: [ '2.1.3' ],
1605 silly audit   'ip-address': [ '10.1.0' ],
1605 silly audit   inherits: [ '2.0.4' ],
1605 silly audit   setprototypeof: [ '1.2.0' ],
1605 silly audit   toidentifier: [ '1.0.1' ],
1605 silly audit   'safer-buffer': [ '2.1.2' ],
1605 silly audit   'cli-truncate': [ '5.2.0' ],
1605 silly audit   colorette: [ '2.0.20' ],
1605 silly audit   eventemitter3: [ '5.0.4' ],
1605 silly audit   'log-update': [ '6.1.0' ],
1605 silly audit   rfdc: [ '1.4.1' ],
1605 silly audit   'slice-ansi': [ '8.0.0', '7.1.2' ],
1605 silly audit   'string-width': [ '8.2.0', '4.2.3', '7.2.0' ],
1605 silly audit   'ansi-escapes': [ '7.3.0' ],
1605 silly audit   'cli-cursor': [ '5.0.0' ],
1605 silly audit   'strip-ansi': [ '7.2.0', '6.0.1' ],
1605 silly audit   environment: [ '1.1.0' ],
1605 silly audit   'restore-cursor': [ '5.1.0' ],
1605 silly audit   '@jridgewell/sourcemap-codec': [ '1.5.5' ],
1605 silly audit   'mime-db': [ '1.54.0' ],
1605 silly audit   'hosted-git-info': [ '9.0.2' ],
1605 silly audit   'proc-log': [ '6.1.0' ],
1605 silly audit   'validate-npm-package-name': [ '7.0.2' ],
1605 silly audit   'lru-cache': [ '11.3.5' ],
1605 silly audit   'ee-first': [ '1.1.1' ],
1605 silly audit   wrappy: [ '1.0.2' ],
1605 silly audit   chalk: [ '5.6.2' ],
1605 silly audit   'cli-spinners': [ '3.4.0' ],
1605 silly audit   'is-interactive': [ '2.0.0' ],
1605 silly audit   'is-unicode-supported': [ '2.1.0' ],
1605 silly audit   'log-symbols': [ '7.0.1' ],
1605 silly audit   'stdin-discarder': [ '0.3.2' ],
1605 silly audit   yoctocolors: [ '2.1.2' ],
1605 silly audit   '@npmcli/git': [ '7.0.2' ],
1605 silly audit   '@npmcli/installed-package-contents': [ '4.0.0' ],
1605 silly audit   '@npmcli/package-json': [ '7.0.5' ],
1605 silly audit   '@npmcli/promise-spawn': [ '9.0.1' ],
1605 silly audit   '@npmcli/run-script': [ '10.0.4' ],
1605 silly audit   cacache: [ '20.0.4' ],
1605 silly audit   'fs-minipass': [ '3.0.3' ],
1605 silly audit   minipass: [ '7.1.3', '3.3.6' ],
1605 silly audit   'npm-packlist': [ '10.0.4' ],
1605 silly audit   'npm-pick-manifest': [ '11.0.3' ],
1605 silly audit   'npm-registry-fetch': [ '19.1.1' ],
1605 silly audit   'promise-retry': [ '2.0.1' ],
1605 silly audit   sigstore: [ '4.1.0' ],
1605 silly audit   ssri: [ '13.0.1' ],
1605 silly audit   tar: [ '7.5.13' ],
1605 silly audit   '@gar/promise-retry': [ '1.0.3' ],
1605 silly audit   'npm-bundled': [ '5.0.0' ],
1605 silly audit   'npm-normalize-package-bin': [ '5.0.0' ],
1605 silly audit   glob: [ '13.0.6' ],
1605 silly audit   'json-parse-even-better-errors': [ '5.0.0' ],
1605 silly audit   'spdx-expression-parse': [ '4.0.0' ],
1605 silly audit   '@npmcli/node-gyp': [ '5.0.0' ],
1605 silly audit   'node-gyp': [ '12.2.0' ],
1605 silly audit   '@npmcli/fs': [ '5.0.0' ],
1605 silly audit   'minipass-collect': [ '2.0.1' ],
1605 silly audit   'minipass-flush': [ '1.0.7' ],
1605 silly audit   'minipass-pipeline': [ '1.2.4' ],
1605 silly audit   'p-map': [ '7.0.4' ],
1605 silly audit   minimatch: [ '10.2.5' ],
1605 silly audit   'path-scurry': [ '2.0.2' ],
1605 silly audit   'brace-expansion': [ '5.0.5' ],
1605 silly audit   'balanced-match': [ '4.0.4' ],
1605 silly audit   'env-paths': [ '2.2.1' ],
1605 silly audit   'exponential-backoff': [ '3.1.3' ],
1605 silly audit   'graceful-fs': [ '4.2.11' ],
1605 silly audit   'make-fetch-happen': [ '15.0.5' ],
1605 silly audit   nopt: [ '9.0.0' ],
1605 silly audit   tinyglobby: [ '0.2.16' ],
1605 silly audit   '@npmcli/agent': [ '4.0.0' ],
1605 silly audit   '@npmcli/redact': [ '4.0.0' ],
1605 silly audit   'http-cache-semantics': [ '4.2.0' ],
1605 silly audit   'minipass-fetch': [ '5.0.2' ],
1605 silly audit   'agent-base': [ '7.1.4' ],
1605 silly audit   'http-proxy-agent': [ '7.0.2' ],
1605 silly audit   'https-proxy-agent': [ '7.0.6' ],
1605 silly audit   'socks-proxy-agent': [ '8.0.5' ],
1605 silly audit   'minipass-sized': [ '2.0.0' ],
1605 silly audit   minizlib: [ '3.1.0' ],
1605 silly audit   abbrev: [ '4.0.0' ],
1605 silly audit   'ignore-walk': [ '8.0.0' ],
1605 silly audit   'npm-install-checks': [ '8.0.0' ],
1605 silly audit   jsonparse: [ '1.3.1' ],
1605 silly audit   entities: [ '6.0.1' ],
1605 silly audit   parse5: [ '8.0.0' ],
1605 silly audit   'parse5-sax-parser': [ '8.0.0' ],
1605 silly audit   'err-code': [ '2.0.3' ],
1605 silly audit   retry: [ '0.12.0' ],
1605 silly audit   forwarded: [ '0.2.0' ],
1605 silly audit   'ipaddr.js': [ '1.9.1' ],
1605 silly audit   'side-channel': [ '1.1.0' ],
1605 silly audit   unpipe: [ '1.0.0' ],
1605 silly audit   onetime: [ '7.0.0' ],
1605 silly audit   'mimic-function': [ '5.0.1' ],
1605 silly audit   'is-promise': [ '4.0.0' ],
1605 silly audit   'path-to-regexp': [ '8.4.2' ],
1605 silly audit   tslib: [ '2.8.1' ],
1605 silly audit   'shebang-regex': [ '3.0.0' ],
1605 silly audit   'es-errors': [ '1.3.0' ],
1605 silly audit   'object-inspect': [ '1.13.4' ],
1605 silly audit   'side-channel-list': [ '1.0.1' ],
1605 silly audit   'side-channel-map': [ '1.0.1' ],
1605 silly audit   'side-channel-weakmap': [ '1.0.2' ],
1605 silly audit   'call-bound': [ '1.0.4' ],
1605 silly audit   'get-intrinsic': [ '1.3.0' ],
1605 silly audit   'call-bind-apply-helpers': [ '1.0.2' ],
1605 silly audit   'function-bind': [ '1.1.2' ],
1605 silly audit   'es-define-property': [ '1.0.1' ],
1605 silly audit   'es-object-atoms': [ '1.1.1' ],
1605 silly audit   'get-proto': [ '1.0.1' ],
1605 silly audit   gopd: [ '1.2.0' ],
1605 silly audit   'has-symbols': [ '1.1.0' ],
1605 silly audit   hasown: [ '2.0.2' ],
1605 silly audit   'math-intrinsics': [ '1.1.0' ],
1605 silly audit   'dunder-proto': [ '1.0.1' ],
1605 silly audit   '@sigstore/bundle': [ '4.0.0' ],
1605 silly audit   '@sigstore/core': [ '3.2.0' ],
1605 silly audit   '@sigstore/protobuf-specs': [ '0.5.1' ],
1605 silly audit   '@sigstore/sign': [ '4.1.1' ],
1605 silly audit   '@sigstore/tuf': [ '4.0.2' ],
1605 silly audit   '@sigstore/verify': [ '3.1.0' ],
1605 silly audit   'tuf-js': [ '4.1.0' ],
1605 silly audit   'ansi-styles': [ '6.2.3', '4.3.0' ],
1605 silly audit   'is-fullwidth-code-point': [ '5.1.0', '3.0.0' ],
1605 silly audit   'get-east-asian-width': [ '1.5.0' ],
1605 silly audit   socks: [ '2.8.7' ],
1605 silly audit   'smart-buffer': [ '4.2.0' ],
1605 silly audit   'spdx-exceptions': [ '2.5.0' ],
1605 silly audit   'spdx-license-ids': [ '3.0.23' ],
1605 silly audit   'ansi-regex': [ '6.2.2', '5.0.1' ],
1605 silly audit   '@isaacs/fs-minipass': [ '4.0.1' ],
1605 silly audit   chownr: [ '3.0.0' ],
1605 silly audit   yallist: [ '5.0.0', '4.0.0' ],
1605 silly audit   fdir: [ '6.5.0' ],
1605 silly audit   '@tufjs/models': [ '4.1.0' ],
1605 silly audit   '@tufjs/canonical-json': [ '2.0.0' ],
1605 silly audit   'media-typer': [ '1.1.0' ],
1605 silly audit   isexe: [ '2.0.0', '4.0.0' ],
1605 silly audit   cliui: [ '9.0.1' ],
1605 silly audit   escalade: [ '3.2.0' ],
1605 silly audit   'get-caller-file': [ '2.0.5' ],
1605 silly audit   y18n: [ '5.0.8' ],
1605 silly audit   'yargs-parser': [ '22.0.0' ],
1605 silly audit   'emoji-regex': [ '10.6.0', '8.0.0' ],
1605 silly audit   'color-convert': [ '2.0.1' ],
1605 silly audit   'color-name': [ '1.1.4' ]
1605 silly audit }
1606 http cache color-name@https://registry.npmjs.org/color-name/-/color-name-1.1.4.tgz 0ms (cache hit)
1607 http cache color-convert@https://registry.npmjs.org/color-convert/-/color-convert-2.0.1.tgz 0ms (cache hit)
1608 http cache emoji-regex@https://registry.npmjs.org/emoji-regex/-/emoji-regex-10.6.0.tgz 0ms (cache hit)
1609 http cache yargs-parser@https://registry.npmjs.org/yargs-parser/-/yargs-parser-22.0.0.tgz 0ms (cache hit)
1610 http cache y18n@https://registry.npmjs.org/y18n/-/y18n-5.0.8.tgz 0ms (cache hit)
1611 http cache get-caller-file@https://registry.npmjs.org/get-caller-file/-/get-caller-file-2.0.5.tgz 0ms (cache hit)
1612 http cache escalade@https://registry.npmjs.org/escalade/-/escalade-3.2.0.tgz 0ms (cache hit)
1613 http cache cliui@https://registry.npmjs.org/cliui/-/cliui-9.0.1.tgz 0ms (cache hit)
1614 http cache isexe@https://registry.npmjs.org/isexe/-/isexe-2.0.0.tgz 0ms (cache hit)
1615 http cache @tufjs/canonical-json@https://registry.npmjs.org/@tufjs/canonical-json/-/canonical-json-2.0.0.tgz 0ms (cache hit)
1616 http cache @tufjs/models@https://registry.npmjs.org/@tufjs/models/-/models-4.1.0.tgz 0ms (cache hit)
1617 http cache @isaacs/fs-minipass@https://registry.npmjs.org/@isaacs/fs-minipass/-/fs-minipass-4.0.1.tgz 0ms (cache hit)
1618 http cache media-typer@https://registry.npmjs.org/media-typer/-/media-typer-1.1.0.tgz 0ms (cache hit)
1619 http cache fdir@https://registry.npmjs.org/fdir/-/fdir-6.5.0.tgz 0ms (cache hit)
1620 http cache chownr@https://registry.npmjs.org/chownr/-/chownr-3.0.0.tgz 0ms (cache hit)
1621 http cache yallist@https://registry.npmjs.org/yallist/-/yallist-5.0.0.tgz 0ms (cache hit)
1622 http cache ansi-regex@https://registry.npmjs.org/ansi-regex/-/ansi-regex-6.2.2.tgz 0ms (cache hit)
1623 http cache spdx-license-ids@https://registry.npmjs.org/spdx-license-ids/-/spdx-license-ids-3.0.23.tgz 0ms (cache hit)
1624 http cache spdx-exceptions@https://registry.npmjs.org/spdx-exceptions/-/spdx-exceptions-2.5.0.tgz 0ms (cache hit)
1625 http cache smart-buffer@https://registry.npmjs.org/smart-buffer/-/smart-buffer-4.2.0.tgz 0ms (cache hit)
1626 http cache socks@https://registry.npmjs.org/socks/-/socks-2.8.7.tgz 0ms (cache hit)
1627 http cache get-east-asian-width@https://registry.npmjs.org/get-east-asian-width/-/get-east-asian-width-1.5.0.tgz 0ms (cache hit)
1628 http cache @sigstore/verify@https://registry.npmjs.org/@sigstore/verify/-/verify-3.1.0.tgz 0ms (cache hit)
1629 http cache is-fullwidth-code-point@https://registry.npmjs.org/is-fullwidth-code-point/-/is-fullwidth-code-point-5.1.0.tgz 0ms (cache hit)
1630 http cache tuf-js@https://registry.npmjs.org/tuf-js/-/tuf-js-4.1.0.tgz 0ms (cache hit)
1631 http cache @sigstore/tuf@https://registry.npmjs.org/@sigstore/tuf/-/tuf-4.0.2.tgz 0ms (cache hit)
1632 http cache ansi-styles@https://registry.npmjs.org/ansi-styles/-/ansi-styles-6.2.3.tgz 0ms (cache hit)
1633 http cache @sigstore/sign@https://registry.npmjs.org/@sigstore/sign/-/sign-4.1.1.tgz 0ms (cache hit)
1634 http cache @sigstore/protobuf-specs@https://registry.npmjs.org/@sigstore/protobuf-specs/-/protobuf-specs-0.5.1.tgz 0ms (cache hit)
1635 http cache @sigstore/core@https://registry.npmjs.org/@sigstore/core/-/core-3.2.0.tgz 0ms (cache hit)
1636 http cache @sigstore/bundle@https://registry.npmjs.org/@sigstore/bundle/-/bundle-4.0.0.tgz 0ms (cache hit)
1637 http cache dunder-proto@https://registry.npmjs.org/dunder-proto/-/dunder-proto-1.0.1.tgz 0ms (cache hit)
1638 http cache math-intrinsics@https://registry.npmjs.org/math-intrinsics/-/math-intrinsics-1.1.0.tgz 0ms (cache hit)
1639 http cache hasown@https://registry.npmjs.org/hasown/-/hasown-2.0.2.tgz 0ms (cache hit)
1640 http cache get-proto@https://registry.npmjs.org/get-proto/-/get-proto-1.0.1.tgz 0ms (cache hit)
1641 http cache gopd@https://registry.npmjs.org/gopd/-/gopd-1.2.0.tgz 0ms (cache hit)
1642 http cache es-define-property@https://registry.npmjs.org/es-define-property/-/es-define-property-1.0.1.tgz 0ms (cache hit)
1643 http cache function-bind@https://registry.npmjs.org/function-bind/-/function-bind-1.1.2.tgz 0ms (cache hit)
1644 http cache call-bind-apply-helpers@https://registry.npmjs.org/call-bind-apply-helpers/-/call-bind-apply-helpers-1.0.2.tgz 0ms (cache hit)
1645 http cache get-intrinsic@https://registry.npmjs.org/get-intrinsic/-/get-intrinsic-1.3.0.tgz 0ms (cache hit)
1646 http cache side-channel-weakmap@https://registry.npmjs.org/side-channel-weakmap/-/side-channel-weakmap-1.0.2.tgz 0ms (cache hit)
1647 http cache side-channel-map@https://registry.npmjs.org/side-channel-map/-/side-channel-map-1.0.1.tgz 0ms (cache hit)
1648 http cache has-symbols@https://registry.npmjs.org/has-symbols/-/has-symbols-1.1.0.tgz 0ms (cache hit)
1649 http cache side-channel-list@https://registry.npmjs.org/side-channel-list/-/side-channel-list-1.0.1.tgz 0ms (cache hit)
1650 http cache es-object-atoms@https://registry.npmjs.org/es-object-atoms/-/es-object-atoms-1.1.1.tgz 0ms (cache hit)
1651 http cache call-bound@https://registry.npmjs.org/call-bound/-/call-bound-1.0.4.tgz 0ms (cache hit)
1652 http cache object-inspect@https://registry.npmjs.org/object-inspect/-/object-inspect-1.13.4.tgz 0ms (cache hit)
1653 http cache es-errors@https://registry.npmjs.org/es-errors/-/es-errors-1.3.0.tgz 0ms (cache hit)
1654 http cache shebang-regex@https://registry.npmjs.org/shebang-regex/-/shebang-regex-3.0.0.tgz 0ms (cache hit)
1655 http cache tslib@https://registry.npmjs.org/tslib/-/tslib-2.8.1.tgz 0ms (cache hit)
1656 http cache mimic-function@https://registry.npmjs.org/mimic-function/-/mimic-function-5.0.1.tgz 0ms (cache hit)
1657 http cache is-promise@https://registry.npmjs.org/is-promise/-/is-promise-4.0.0.tgz 0ms (cache hit)
1658 http cache unpipe@https://registry.npmjs.org/unpipe/-/unpipe-1.0.0.tgz 0ms (cache hit)
1659 http cache side-channel@https://registry.npmjs.org/side-channel/-/side-channel-1.1.0.tgz 0ms (cache hit)
1660 http cache path-to-regexp@https://registry.npmjs.org/path-to-regexp/-/path-to-regexp-8.4.2.tgz 0ms (cache hit)
1661 http cache ipaddr.js@https://registry.npmjs.org/ipaddr.js/-/ipaddr.js-1.9.1.tgz 0ms (cache hit)
1662 http cache onetime@https://registry.npmjs.org/onetime/-/onetime-7.0.0.tgz 0ms (cache hit)
1663 http cache forwarded@https://registry.npmjs.org/forwarded/-/forwarded-0.2.0.tgz 0ms (cache hit)
1664 http cache retry@https://registry.npmjs.org/retry/-/retry-0.12.0.tgz 0ms (cache hit)
1665 http cache err-code@https://registry.npmjs.org/err-code/-/err-code-2.0.3.tgz 0ms (cache hit)
1666 http cache parse5-sax-parser@https://registry.npmjs.org/parse5-sax-parser/-/parse5-sax-parser-8.0.0.tgz 0ms (cache hit)
1667 http cache parse5@https://registry.npmjs.org/parse5/-/parse5-8.0.0.tgz 0ms (cache hit)
1668 http cache entities@https://registry.npmjs.org/entities/-/entities-6.0.1.tgz 0ms (cache hit)
1669 http cache jsonparse@https://registry.npmjs.org/jsonparse/-/jsonparse-1.3.1.tgz 0ms (cache hit)
1670 http cache ignore-walk@https://registry.npmjs.org/ignore-walk/-/ignore-walk-8.0.0.tgz 0ms (cache hit)
1671 http cache npm-install-checks@https://registry.npmjs.org/npm-install-checks/-/npm-install-checks-8.0.0.tgz 0ms (cache hit)
1672 http cache abbrev@https://registry.npmjs.org/abbrev/-/abbrev-4.0.0.tgz 0ms (cache hit)
1673 http cache minizlib@https://registry.npmjs.org/minizlib/-/minizlib-3.1.0.tgz 0ms (cache hit)
1674 http cache minipass-sized@https://registry.npmjs.org/minipass-sized/-/minipass-sized-2.0.0.tgz 0ms (cache hit)
1675 http cache socks-proxy-agent@https://registry.npmjs.org/socks-proxy-agent/-/socks-proxy-agent-8.0.5.tgz 0ms (cache hit)
1676 http cache https-proxy-agent@https://registry.npmjs.org/https-proxy-agent/-/https-proxy-agent-7.0.6.tgz 0ms (cache hit)
1677 http cache http-proxy-agent@https://registry.npmjs.org/http-proxy-agent/-/http-proxy-agent-7.0.2.tgz 0ms (cache hit)
1678 http cache @npmcli/redact@https://registry.npmjs.org/@npmcli/redact/-/redact-4.0.0.tgz 0ms (cache hit)
1679 http cache @npmcli/agent@https://registry.npmjs.org/@npmcli/agent/-/agent-4.0.0.tgz 0ms (cache hit)
1680 http cache agent-base@https://registry.npmjs.org/agent-base/-/agent-base-7.1.4.tgz 0ms (cache hit)
1681 http cache minipass-fetch@https://registry.npmjs.org/minipass-fetch/-/minipass-fetch-5.0.2.tgz 0ms (cache hit)
1682 http cache http-cache-semantics@https://registry.npmjs.org/http-cache-semantics/-/http-cache-semantics-4.2.0.tgz 0ms (cache hit)
1683 http cache tinyglobby@https://registry.npmjs.org/tinyglobby/-/tinyglobby-0.2.16.tgz 0ms (cache hit)
1684 http cache nopt@https://registry.npmjs.org/nopt/-/nopt-9.0.0.tgz 0ms (cache hit)
1685 http cache graceful-fs@https://registry.npmjs.org/graceful-fs/-/graceful-fs-4.2.11.tgz 0ms (cache hit)
1686 http cache exponential-backoff@https://registry.npmjs.org/exponential-backoff/-/exponential-backoff-3.1.3.tgz 0ms (cache hit)
1687 http cache env-paths@https://registry.npmjs.org/env-paths/-/env-paths-2.2.1.tgz 0ms (cache hit)
1688 http cache balanced-match@https://registry.npmjs.org/balanced-match/-/balanced-match-4.0.4.tgz 0ms (cache hit)
1689 http cache make-fetch-happen@https://registry.npmjs.org/make-fetch-happen/-/make-fetch-happen-15.0.5.tgz 0ms (cache hit)
1690 http cache brace-expansion@https://registry.npmjs.org/brace-expansion/-/brace-expansion-5.0.5.tgz 0ms (cache hit)
1691 http cache path-scurry@https://registry.npmjs.org/path-scurry/-/path-scurry-2.0.2.tgz 0ms (cache hit)
1692 http cache @npmcli/fs@https://registry.npmjs.org/@npmcli/fs/-/fs-5.0.0.tgz 0ms (cache hit)
1693 http cache p-map@https://registry.npmjs.org/p-map/-/p-map-7.0.4.tgz 0ms (cache hit)
1694 http cache minimatch@https://registry.npmjs.org/minimatch/-/minimatch-10.2.5.tgz 0ms (cache hit)
1695 http cache minipass-pipeline@https://registry.npmjs.org/minipass-pipeline/-/minipass-pipeline-1.2.4.tgz 0ms (cache hit)
1696 http cache minipass-flush@https://registry.npmjs.org/minipass-flush/-/minipass-flush-1.0.7.tgz 0ms (cache hit)
1697 http cache minipass-collect@https://registry.npmjs.org/minipass-collect/-/minipass-collect-2.0.1.tgz 0ms (cache hit)
1698 http cache @npmcli/node-gyp@https://registry.npmjs.org/@npmcli/node-gyp/-/node-gyp-5.0.0.tgz 0ms (cache hit)
1699 http cache node-gyp@https://registry.npmjs.org/node-gyp/-/node-gyp-12.2.0.tgz 0ms (cache hit)
1700 http cache spdx-expression-parse@https://registry.npmjs.org/spdx-expression-parse/-/spdx-expression-parse-4.0.0.tgz 0ms (cache hit)
1701 http cache json-parse-even-better-errors@https://registry.npmjs.org/json-parse-even-better-errors/-/json-parse-even-better-errors-5.0.0.tgz 0ms (cache hit)
1702 http cache npm-normalize-package-bin@https://registry.npmjs.org/npm-normalize-package-bin/-/npm-normalize-package-bin-5.0.0.tgz 0ms (cache hit)
1703 http cache @gar/promise-retry@https://registry.npmjs.org/@gar/promise-retry/-/promise-retry-1.0.3.tgz 0ms (cache hit)
1704 http cache glob@https://registry.npmjs.org/glob/-/glob-13.0.6.tgz 0ms (cache hit)
1705 http cache npm-bundled@https://registry.npmjs.org/npm-bundled/-/npm-bundled-5.0.0.tgz 0ms (cache hit)
1706 http cache tar@https://registry.npmjs.org/tar/-/tar-7.5.13.tgz 0ms (cache hit)
1707 http cache ssri@https://registry.npmjs.org/ssri/-/ssri-13.0.1.tgz 0ms (cache hit)
1708 http cache promise-retry@https://registry.npmjs.org/promise-retry/-/promise-retry-2.0.1.tgz 0ms (cache hit)
1709 http cache sigstore@https://registry.npmjs.org/sigstore/-/sigstore-4.1.0.tgz 0ms (cache hit)
1710 http cache npm-pick-manifest@https://registry.npmjs.org/npm-pick-manifest/-/npm-pick-manifest-11.0.3.tgz 0ms (cache hit)
1711 http cache npm-registry-fetch@https://registry.npmjs.org/npm-registry-fetch/-/npm-registry-fetch-19.1.1.tgz 0ms (cache hit)
1712 http cache npm-packlist@https://registry.npmjs.org/npm-packlist/-/npm-packlist-10.0.4.tgz 0ms (cache hit)
1713 http cache minipass@https://registry.npmjs.org/minipass/-/minipass-7.1.3.tgz 1ms (cache hit)
1714 http cache fs-minipass@https://registry.npmjs.org/fs-minipass/-/fs-minipass-3.0.3.tgz 0ms (cache hit)
1715 http cache cacache@https://registry.npmjs.org/cacache/-/cacache-20.0.4.tgz 0ms (cache hit)
1716 http cache @npmcli/run-script@https://registry.npmjs.org/@npmcli/run-script/-/run-script-10.0.4.tgz 0ms (cache hit)
1717 http cache yoctocolors@https://registry.npmjs.org/yoctocolors/-/yoctocolors-2.1.2.tgz 0ms (cache hit)
1718 http cache stdin-discarder@https://registry.npmjs.org/stdin-discarder/-/stdin-discarder-0.3.2.tgz 0ms (cache hit)
1719 http cache log-symbols@https://registry.npmjs.org/log-symbols/-/log-symbols-7.0.1.tgz 0ms (cache hit)
1720 http cache @npmcli/promise-spawn@https://registry.npmjs.org/@npmcli/promise-spawn/-/promise-spawn-9.0.1.tgz 0ms (cache hit)
1721 http cache is-unicode-supported@https://registry.npmjs.org/is-unicode-supported/-/is-unicode-supported-2.1.0.tgz 0ms (cache hit)
1722 http cache @npmcli/package-json@https://registry.npmjs.org/@npmcli/package-json/-/package-json-7.0.5.tgz 0ms (cache hit)
1723 http cache is-interactive@https://registry.npmjs.org/is-interactive/-/is-interactive-2.0.0.tgz 0ms (cache hit)
1724 http cache chalk@https://registry.npmjs.org/chalk/-/chalk-5.6.2.tgz 0ms (cache hit)
1725 http cache @npmcli/git@https://registry.npmjs.org/@npmcli/git/-/git-7.0.2.tgz 0ms (cache hit)
1726 http cache cli-spinners@https://registry.npmjs.org/cli-spinners/-/cli-spinners-3.4.0.tgz 0ms (cache hit)
1727 http cache wrappy@https://registry.npmjs.org/wrappy/-/wrappy-1.0.2.tgz 0ms (cache hit)
1728 http cache @npmcli/installed-package-contents@https://registry.npmjs.org/@npmcli/installed-package-contents/-/installed-package-contents-4.0.0.tgz 0ms (cache hit)
1729 http cache ee-first@https://registry.npmjs.org/ee-first/-/ee-first-1.1.1.tgz 0ms (cache hit)
1730 http cache proc-log@https://registry.npmjs.org/proc-log/-/proc-log-6.1.0.tgz 0ms (cache hit)
1731 http cache lru-cache@https://registry.npmjs.org/lru-cache/-/lru-cache-11.3.5.tgz 0ms (cache hit)
1732 http cache validate-npm-package-name@https://registry.npmjs.org/validate-npm-package-name/-/validate-npm-package-name-7.0.2.tgz 0ms (cache hit)
1733 http cache @jridgewell/sourcemap-codec@https://registry.npmjs.org/@jridgewell/sourcemap-codec/-/sourcemap-codec-1.5.5.tgz 0ms (cache hit)
1734 http cache mime-db@https://registry.npmjs.org/mime-db/-/mime-db-1.54.0.tgz 0ms (cache hit)
1735 http cache environment@https://registry.npmjs.org/environment/-/environment-1.1.0.tgz 0ms (cache hit)
1736 http cache restore-cursor@https://registry.npmjs.org/restore-cursor/-/restore-cursor-5.1.0.tgz 0ms (cache hit)
1737 http cache strip-ansi@https://registry.npmjs.org/strip-ansi/-/strip-ansi-7.2.0.tgz 0ms (cache hit)
1738 http cache cli-cursor@https://registry.npmjs.org/cli-cursor/-/cli-cursor-5.0.0.tgz 0ms (cache hit)
1739 http cache ansi-escapes@https://registry.npmjs.org/ansi-escapes/-/ansi-escapes-7.3.0.tgz 0ms (cache hit)
1740 http cache string-width@https://registry.npmjs.org/string-width/-/string-width-8.2.0.tgz 0ms (cache hit)
1741 http cache rfdc@https://registry.npmjs.org/rfdc/-/rfdc-1.4.1.tgz 0ms (cache hit)
1742 http cache slice-ansi@https://registry.npmjs.org/slice-ansi/-/slice-ansi-8.0.0.tgz 0ms (cache hit)
1743 http cache hosted-git-info@https://registry.npmjs.org/hosted-git-info/-/hosted-git-info-9.0.2.tgz 0ms (cache hit)
1744 http cache colorette@https://registry.npmjs.org/colorette/-/colorette-2.0.20.tgz 0ms (cache hit)
1745 http cache log-update@https://registry.npmjs.org/log-update/-/log-update-6.1.0.tgz 0ms (cache hit)
1746 http cache eventemitter3@https://registry.npmjs.org/eventemitter3/-/eventemitter3-5.0.4.tgz 0ms (cache hit)
1747 http cache toidentifier@https://registry.npmjs.org/toidentifier/-/toidentifier-1.0.1.tgz 0ms (cache hit)
1748 http cache safer-buffer@https://registry.npmjs.org/safer-buffer/-/safer-buffer-2.1.2.tgz 0ms (cache hit)
1749 http cache setprototypeof@https://registry.npmjs.org/setprototypeof/-/setprototypeof-1.2.0.tgz 0ms (cache hit)
1750 http cache cli-truncate@https://registry.npmjs.org/cli-truncate/-/cli-truncate-5.2.0.tgz 0ms (cache hit)
1751 http cache inherits@https://registry.npmjs.org/inherits/-/inherits-2.0.4.tgz 0ms (cache hit)
1752 http cache ip-address@https://registry.npmjs.org/ip-address/-/ip-address-10.1.0.tgz 0ms (cache hit)
1753 http cache bytes@https://registry.npmjs.org/bytes/-/bytes-3.1.2.tgz 0ms (cache hit)
1754 http cache negotiator@https://registry.npmjs.org/negotiator/-/negotiator-1.0.0.tgz 0ms (cache hit)
1755 http cache statuses@https://registry.npmjs.org/statuses/-/statuses-2.0.2.tgz 0ms (cache hit)
1756 http cache ms@https://registry.npmjs.org/ms/-/ms-2.1.3.tgz 0ms (cache hit)
1757 http cache serve-static@https://registry.npmjs.org/serve-static/-/serve-static-2.2.1.tgz 0ms (cache hit)
1758 http cache type-is@https://registry.npmjs.org/type-is/-/type-is-2.0.1.tgz 0ms (cache hit)
1759 http cache range-parser@https://registry.npmjs.org/range-parser/-/range-parser-1.2.1.tgz 0ms (cache hit)
1760 http cache send@https://registry.npmjs.org/send/-/send-1.2.1.tgz 0ms (cache hit)
1761 http cache qs@https://registry.npmjs.org/qs/-/qs-6.15.1.tgz 0ms (cache hit)
1762 http cache proxy-addr@https://registry.npmjs.org/proxy-addr/-/proxy-addr-2.0.7.tgz 0ms (cache hit)
1763 http cache router@https://registry.npmjs.org/router/-/router-2.2.0.tgz 0ms (cache hit)
1764 http cache parseurl@https://registry.npmjs.org/parseurl/-/parseurl-1.3.3.tgz 0ms (cache hit)
1765 http cache once@https://registry.npmjs.org/once/-/once-1.4.0.tgz 0ms (cache hit)
1766 http cache on-finished@https://registry.npmjs.org/on-finished/-/on-finished-2.4.1.tgz 0ms (cache hit)
1767 http cache mime-types@https://registry.npmjs.org/mime-types/-/mime-types-3.0.2.tgz 0ms (cache hit)
1768 http cache merge-descriptors@https://registry.npmjs.org/merge-descriptors/-/merge-descriptors-2.0.0.tgz 0ms (cache hit)
1769 http cache fresh@https://registry.npmjs.org/fresh/-/fresh-2.0.0.tgz 0ms (cache hit)
1770 http cache finalhandler@https://registry.npmjs.org/finalhandler/-/finalhandler-2.1.1.tgz 0ms (cache hit)
1771 http cache http-errors@https://registry.npmjs.org/http-errors/-/http-errors-2.0.1.tgz 0ms (cache hit)
1772 http cache etag@https://registry.npmjs.org/etag/-/etag-1.8.1.tgz 0ms (cache hit)
1773 http cache escape-html@https://registry.npmjs.org/escape-html/-/escape-html-1.0.3.tgz 0ms (cache hit)
1774 http cache encodeurl@https://registry.npmjs.org/encodeurl/-/encodeurl-2.0.0.tgz 0ms (cache hit)
1775 http cache depd@https://registry.npmjs.org/depd/-/depd-2.0.0.tgz 0ms (cache hit)
1776 http cache debug@https://registry.npmjs.org/debug/-/debug-4.4.3.tgz 0ms (cache hit)
1777 http cache cookie-signature@https://registry.npmjs.org/cookie-signature/-/cookie-signature-1.2.2.tgz 0ms (cache hit)
1778 http cache cookie@https://registry.npmjs.org/cookie/-/cookie-0.7.2.tgz 0ms (cache hit)
1779 http cache content-disposition@https://registry.npmjs.org/content-disposition/-/content-disposition-1.1.0.tgz 0ms (cache hit)
1780 http cache body-parser@https://registry.npmjs.org/body-parser/-/body-parser-2.2.2.tgz 0ms (cache hit)
1781 http cache accepts@https://registry.npmjs.org/accepts/-/accepts-2.0.0.tgz 0ms (cache hit)
1782 http cache which@https://registry.npmjs.org/which/-/which-2.0.2.tgz 0ms (cache hit)
1783 http cache shebang-command@https://registry.npmjs.org/shebang-command/-/shebang-command-2.0.0.tgz 0ms (cache hit)
1784 http cache path-key@https://registry.npmjs.org/path-key/-/path-key-3.1.1.tgz 0ms (cache hit)
1785 http cache @algolia/requester-fetch@https://registry.npmjs.org/@algolia/requester-fetch/-/requester-fetch-5.48.1.tgz 0ms (cache hit)
1786 http cache vary@https://registry.npmjs.org/vary/-/vary-1.1.2.tgz 0ms (cache hit)
1787 http cache object-assign@https://registry.npmjs.org/object-assign/-/object-assign-4.1.1.tgz 0ms (cache hit)
1788 http cache @algolia/recommend@https://registry.npmjs.org/@algolia/recommend/-/recommend-5.48.1.tgz 0ms (cache hit)
1789 http cache @algolia/requester-browser-xhr@https://registry.npmjs.org/@algolia/requester-browser-xhr/-/requester-browser-xhr-5.48.1.tgz 0ms (cache hit)
1790 http cache @algolia/monitoring@https://registry.npmjs.org/@algolia/monitoring/-/monitoring-1.48.1.tgz 0ms (cache hit)
1791 http cache @algolia/ingestion@https://registry.npmjs.org/@algolia/ingestion/-/ingestion-1.48.1.tgz 0ms (cache hit)
1792 http cache @algolia/client-search@https://registry.npmjs.org/@algolia/client-search/-/client-search-5.48.1.tgz 0ms (cache hit)
1793 http cache @algolia/client-query-suggestions@https://registry.npmjs.org/@algolia/client-query-suggestions/-/client-query-suggestions-5.48.1.tgz 0ms (cache hit)
1794 http cache @algolia/client-personalization@https://registry.npmjs.org/@algolia/client-personalization/-/client-personalization-5.48.1.tgz 0ms (cache hit)
1795 http cache @algolia/client-insights@https://registry.npmjs.org/@algolia/client-insights/-/client-insights-5.48.1.tgz 0ms (cache hit)
1796 http cache @algolia/client-common@https://registry.npmjs.org/@algolia/client-common/-/client-common-5.48.1.tgz 0ms (cache hit)
1797 http cache @algolia/client-abtesting@https://registry.npmjs.org/@algolia/client-abtesting/-/client-abtesting-5.48.1.tgz 0ms (cache hit)
1798 http cache @algolia/client-analytics@https://registry.npmjs.org/@algolia/client-analytics/-/client-analytics-5.48.1.tgz 0ms (cache hit)
1799 http cache @algolia/abtesting@https://registry.npmjs.org/@algolia/abtesting/-/abtesting-1.14.1.tgz 0ms (cache hit)
1800 http cache require-from-string@https://registry.npmjs.org/require-from-string/-/require-from-string-2.0.2.tgz 0ms (cache hit)
1801 http cache @algolia/requester-node-http@https://registry.npmjs.org/@algolia/requester-node-http/-/requester-node-http-5.48.1.tgz 0ms (cache hit)
1802 http cache json-schema-traverse@https://registry.npmjs.org/json-schema-traverse/-/json-schema-traverse-1.0.0.tgz 0ms (cache hit)
1803 http cache zod-to-json-schema@https://registry.npmjs.org/zod-to-json-schema/-/zod-to-json-schema-3.25.2.tgz 0ms (cache hit)
1804 http cache fast-uri@https://registry.npmjs.org/fast-uri/-/fast-uri-3.1.0.tgz 0ms (cache hit)
1805 http cache raw-body@https://registry.npmjs.org/raw-body/-/raw-body-3.0.2.tgz 0ms (cache hit)
1806 http cache pkce-challenge@https://registry.npmjs.org/pkce-challenge/-/pkce-challenge-5.0.1.tgz 0ms (cache hit)
1807 http cache fast-deep-equal@https://registry.npmjs.org/fast-deep-equal/-/fast-deep-equal-3.1.3.tgz 0ms (cache hit)
1808 http cache json-schema-typed@https://registry.npmjs.org/json-schema-typed/-/json-schema-typed-8.0.2.tgz 0ms (cache hit)
1809 http cache express-rate-limit@https://registry.npmjs.org/express-rate-limit/-/express-rate-limit-8.3.2.tgz 0ms (cache hit)
1810 http cache jose@https://registry.npmjs.org/jose/-/jose-6.2.2.tgz 0ms (cache hit)
1811 http cache express@https://registry.npmjs.org/express/-/express-5.2.1.tgz 0ms (cache hit)
1812 http cache eventsource-parser@https://registry.npmjs.org/eventsource-parser/-/eventsource-parser-3.0.6.tgz 0ms (cache hit)
1813 http cache cross-spawn@https://registry.npmjs.org/cross-spawn/-/cross-spawn-7.0.6.tgz 0ms (cache hit)
1814 http cache eventsource@https://registry.npmjs.org/eventsource/-/eventsource-3.0.7.tgz 0ms (cache hit)
1815 http cache @hono/node-server@https://registry.npmjs.org/@hono/node-server/-/node-server-1.19.14.tgz 0ms (cache hit)
1816 http cache cors@https://registry.npmjs.org/cors/-/cors-2.8.6.tgz 0ms (cache hit)
1817 http cache content-type@https://registry.npmjs.org/content-type/-/content-type-1.0.5.tgz 0ms (cache hit)
1818 http cache hono@https://registry.npmjs.org/hono/-/hono-4.12.14.tgz 0ms (cache hit)
1819 http cache @inquirer/external-editor@https://registry.npmjs.org/@inquirer/external-editor/-/external-editor-1.0.3.tgz 0ms (cache hit)
1820 http cache iconv-lite@https://registry.npmjs.org/iconv-lite/-/iconv-lite-0.7.2.tgz 0ms (cache hit)
1821 http cache wrap-ansi@https://registry.npmjs.org/wrap-ansi/-/wrap-ansi-6.2.0.tgz 0ms (cache hit)
1822 http cache @inquirer/type@https://registry.npmjs.org/@inquirer/type/-/type-3.0.10.tgz 0ms (cache hit)
1823 http cache mute-stream@https://registry.npmjs.org/mute-stream/-/mute-stream-2.0.0.tgz 0ms (cache hit)
1824 http cache chardet@https://registry.npmjs.org/chardet/-/chardet-2.1.1.tgz 0ms (cache hit)
1825 http cache @inquirer/figures@https://registry.npmjs.org/@inquirer/figures/-/figures-1.0.15.tgz 0ms (cache hit)
1826 http cache @inquirer/core@https://registry.npmjs.org/@inquirer/core/-/core-10.3.2.tgz 0ms (cache hit)
1827 http cache cli-width@https://registry.npmjs.org/cli-width/-/cli-width-4.1.0.tgz 0ms (cache hit)
1828 http cache signal-exit@https://registry.npmjs.org/signal-exit/-/signal-exit-4.1.0.tgz 0ms (cache hit)
1829 http cache yoctocolors-cjs@https://registry.npmjs.org/yoctocolors-cjs/-/yoctocolors-cjs-2.1.3.tgz 0ms (cache hit)
1830 http cache @inquirer/ansi@https://registry.npmjs.org/@inquirer/ansi/-/ansi-1.0.2.tgz 0ms (cache hit)
1831 http cache @inquirer/select@https://registry.npmjs.org/@inquirer/select/-/select-4.4.2.tgz 0ms (cache hit)
1832 http cache @inquirer/rawlist@https://registry.npmjs.org/@inquirer/rawlist/-/rawlist-4.1.11.tgz 0ms (cache hit)
1833 http cache @inquirer/search@https://registry.npmjs.org/@inquirer/search/-/search-3.2.2.tgz 0ms (cache hit)
1834 http cache @inquirer/number@https://registry.npmjs.org/@inquirer/number/-/number-3.0.23.tgz 0ms (cache hit)
1835 http cache @inquirer/password@https://registry.npmjs.org/@inquirer/password/-/password-4.0.23.tgz 0ms (cache hit)
1836 http cache @inquirer/input@https://registry.npmjs.org/@inquirer/input/-/input-4.3.1.tgz 0ms (cache hit)
1837 http cache @inquirer/expand@https://registry.npmjs.org/@inquirer/expand/-/expand-4.0.23.tgz 0ms (cache hit)
1838 http cache ora@https://registry.npmjs.org/ora/-/ora-9.3.0.tgz 0ms (cache hit)
1839 http cache @inquirer/editor@https://registry.npmjs.org/@inquirer/editor/-/editor-4.2.23.tgz 0ms (cache hit)
1840 http cache @inquirer/confirm@https://registry.npmjs.org/@inquirer/confirm/-/confirm-5.1.21.tgz 0ms (cache hit)
1841 http cache magic-string@https://registry.npmjs.org/magic-string/-/magic-string-0.30.21.tgz 0ms (cache hit)
1842 http cache @inquirer/checkbox@https://registry.npmjs.org/@inquirer/checkbox/-/checkbox-4.3.2.tgz 0ms (cache hit)
1843 http cache source-map@https://registry.npmjs.org/source-map/-/source-map-0.7.6.tgz 0ms (cache hit)
1844 http cache ajv-formats@https://registry.npmjs.org/ajv-formats/-/ajv-formats-3.0.1.tgz 0ms (cache hit)
1845 http cache picomatch@https://registry.npmjs.org/picomatch/-/picomatch-4.0.4.tgz 0ms (cache hit)
1846 http cache rxjs@https://registry.npmjs.org/rxjs/-/rxjs-7.8.2.tgz 0ms (cache hit)
1847 http cache zod@https://registry.npmjs.org/zod/-/zod-4.3.6.tgz 0ms (cache hit)
1848 http cache ajv@https://registry.npmjs.org/ajv/-/ajv-8.18.0.tgz 0ms (cache hit)
1849 http cache yargs@https://registry.npmjs.org/yargs/-/yargs-18.0.0.tgz 0ms (cache hit)
1850 http cache semver@https://registry.npmjs.org/semver/-/semver-7.7.4.tgz 0ms (cache hit)
1851 http cache parse5-html-rewriting-stream@https://registry.npmjs.org/parse5-html-rewriting-stream/-/parse5-html-rewriting-stream-8.0.0.tgz 0ms (cache hit)
1852 http cache pacote@https://registry.npmjs.org/pacote/-/pacote-21.3.1.tgz 0ms (cache hit)
1853 http cache npm-package-arg@https://registry.npmjs.org/npm-package-arg/-/npm-package-arg-13.0.2.tgz 0ms (cache hit)
1854 http cache jsonc-parser@https://registry.npmjs.org/jsonc-parser/-/jsonc-parser-3.3.1.tgz 0ms (cache hit)
1855 http cache @yarnpkg/lockfile@https://registry.npmjs.org/@yarnpkg/lockfile/-/lockfile-1.1.0.tgz 0ms (cache hit)
1856 http cache algoliasearch@https://registry.npmjs.org/algoliasearch/-/algoliasearch-5.48.1.tgz 0ms (cache hit)
1857 http cache @schematics/angular@https://registry.npmjs.org/@schematics/angular/-/angular-21.2.7.tgz 0ms (cache hit)
1858 http cache ini@https://registry.npmjs.org/ini/-/ini-6.0.0.tgz 0ms (cache hit)
1859 http cache @modelcontextprotocol/sdk@https://registry.npmjs.org/@modelcontextprotocol/sdk/-/sdk-1.26.0.tgz 0ms (cache hit)
1860 http cache listr2@https://registry.npmjs.org/listr2/-/listr2-9.0.5.tgz 0ms (cache hit)
1861 http cache @listr2/prompt-adapter-inquirer@https://registry.npmjs.org/@listr2/prompt-adapter-inquirer/-/prompt-adapter-inquirer-3.0.5.tgz 0ms (cache hit)
1862 http cache @inquirer/prompts@https://registry.npmjs.org/@inquirer/prompts/-/prompts-7.10.1.tgz 0ms (cache hit)
1863 http cache @angular/cli@https://registry.npmjs.org/@angular/cli/-/cli-21.2.7.tgz 0ms (cache hit)
1864 http cache @angular-devkit/schematics@https://registry.npmjs.org/@angular-devkit/schematics/-/schematics-21.2.7.tgz 0ms (cache hit)
1865 http cache wrap-ansi@https://registry.npmjs.org/wrap-ansi/-/wrap-ansi-9.0.2.tgz 0ms (cache hit)
1866 http cache @angular-devkit/architect@https://registry.npmjs.org/@angular-devkit/architect/-/architect-0.2102.7.tgz 0ms (cache hit)
1867 http cache @angular-devkit/core@https://registry.npmjs.org/@angular-devkit/core/-/core-21.2.7.tgz 0ms (cache hit)
1868 http cache string-width@https://registry.npmjs.org/string-width/-/string-width-7.2.0.tgz 0ms (cache hit)
1869 http cache yallist@https://registry.npmjs.org/yallist/-/yallist-4.0.0.tgz 0ms (cache hit)
1870 http cache yallist@https://registry.npmjs.org/yallist/-/yallist-4.0.0.tgz 0ms (cache hit)
1871 http cache minipass@https://registry.npmjs.org/minipass/-/minipass-3.3.6.tgz 0ms (cache hit)
1872 http cache minipass@https://registry.npmjs.org/minipass/-/minipass-3.3.6.tgz 0ms (cache hit)
1873 http cache which@https://registry.npmjs.org/which/-/which-6.0.1.tgz 0ms (cache hit)
1874 http cache isexe@https://registry.npmjs.org/isexe/-/isexe-4.0.0.tgz 0ms (cache hit)
1875 http cache isexe@https://registry.npmjs.org/isexe/-/isexe-4.0.0.tgz 0ms (cache hit)
1876 http cache which@https://registry.npmjs.org/which/-/which-6.0.1.tgz 0ms (cache hit)
1877 http cache isexe@https://registry.npmjs.org/isexe/-/isexe-4.0.0.tgz 0ms (cache hit)
1878 http cache which@https://registry.npmjs.org/which/-/which-6.0.1.tgz 0ms (cache hit)
1879 http cache ansi-regex@https://registry.npmjs.org/ansi-regex/-/ansi-regex-5.0.1.tgz 0ms (cache hit)
1880 http cache string-width@https://registry.npmjs.org/string-width/-/string-width-7.2.0.tgz 0ms (cache hit)
1881 http cache slice-ansi@https://registry.npmjs.org/slice-ansi/-/slice-ansi-7.1.2.tgz 0ms (cache hit)
1882 http cache wrap-ansi@https://registry.npmjs.org/wrap-ansi/-/wrap-ansi-9.0.2.tgz 0ms (cache hit)
1883 http cache is-fullwidth-code-point@https://registry.npmjs.org/is-fullwidth-code-point/-/is-fullwidth-code-point-3.0.0.tgz 0ms (cache hit)
1884 http cache string-width@https://registry.npmjs.org/string-width/-/string-width-7.2.0.tgz 0ms (cache hit)
1885 http cache strip-ansi@https://registry.npmjs.org/strip-ansi/-/strip-ansi-6.0.1.tgz 0ms (cache hit)
1886 http cache emoji-regex@https://registry.npmjs.org/emoji-regex/-/emoji-regex-8.0.0.tgz 0ms (cache hit)
1887 http cache string-width@https://registry.npmjs.org/string-width/-/string-width-4.2.3.tgz 0ms (cache hit)
1888 http cache ansi-styles@https://registry.npmjs.org/ansi-styles/-/ansi-styles-4.3.0.tgz 0ms (cache hit)
1889 silly tarball no local data for color-name@https://registry.npmjs.org/color-name/-/color-name-1.1.4.tgz. Extracting by manifest.
1890 silly tarball no local data for color-convert@https://registry.npmjs.org/color-convert/-/color-convert-2.0.1.tgz. Extracting by manifest.
1891 silly tarball no local data for emoji-regex@https://registry.npmjs.org/emoji-regex/-/emoji-regex-10.6.0.tgz. Extracting by manifest.
1892 silly tarball no local data for yargs-parser@https://registry.npmjs.org/yargs-parser/-/yargs-parser-22.0.0.tgz. Extracting by manifest.
1893 silly tarball no local data for y18n@https://registry.npmjs.org/y18n/-/y18n-5.0.8.tgz. Extracting by manifest.
1894 silly tarball no local data for get-caller-file@https://registry.npmjs.org/get-caller-file/-/get-caller-file-2.0.5.tgz. Extracting by manifest.
1895 silly tarball no local data for escalade@https://registry.npmjs.org/escalade/-/escalade-3.2.0.tgz. Extracting by manifest.
1896 silly tarball no local data for cliui@https://registry.npmjs.org/cliui/-/cliui-9.0.1.tgz. Extracting by manifest.
1897 http cache string-width@https://registry.npmjs.org/string-width/-/string-width-7.2.0.tgz 0ms (cache hit)
1898 silly tarball no local data for isexe@https://registry.npmjs.org/isexe/-/isexe-2.0.0.tgz. Extracting by manifest.
1899 silly tarball no local data for @tufjs/canonical-json@https://registry.npmjs.org/@tufjs/canonical-json/-/canonical-json-2.0.0.tgz. Extracting by manifest.
1900 silly tarball no local data for @tufjs/models@https://registry.npmjs.org/@tufjs/models/-/models-4.1.0.tgz. Extracting by manifest.
1901 silly tarball no local data for @isaacs/fs-minipass@https://registry.npmjs.org/@isaacs/fs-minipass/-/fs-minipass-4.0.1.tgz. Extracting by manifest.
1902 silly tarball no local data for media-typer@https://registry.npmjs.org/media-typer/-/media-typer-1.1.0.tgz. Extracting by manifest.
1903 silly tarball no local data for fdir@https://registry.npmjs.org/fdir/-/fdir-6.5.0.tgz. Extracting by manifest.
1904 silly tarball no local data for chownr@https://registry.npmjs.org/chownr/-/chownr-3.0.0.tgz. Extracting by manifest.
1905 silly tarball no local data for yallist@https://registry.npmjs.org/yallist/-/yallist-5.0.0.tgz. Extracting by manifest.
1906 silly tarball no local data for ansi-regex@https://registry.npmjs.org/ansi-regex/-/ansi-regex-6.2.2.tgz. Extracting by manifest.
1907 silly tarball no local data for spdx-license-ids@https://registry.npmjs.org/spdx-license-ids/-/spdx-license-ids-3.0.23.tgz. Extracting by manifest.
1908 silly tarball no local data for spdx-exceptions@https://registry.npmjs.org/spdx-exceptions/-/spdx-exceptions-2.5.0.tgz. Extracting by manifest.
1909 silly tarball no local data for smart-buffer@https://registry.npmjs.org/smart-buffer/-/smart-buffer-4.2.0.tgz. Extracting by manifest.
1910 silly tarball no local data for socks@https://registry.npmjs.org/socks/-/socks-2.8.7.tgz. Extracting by manifest.
1911 http cache wrap-ansi@https://registry.npmjs.org/wrap-ansi/-/wrap-ansi-9.0.2.tgz 0ms (cache hit)
1912 silly tarball no local data for get-east-asian-width@https://registry.npmjs.org/get-east-asian-width/-/get-east-asian-width-1.5.0.tgz. Extracting by manifest.
1913 silly tarball no local data for @sigstore/verify@https://registry.npmjs.org/@sigstore/verify/-/verify-3.1.0.tgz. Extracting by manifest.
1914 silly tarball no local data for is-fullwidth-code-point@https://registry.npmjs.org/is-fullwidth-code-point/-/is-fullwidth-code-point-5.1.0.tgz. Extracting by manifest.
1915 silly tarball no local data for tuf-js@https://registry.npmjs.org/tuf-js/-/tuf-js-4.1.0.tgz. Extracting by manifest.
1916 silly tarball no local data for @sigstore/tuf@https://registry.npmjs.org/@sigstore/tuf/-/tuf-4.0.2.tgz. Extracting by manifest.
1917 silly tarball no local data for ansi-styles@https://registry.npmjs.org/ansi-styles/-/ansi-styles-6.2.3.tgz. Extracting by manifest.
1918 silly tarball no local data for @sigstore/sign@https://registry.npmjs.org/@sigstore/sign/-/sign-4.1.1.tgz. Extracting by manifest.
1919 silly tarball no local data for @sigstore/protobuf-specs@https://registry.npmjs.org/@sigstore/protobuf-specs/-/protobuf-specs-0.5.1.tgz. Extracting by manifest.
1920 silly tarball no local data for @sigstore/core@https://registry.npmjs.org/@sigstore/core/-/core-3.2.0.tgz. Extracting by manifest.
1921 silly tarball no local data for @sigstore/bundle@https://registry.npmjs.org/@sigstore/bundle/-/bundle-4.0.0.tgz. Extracting by manifest.
1922 silly tarball no local data for dunder-proto@https://registry.npmjs.org/dunder-proto/-/dunder-proto-1.0.1.tgz. Extracting by manifest.
1923 silly tarball no local data for math-intrinsics@https://registry.npmjs.org/math-intrinsics/-/math-intrinsics-1.1.0.tgz. Extracting by manifest.
1924 silly tarball no local data for hasown@https://registry.npmjs.org/hasown/-/hasown-2.0.2.tgz. Extracting by manifest.
1925 silly tarball no local data for get-proto@https://registry.npmjs.org/get-proto/-/get-proto-1.0.1.tgz. Extracting by manifest.
1926 silly tarball no local data for gopd@https://registry.npmjs.org/gopd/-/gopd-1.2.0.tgz. Extracting by manifest.
1927 silly tarball no local data for es-define-property@https://registry.npmjs.org/es-define-property/-/es-define-property-1.0.1.tgz. Extracting by manifest.
1928 silly tarball no local data for function-bind@https://registry.npmjs.org/function-bind/-/function-bind-1.1.2.tgz. Extracting by manifest.
1929 silly tarball no local data for call-bind-apply-helpers@https://registry.npmjs.org/call-bind-apply-helpers/-/call-bind-apply-helpers-1.0.2.tgz. Extracting by manifest.
1930 silly tarball no local data for get-intrinsic@https://registry.npmjs.org/get-intrinsic/-/get-intrinsic-1.3.0.tgz. Extracting by manifest.
1931 silly tarball no local data for side-channel-weakmap@https://registry.npmjs.org/side-channel-weakmap/-/side-channel-weakmap-1.0.2.tgz. Extracting by manifest.
1932 silly tarball no local data for side-channel-map@https://registry.npmjs.org/side-channel-map/-/side-channel-map-1.0.1.tgz. Extracting by manifest.
1933 silly tarball no local data for has-symbols@https://registry.npmjs.org/has-symbols/-/has-symbols-1.1.0.tgz. Extracting by manifest.
1934 silly tarball no local data for side-channel-list@https://registry.npmjs.org/side-channel-list/-/side-channel-list-1.0.1.tgz. Extracting by manifest.
1935 silly tarball no local data for es-object-atoms@https://registry.npmjs.org/es-object-atoms/-/es-object-atoms-1.1.1.tgz. Extracting by manifest.
1936 silly tarball no local data for call-bound@https://registry.npmjs.org/call-bound/-/call-bound-1.0.4.tgz. Extracting by manifest.
1937 silly tarball no local data for object-inspect@https://registry.npmjs.org/object-inspect/-/object-inspect-1.13.4.tgz. Extracting by manifest.
1938 silly tarball no local data for es-errors@https://registry.npmjs.org/es-errors/-/es-errors-1.3.0.tgz. Extracting by manifest.
1939 silly tarball no local data for shebang-regex@https://registry.npmjs.org/shebang-regex/-/shebang-regex-3.0.0.tgz. Extracting by manifest.
1940 silly tarball no local data for tslib@https://registry.npmjs.org/tslib/-/tslib-2.8.1.tgz. Extracting by manifest.
1941 silly tarball no local data for mimic-function@https://registry.npmjs.org/mimic-function/-/mimic-function-5.0.1.tgz. Extracting by manifest.
1942 silly tarball no local data for is-promise@https://registry.npmjs.org/is-promise/-/is-promise-4.0.0.tgz. Extracting by manifest.
1943 silly tarball no local data for unpipe@https://registry.npmjs.org/unpipe/-/unpipe-1.0.0.tgz. Extracting by manifest.
1944 silly tarball no local data for side-channel@https://registry.npmjs.org/side-channel/-/side-channel-1.1.0.tgz. Extracting by manifest.
1945 silly tarball no local data for path-to-regexp@https://registry.npmjs.org/path-to-regexp/-/path-to-regexp-8.4.2.tgz. Extracting by manifest.
1946 silly tarball no local data for ipaddr.js@https://registry.npmjs.org/ipaddr.js/-/ipaddr.js-1.9.1.tgz. Extracting by manifest.
1947 silly tarball no local data for onetime@https://registry.npmjs.org/onetime/-/onetime-7.0.0.tgz. Extracting by manifest.
1948 silly tarball no local data for forwarded@https://registry.npmjs.org/forwarded/-/forwarded-0.2.0.tgz. Extracting by manifest.
1949 silly tarball no local data for retry@https://registry.npmjs.org/retry/-/retry-0.12.0.tgz. Extracting by manifest.
1950 silly tarball no local data for err-code@https://registry.npmjs.org/err-code/-/err-code-2.0.3.tgz. Extracting by manifest.
1951 silly tarball no local data for parse5-sax-parser@https://registry.npmjs.org/parse5-sax-parser/-/parse5-sax-parser-8.0.0.tgz. Extracting by manifest.
1952 silly tarball no local data for parse5@https://registry.npmjs.org/parse5/-/parse5-8.0.0.tgz. Extracting by manifest.
1953 silly tarball no local data for entities@https://registry.npmjs.org/entities/-/entities-6.0.1.tgz. Extracting by manifest.
1954 silly tarball no local data for jsonparse@https://registry.npmjs.org/jsonparse/-/jsonparse-1.3.1.tgz. Extracting by manifest.
1955 silly tarball no local data for ignore-walk@https://registry.npmjs.org/ignore-walk/-/ignore-walk-8.0.0.tgz. Extracting by manifest.
1956 silly tarball no local data for npm-install-checks@https://registry.npmjs.org/npm-install-checks/-/npm-install-checks-8.0.0.tgz. Extracting by manifest.
1957 silly tarball no local data for abbrev@https://registry.npmjs.org/abbrev/-/abbrev-4.0.0.tgz. Extracting by manifest.
1958 silly tarball no local data for minizlib@https://registry.npmjs.org/minizlib/-/minizlib-3.1.0.tgz. Extracting by manifest.
1959 silly tarball no local data for minipass-sized@https://registry.npmjs.org/minipass-sized/-/minipass-sized-2.0.0.tgz. Extracting by manifest.
1960 silly tarball no local data for socks-proxy-agent@https://registry.npmjs.org/socks-proxy-agent/-/socks-proxy-agent-8.0.5.tgz. Extracting by manifest.
1961 silly tarball no local data for https-proxy-agent@https://registry.npmjs.org/https-proxy-agent/-/https-proxy-agent-7.0.6.tgz. Extracting by manifest.
1962 silly tarball no local data for http-proxy-agent@https://registry.npmjs.org/http-proxy-agent/-/http-proxy-agent-7.0.2.tgz. Extracting by manifest.
1963 silly tarball no local data for @npmcli/redact@https://registry.npmjs.org/@npmcli/redact/-/redact-4.0.0.tgz. Extracting by manifest.
1964 silly tarball no local data for @npmcli/agent@https://registry.npmjs.org/@npmcli/agent/-/agent-4.0.0.tgz. Extracting by manifest.
1965 silly tarball no local data for agent-base@https://registry.npmjs.org/agent-base/-/agent-base-7.1.4.tgz. Extracting by manifest.
1966 silly tarball no local data for minipass-fetch@https://registry.npmjs.org/minipass-fetch/-/minipass-fetch-5.0.2.tgz. Extracting by manifest.
1967 silly tarball no local data for http-cache-semantics@https://registry.npmjs.org/http-cache-semantics/-/http-cache-semantics-4.2.0.tgz. Extracting by manifest.
1968 silly tarball no local data for tinyglobby@https://registry.npmjs.org/tinyglobby/-/tinyglobby-0.2.16.tgz. Extracting by manifest.
1969 silly tarball no local data for nopt@https://registry.npmjs.org/nopt/-/nopt-9.0.0.tgz. Extracting by manifest.
1970 silly tarball no local data for graceful-fs@https://registry.npmjs.org/graceful-fs/-/graceful-fs-4.2.11.tgz. Extracting by manifest.
1971 silly tarball no local data for exponential-backoff@https://registry.npmjs.org/exponential-backoff/-/exponential-backoff-3.1.3.tgz. Extracting by manifest.
1972 silly tarball no local data for env-paths@https://registry.npmjs.org/env-paths/-/env-paths-2.2.1.tgz. Extracting by manifest.
1973 silly tarball no local data for balanced-match@https://registry.npmjs.org/balanced-match/-/balanced-match-4.0.4.tgz. Extracting by manifest.
1974 silly tarball no local data for make-fetch-happen@https://registry.npmjs.org/make-fetch-happen/-/make-fetch-happen-15.0.5.tgz. Extracting by manifest.
1975 silly tarball no local data for brace-expansion@https://registry.npmjs.org/brace-expansion/-/brace-expansion-5.0.5.tgz. Extracting by manifest.
1976 silly tarball no local data for path-scurry@https://registry.npmjs.org/path-scurry/-/path-scurry-2.0.2.tgz. Extracting by manifest.
1977 silly tarball no local data for @npmcli/fs@https://registry.npmjs.org/@npmcli/fs/-/fs-5.0.0.tgz. Extracting by manifest.
1978 silly tarball no local data for p-map@https://registry.npmjs.org/p-map/-/p-map-7.0.4.tgz. Extracting by manifest.
1979 silly tarball no local data for minimatch@https://registry.npmjs.org/minimatch/-/minimatch-10.2.5.tgz. Extracting by manifest.
1980 silly tarball no local data for minipass-pipeline@https://registry.npmjs.org/minipass-pipeline/-/minipass-pipeline-1.2.4.tgz. Extracting by manifest.
1981 silly tarball no local data for minipass-flush@https://registry.npmjs.org/minipass-flush/-/minipass-flush-1.0.7.tgz. Extracting by manifest.
1982 silly tarball no local data for minipass-collect@https://registry.npmjs.org/minipass-collect/-/minipass-collect-2.0.1.tgz. Extracting by manifest.
1983 silly tarball no local data for @npmcli/node-gyp@https://registry.npmjs.org/@npmcli/node-gyp/-/node-gyp-5.0.0.tgz. Extracting by manifest.
1984 silly tarball no local data for node-gyp@https://registry.npmjs.org/node-gyp/-/node-gyp-12.2.0.tgz. Extracting by manifest.
1985 silly tarball no local data for spdx-expression-parse@https://registry.npmjs.org/spdx-expression-parse/-/spdx-expression-parse-4.0.0.tgz. Extracting by manifest.
1986 silly tarball no local data for json-parse-even-better-errors@https://registry.npmjs.org/json-parse-even-better-errors/-/json-parse-even-better-errors-5.0.0.tgz. Extracting by manifest.
1987 silly tarball no local data for npm-normalize-package-bin@https://registry.npmjs.org/npm-normalize-package-bin/-/npm-normalize-package-bin-5.0.0.tgz. Extracting by manifest.
1988 silly tarball no local data for @gar/promise-retry@https://registry.npmjs.org/@gar/promise-retry/-/promise-retry-1.0.3.tgz. Extracting by manifest.
1989 silly tarball no local data for glob@https://registry.npmjs.org/glob/-/glob-13.0.6.tgz. Extracting by manifest.
1990 silly tarball no local data for npm-bundled@https://registry.npmjs.org/npm-bundled/-/npm-bundled-5.0.0.tgz. Extracting by manifest.
1991 silly tarball no local data for tar@https://registry.npmjs.org/tar/-/tar-7.5.13.tgz. Extracting by manifest.
1992 silly tarball no local data for ssri@https://registry.npmjs.org/ssri/-/ssri-13.0.1.tgz. Extracting by manifest.
1993 silly tarball no local data for promise-retry@https://registry.npmjs.org/promise-retry/-/promise-retry-2.0.1.tgz. Extracting by manifest.
1994 silly tarball no local data for sigstore@https://registry.npmjs.org/sigstore/-/sigstore-4.1.0.tgz. Extracting by manifest.
1995 silly tarball no local data for npm-pick-manifest@https://registry.npmjs.org/npm-pick-manifest/-/npm-pick-manifest-11.0.3.tgz. Extracting by manifest.
1996 silly tarball no local data for npm-registry-fetch@https://registry.npmjs.org/npm-registry-fetch/-/npm-registry-fetch-19.1.1.tgz. Extracting by manifest.
1997 silly tarball no local data for npm-packlist@https://registry.npmjs.org/npm-packlist/-/npm-packlist-10.0.4.tgz. Extracting by manifest.
1998 silly tarball no local data for minipass@https://registry.npmjs.org/minipass/-/minipass-7.1.3.tgz. Extracting by manifest.
1999 silly tarball no local data for fs-minipass@https://registry.npmjs.org/fs-minipass/-/fs-minipass-3.0.3.tgz. Extracting by manifest.
2000 silly tarball no local data for cacache@https://registry.npmjs.org/cacache/-/cacache-20.0.4.tgz. Extracting by manifest.
2001 silly tarball no local data for @npmcli/run-script@https://registry.npmjs.org/@npmcli/run-script/-/run-script-10.0.4.tgz. Extracting by manifest.
2002 silly tarball no local data for yoctocolors@https://registry.npmjs.org/yoctocolors/-/yoctocolors-2.1.2.tgz. Extracting by manifest.
2003 silly tarball no local data for stdin-discarder@https://registry.npmjs.org/stdin-discarder/-/stdin-discarder-0.3.2.tgz. Extracting by manifest.
2004 silly tarball no local data for log-symbols@https://registry.npmjs.org/log-symbols/-/log-symbols-7.0.1.tgz. Extracting by manifest.
2005 silly tarball no local data for @npmcli/promise-spawn@https://registry.npmjs.org/@npmcli/promise-spawn/-/promise-spawn-9.0.1.tgz. Extracting by manifest.
2006 silly tarball no local data for is-unicode-supported@https://registry.npmjs.org/is-unicode-supported/-/is-unicode-supported-2.1.0.tgz. Extracting by manifest.
2007 silly tarball no local data for @npmcli/package-json@https://registry.npmjs.org/@npmcli/package-json/-/package-json-7.0.5.tgz. Extracting by manifest.
2008 silly tarball no local data for is-interactive@https://registry.npmjs.org/is-interactive/-/is-interactive-2.0.0.tgz. Extracting by manifest.
2009 silly tarball no local data for chalk@https://registry.npmjs.org/chalk/-/chalk-5.6.2.tgz. Extracting by manifest.
2010 silly tarball no local data for @npmcli/git@https://registry.npmjs.org/@npmcli/git/-/git-7.0.2.tgz. Extracting by manifest.
2011 silly tarball no local data for cli-spinners@https://registry.npmjs.org/cli-spinners/-/cli-spinners-3.4.0.tgz. Extracting by manifest.
2012 silly tarball no local data for wrappy@https://registry.npmjs.org/wrappy/-/wrappy-1.0.2.tgz. Extracting by manifest.
2013 silly tarball no local data for @npmcli/installed-package-contents@https://registry.npmjs.org/@npmcli/installed-package-contents/-/installed-package-contents-4.0.0.tgz. Extracting by manifest.
2014 silly tarball no local data for ee-first@https://registry.npmjs.org/ee-first/-/ee-first-1.1.1.tgz. Extracting by manifest.
2015 silly tarball no local data for proc-log@https://registry.npmjs.org/proc-log/-/proc-log-6.1.0.tgz. Extracting by manifest.
2016 silly tarball no local data for lru-cache@https://registry.npmjs.org/lru-cache/-/lru-cache-11.3.5.tgz. Extracting by manifest.
2017 silly tarball no local data for validate-npm-package-name@https://registry.npmjs.org/validate-npm-package-name/-/validate-npm-package-name-7.0.2.tgz. Extracting by manifest.
2018 silly tarball no local data for @jridgewell/sourcemap-codec@https://registry.npmjs.org/@jridgewell/sourcemap-codec/-/sourcemap-codec-1.5.5.tgz. Extracting by manifest.
2019 silly tarball no local data for mime-db@https://registry.npmjs.org/mime-db/-/mime-db-1.54.0.tgz. Extracting by manifest.
2020 silly tarball no local data for environment@https://registry.npmjs.org/environment/-/environment-1.1.0.tgz. Extracting by manifest.
2021 silly tarball no local data for restore-cursor@https://registry.npmjs.org/restore-cursor/-/restore-cursor-5.1.0.tgz. Extracting by manifest.
2022 silly tarball no local data for strip-ansi@https://registry.npmjs.org/strip-ansi/-/strip-ansi-7.2.0.tgz. Extracting by manifest.
2023 silly tarball no local data for cli-cursor@https://registry.npmjs.org/cli-cursor/-/cli-cursor-5.0.0.tgz. Extracting by manifest.
2024 silly tarball no local data for ansi-escapes@https://registry.npmjs.org/ansi-escapes/-/ansi-escapes-7.3.0.tgz. Extracting by manifest.
2025 silly tarball no local data for string-width@https://registry.npmjs.org/string-width/-/string-width-8.2.0.tgz. Extracting by manifest.
2026 silly tarball no local data for rfdc@https://registry.npmjs.org/rfdc/-/rfdc-1.4.1.tgz. Extracting by manifest.
2027 silly tarball no local data for slice-ansi@https://registry.npmjs.org/slice-ansi/-/slice-ansi-8.0.0.tgz. Extracting by manifest.
2028 silly tarball no local data for hosted-git-info@https://registry.npmjs.org/hosted-git-info/-/hosted-git-info-9.0.2.tgz. Extracting by manifest.
2029 silly tarball no local data for colorette@https://registry.npmjs.org/colorette/-/colorette-2.0.20.tgz. Extracting by manifest.
2030 silly tarball no local data for log-update@https://registry.npmjs.org/log-update/-/log-update-6.1.0.tgz. Extracting by manifest.
2031 silly tarball no local data for eventemitter3@https://registry.npmjs.org/eventemitter3/-/eventemitter3-5.0.4.tgz. Extracting by manifest.
2032 silly tarball no local data for toidentifier@https://registry.npmjs.org/toidentifier/-/toidentifier-1.0.1.tgz. Extracting by manifest.
2033 silly tarball no local data for safer-buffer@https://registry.npmjs.org/safer-buffer/-/safer-buffer-2.1.2.tgz. Extracting by manifest.
2034 silly tarball no local data for setprototypeof@https://registry.npmjs.org/setprototypeof/-/setprototypeof-1.2.0.tgz. Extracting by manifest.
2035 silly tarball no local data for cli-truncate@https://registry.npmjs.org/cli-truncate/-/cli-truncate-5.2.0.tgz. Extracting by manifest.
2036 silly tarball no local data for inherits@https://registry.npmjs.org/inherits/-/inherits-2.0.4.tgz. Extracting by manifest.
2037 silly tarball no local data for ip-address@https://registry.npmjs.org/ip-address/-/ip-address-10.1.0.tgz. Extracting by manifest.
2038 silly tarball no local data for bytes@https://registry.npmjs.org/bytes/-/bytes-3.1.2.tgz. Extracting by manifest.
2039 silly tarball no local data for negotiator@https://registry.npmjs.org/negotiator/-/negotiator-1.0.0.tgz. Extracting by manifest.
2040 silly tarball no local data for statuses@https://registry.npmjs.org/statuses/-/statuses-2.0.2.tgz. Extracting by manifest.
2041 silly tarball no local data for ms@https://registry.npmjs.org/ms/-/ms-2.1.3.tgz. Extracting by manifest.
2042 silly tarball no local data for serve-static@https://registry.npmjs.org/serve-static/-/serve-static-2.2.1.tgz. Extracting by manifest.
2043 silly tarball no local data for type-is@https://registry.npmjs.org/type-is/-/type-is-2.0.1.tgz. Extracting by manifest.
2044 silly tarball no local data for range-parser@https://registry.npmjs.org/range-parser/-/range-parser-1.2.1.tgz. Extracting by manifest.
2045 silly tarball no local data for send@https://registry.npmjs.org/send/-/send-1.2.1.tgz. Extracting by manifest.
2046 silly tarball no local data for qs@https://registry.npmjs.org/qs/-/qs-6.15.1.tgz. Extracting by manifest.
2047 silly tarball no local data for proxy-addr@https://registry.npmjs.org/proxy-addr/-/proxy-addr-2.0.7.tgz. Extracting by manifest.
2048 silly tarball no local data for router@https://registry.npmjs.org/router/-/router-2.2.0.tgz. Extracting by manifest.
2049 silly tarball no local data for parseurl@https://registry.npmjs.org/parseurl/-/parseurl-1.3.3.tgz. Extracting by manifest.
2050 silly tarball no local data for once@https://registry.npmjs.org/once/-/once-1.4.0.tgz. Extracting by manifest.
2051 silly tarball no local data for on-finished@https://registry.npmjs.org/on-finished/-/on-finished-2.4.1.tgz. Extracting by manifest.
2052 silly tarball no local data for mime-types@https://registry.npmjs.org/mime-types/-/mime-types-3.0.2.tgz. Extracting by manifest.
2053 silly tarball no local data for merge-descriptors@https://registry.npmjs.org/merge-descriptors/-/merge-descriptors-2.0.0.tgz. Extracting by manifest.
2054 silly tarball no local data for fresh@https://registry.npmjs.org/fresh/-/fresh-2.0.0.tgz. Extracting by manifest.
2055 silly tarball no local data for finalhandler@https://registry.npmjs.org/finalhandler/-/finalhandler-2.1.1.tgz. Extracting by manifest.
2056 silly tarball no local data for http-errors@https://registry.npmjs.org/http-errors/-/http-errors-2.0.1.tgz. Extracting by manifest.
2057 silly tarball no local data for etag@https://registry.npmjs.org/etag/-/etag-1.8.1.tgz. Extracting by manifest.
2058 silly tarball no local data for escape-html@https://registry.npmjs.org/escape-html/-/escape-html-1.0.3.tgz. Extracting by manifest.
2059 silly tarball no local data for encodeurl@https://registry.npmjs.org/encodeurl/-/encodeurl-2.0.0.tgz. Extracting by manifest.
2060 silly tarball no local data for depd@https://registry.npmjs.org/depd/-/depd-2.0.0.tgz. Extracting by manifest.
2061 silly tarball no local data for debug@https://registry.npmjs.org/debug/-/debug-4.4.3.tgz. Extracting by manifest.
2062 silly tarball no local data for cookie-signature@https://registry.npmjs.org/cookie-signature/-/cookie-signature-1.2.2.tgz. Extracting by manifest.
2063 silly tarball no local data for cookie@https://registry.npmjs.org/cookie/-/cookie-0.7.2.tgz. Extracting by manifest.
2064 silly tarball no local data for content-disposition@https://registry.npmjs.org/content-disposition/-/content-disposition-1.1.0.tgz. Extracting by manifest.
2065 silly tarball no local data for body-parser@https://registry.npmjs.org/body-parser/-/body-parser-2.2.2.tgz. Extracting by manifest.
2066 silly tarball no local data for accepts@https://registry.npmjs.org/accepts/-/accepts-2.0.0.tgz. Extracting by manifest.
2067 silly tarball no local data for which@https://registry.npmjs.org/which/-/which-2.0.2.tgz. Extracting by manifest.
2068 silly tarball no local data for shebang-command@https://registry.npmjs.org/shebang-command/-/shebang-command-2.0.0.tgz. Extracting by manifest.
2069 silly tarball no local data for path-key@https://registry.npmjs.org/path-key/-/path-key-3.1.1.tgz. Extracting by manifest.
2070 silly tarball no local data for @algolia/requester-fetch@https://registry.npmjs.org/@algolia/requester-fetch/-/requester-fetch-5.48.1.tgz. Extracting by manifest.
2071 silly tarball no local data for vary@https://registry.npmjs.org/vary/-/vary-1.1.2.tgz. Extracting by manifest.
2072 silly tarball no local data for object-assign@https://registry.npmjs.org/object-assign/-/object-assign-4.1.1.tgz. Extracting by manifest.
2073 silly tarball no local data for @algolia/recommend@https://registry.npmjs.org/@algolia/recommend/-/recommend-5.48.1.tgz. Extracting by manifest.
2074 silly tarball no local data for @algolia/requester-browser-xhr@https://registry.npmjs.org/@algolia/requester-browser-xhr/-/requester-browser-xhr-5.48.1.tgz. Extracting by manifest.
2075 silly tarball no local data for @algolia/monitoring@https://registry.npmjs.org/@algolia/monitoring/-/monitoring-1.48.1.tgz. Extracting by manifest.
2076 silly tarball no local data for @algolia/ingestion@https://registry.npmjs.org/@algolia/ingestion/-/ingestion-1.48.1.tgz. Extracting by manifest.
2077 silly tarball no local data for @algolia/client-search@https://registry.npmjs.org/@algolia/client-search/-/client-search-5.48.1.tgz. Extracting by manifest.
2078 silly tarball no local data for @algolia/client-query-suggestions@https://registry.npmjs.org/@algolia/client-query-suggestions/-/client-query-suggestions-5.48.1.tgz. Extracting by manifest.
2079 silly tarball no local data for @algolia/client-personalization@https://registry.npmjs.org/@algolia/client-personalization/-/client-personalization-5.48.1.tgz. Extracting by manifest.
2080 silly tarball no local data for @algolia/client-insights@https://registry.npmjs.org/@algolia/client-insights/-/client-insights-5.48.1.tgz. Extracting by manifest.
2081 silly tarball no local data for @algolia/client-common@https://registry.npmjs.org/@algolia/client-common/-/client-common-5.48.1.tgz. Extracting by manifest.
2082 silly tarball no local data for @algolia/client-abtesting@https://registry.npmjs.org/@algolia/client-abtesting/-/client-abtesting-5.48.1.tgz. Extracting by manifest.
2083 silly tarball no local data for @algolia/client-analytics@https://registry.npmjs.org/@algolia/client-analytics/-/client-analytics-5.48.1.tgz. Extracting by manifest.
2084 silly tarball no local data for @algolia/abtesting@https://registry.npmjs.org/@algolia/abtesting/-/abtesting-1.14.1.tgz. Extracting by manifest.
2085 silly tarball no local data for require-from-string@https://registry.npmjs.org/require-from-string/-/require-from-string-2.0.2.tgz. Extracting by manifest.
2086 silly tarball no local data for @algolia/requester-node-http@https://registry.npmjs.org/@algolia/requester-node-http/-/requester-node-http-5.48.1.tgz. Extracting by manifest.
2087 silly tarball no local data for json-schema-traverse@https://registry.npmjs.org/json-schema-traverse/-/json-schema-traverse-1.0.0.tgz. Extracting by manifest.
2088 silly tarball no local data for zod-to-json-schema@https://registry.npmjs.org/zod-to-json-schema/-/zod-to-json-schema-3.25.2.tgz. Extracting by manifest.
2089 silly tarball no local data for fast-uri@https://registry.npmjs.org/fast-uri/-/fast-uri-3.1.0.tgz. Extracting by manifest.
2090 silly tarball no local data for raw-body@https://registry.npmjs.org/raw-body/-/raw-body-3.0.2.tgz. Extracting by manifest.
2091 silly tarball no local data for pkce-challenge@https://registry.npmjs.org/pkce-challenge/-/pkce-challenge-5.0.1.tgz. Extracting by manifest.
2092 silly tarball no local data for fast-deep-equal@https://registry.npmjs.org/fast-deep-equal/-/fast-deep-equal-3.1.3.tgz. Extracting by manifest.
2093 silly tarball no local data for json-schema-typed@https://registry.npmjs.org/json-schema-typed/-/json-schema-typed-8.0.2.tgz. Extracting by manifest.
2094 silly tarball no local data for express-rate-limit@https://registry.npmjs.org/express-rate-limit/-/express-rate-limit-8.3.2.tgz. Extracting by manifest.
2095 silly tarball no local data for jose@https://registry.npmjs.org/jose/-/jose-6.2.2.tgz. Extracting by manifest.
2096 silly tarball no local data for express@https://registry.npmjs.org/express/-/express-5.2.1.tgz. Extracting by manifest.
2097 silly tarball no local data for eventsource-parser@https://registry.npmjs.org/eventsource-parser/-/eventsource-parser-3.0.6.tgz. Extracting by manifest.
2098 silly tarball no local data for cross-spawn@https://registry.npmjs.org/cross-spawn/-/cross-spawn-7.0.6.tgz. Extracting by manifest.
2099 silly tarball no local data for eventsource@https://registry.npmjs.org/eventsource/-/eventsource-3.0.7.tgz. Extracting by manifest.
2100 silly tarball no local data for @hono/node-server@https://registry.npmjs.org/@hono/node-server/-/node-server-1.19.14.tgz. Extracting by manifest.
2101 silly tarball no local data for cors@https://registry.npmjs.org/cors/-/cors-2.8.6.tgz. Extracting by manifest.
2102 silly tarball no local data for content-type@https://registry.npmjs.org/content-type/-/content-type-1.0.5.tgz. Extracting by manifest.
2103 silly tarball no local data for hono@https://registry.npmjs.org/hono/-/hono-4.12.14.tgz. Extracting by manifest.
2104 silly tarball no local data for @inquirer/external-editor@https://registry.npmjs.org/@inquirer/external-editor/-/external-editor-1.0.3.tgz. Extracting by manifest.
2105 silly tarball no local data for iconv-lite@https://registry.npmjs.org/iconv-lite/-/iconv-lite-0.7.2.tgz. Extracting by manifest.
2106 silly tarball no local data for wrap-ansi@https://registry.npmjs.org/wrap-ansi/-/wrap-ansi-6.2.0.tgz. Extracting by manifest.
2107 silly tarball no local data for @inquirer/type@https://registry.npmjs.org/@inquirer/type/-/type-3.0.10.tgz. Extracting by manifest.
2108 silly tarball no local data for mute-stream@https://registry.npmjs.org/mute-stream/-/mute-stream-2.0.0.tgz. Extracting by manifest.
2109 silly tarball no local data for chardet@https://registry.npmjs.org/chardet/-/chardet-2.1.1.tgz. Extracting by manifest.
2110 silly tarball no local data for @inquirer/figures@https://registry.npmjs.org/@inquirer/figures/-/figures-1.0.15.tgz. Extracting by manifest.
2111 silly tarball no local data for @inquirer/core@https://registry.npmjs.org/@inquirer/core/-/core-10.3.2.tgz. Extracting by manifest.
2112 silly tarball no local data for cli-width@https://registry.npmjs.org/cli-width/-/cli-width-4.1.0.tgz. Extracting by manifest.
2113 silly tarball no local data for signal-exit@https://registry.npmjs.org/signal-exit/-/signal-exit-4.1.0.tgz. Extracting by manifest.
2114 silly tarball no local data for yoctocolors-cjs@https://registry.npmjs.org/yoctocolors-cjs/-/yoctocolors-cjs-2.1.3.tgz. Extracting by manifest.
2115 silly tarball no local data for @inquirer/ansi@https://registry.npmjs.org/@inquirer/ansi/-/ansi-1.0.2.tgz. Extracting by manifest.
2116 silly tarball no local data for @inquirer/select@https://registry.npmjs.org/@inquirer/select/-/select-4.4.2.tgz. Extracting by manifest.
2117 silly tarball no local data for @inquirer/rawlist@https://registry.npmjs.org/@inquirer/rawlist/-/rawlist-4.1.11.tgz. Extracting by manifest.
2118 silly tarball no local data for @inquirer/search@https://registry.npmjs.org/@inquirer/search/-/search-3.2.2.tgz. Extracting by manifest.
2119 silly tarball no local data for @inquirer/number@https://registry.npmjs.org/@inquirer/number/-/number-3.0.23.tgz. Extracting by manifest.
2120 silly tarball no local data for @inquirer/password@https://registry.npmjs.org/@inquirer/password/-/password-4.0.23.tgz. Extracting by manifest.
2121 silly tarball no local data for @inquirer/input@https://registry.npmjs.org/@inquirer/input/-/input-4.3.1.tgz. Extracting by manifest.
2122 silly tarball no local data for @inquirer/expand@https://registry.npmjs.org/@inquirer/expand/-/expand-4.0.23.tgz. Extracting by manifest.
2123 silly tarball no local data for ora@https://registry.npmjs.org/ora/-/ora-9.3.0.tgz. Extracting by manifest.
2124 silly tarball no local data for @inquirer/editor@https://registry.npmjs.org/@inquirer/editor/-/editor-4.2.23.tgz. Extracting by manifest.
2125 silly tarball no local data for @inquirer/confirm@https://registry.npmjs.org/@inquirer/confirm/-/confirm-5.1.21.tgz. Extracting by manifest.
2126 silly tarball no local data for magic-string@https://registry.npmjs.org/magic-string/-/magic-string-0.30.21.tgz. Extracting by manifest.
2127 silly tarball no local data for @inquirer/checkbox@https://registry.npmjs.org/@inquirer/checkbox/-/checkbox-4.3.2.tgz. Extracting by manifest.
2128 silly tarball no local data for source-map@https://registry.npmjs.org/source-map/-/source-map-0.7.6.tgz. Extracting by manifest.
2129 silly tarball no local data for ajv-formats@https://registry.npmjs.org/ajv-formats/-/ajv-formats-3.0.1.tgz. Extracting by manifest.
2130 silly tarball no local data for picomatch@https://registry.npmjs.org/picomatch/-/picomatch-4.0.4.tgz. Extracting by manifest.
2131 silly tarball no local data for rxjs@https://registry.npmjs.org/rxjs/-/rxjs-7.8.2.tgz. Extracting by manifest.
2132 silly tarball no local data for zod@https://registry.npmjs.org/zod/-/zod-4.3.6.tgz. Extracting by manifest.
2133 silly tarball no local data for ajv@https://registry.npmjs.org/ajv/-/ajv-8.18.0.tgz. Extracting by manifest.
2134 silly tarball no local data for yargs@https://registry.npmjs.org/yargs/-/yargs-18.0.0.tgz. Extracting by manifest.
2135 silly tarball no local data for semver@https://registry.npmjs.org/semver/-/semver-7.7.4.tgz. Extracting by manifest.
2136 silly tarball no local data for parse5-html-rewriting-stream@https://registry.npmjs.org/parse5-html-rewriting-stream/-/parse5-html-rewriting-stream-8.0.0.tgz. Extracting by manifest.
2137 silly tarball no local data for pacote@https://registry.npmjs.org/pacote/-/pacote-21.3.1.tgz. Extracting by manifest.
2138 silly tarball no local data for npm-package-arg@https://registry.npmjs.org/npm-package-arg/-/npm-package-arg-13.0.2.tgz. Extracting by manifest.
2139 silly tarball no local data for jsonc-parser@https://registry.npmjs.org/jsonc-parser/-/jsonc-parser-3.3.1.tgz. Extracting by manifest.
2140 silly tarball no local data for @yarnpkg/lockfile@https://registry.npmjs.org/@yarnpkg/lockfile/-/lockfile-1.1.0.tgz. Extracting by manifest.
2141 silly tarball no local data for algoliasearch@https://registry.npmjs.org/algoliasearch/-/algoliasearch-5.48.1.tgz. Extracting by manifest.
2142 silly tarball no local data for @schematics/angular@https://registry.npmjs.org/@schematics/angular/-/angular-21.2.7.tgz. Extracting by manifest.
2143 silly tarball no local data for ini@https://registry.npmjs.org/ini/-/ini-6.0.0.tgz. Extracting by manifest.
2144 silly tarball no local data for @modelcontextprotocol/sdk@https://registry.npmjs.org/@modelcontextprotocol/sdk/-/sdk-1.26.0.tgz. Extracting by manifest.
2145 silly tarball no local data for listr2@https://registry.npmjs.org/listr2/-/listr2-9.0.5.tgz. Extracting by manifest.
2146 silly tarball no local data for @listr2/prompt-adapter-inquirer@https://registry.npmjs.org/@listr2/prompt-adapter-inquirer/-/prompt-adapter-inquirer-3.0.5.tgz. Extracting by manifest.
2147 silly tarball no local data for @inquirer/prompts@https://registry.npmjs.org/@inquirer/prompts/-/prompts-7.10.1.tgz. Extracting by manifest.
2148 silly tarball no local data for @angular/cli@https://registry.npmjs.org/@angular/cli/-/cli-21.2.7.tgz. Extracting by manifest.
2149 silly tarball no local data for @angular-devkit/schematics@https://registry.npmjs.org/@angular-devkit/schematics/-/schematics-21.2.7.tgz. Extracting by manifest.
2150 silly tarball no local data for wrap-ansi@https://registry.npmjs.org/wrap-ansi/-/wrap-ansi-9.0.2.tgz. Extracting by manifest.
2151 silly tarball no local data for @angular-devkit/architect@https://registry.npmjs.org/@angular-devkit/architect/-/architect-0.2102.7.tgz. Extracting by manifest.
2152 silly tarball no local data for @angular-devkit/core@https://registry.npmjs.org/@angular-devkit/core/-/core-21.2.7.tgz. Extracting by manifest.
2153 silly tarball no local data for string-width@https://registry.npmjs.org/string-width/-/string-width-7.2.0.tgz. Extracting by manifest.
2154 silly tarball no local data for yallist@https://registry.npmjs.org/yallist/-/yallist-4.0.0.tgz. Extracting by manifest.
2155 silly tarball no local data for yallist@https://registry.npmjs.org/yallist/-/yallist-4.0.0.tgz. Extracting by manifest.
2156 silly tarball no local data for minipass@https://registry.npmjs.org/minipass/-/minipass-3.3.6.tgz. Extracting by manifest.
2157 silly tarball no local data for minipass@https://registry.npmjs.org/minipass/-/minipass-3.3.6.tgz. Extracting by manifest.
2158 silly tarball no local data for which@https://registry.npmjs.org/which/-/which-6.0.1.tgz. Extracting by manifest.
2159 silly tarball no local data for isexe@https://registry.npmjs.org/isexe/-/isexe-4.0.0.tgz. Extracting by manifest.
2160 silly tarball no local data for isexe@https://registry.npmjs.org/isexe/-/isexe-4.0.0.tgz. Extracting by manifest.
2161 silly tarball no local data for which@https://registry.npmjs.org/which/-/which-6.0.1.tgz. Extracting by manifest.
2162 silly tarball no local data for isexe@https://registry.npmjs.org/isexe/-/isexe-4.0.0.tgz. Extracting by manifest.
2163 silly tarball no local data for which@https://registry.npmjs.org/which/-/which-6.0.1.tgz. Extracting by manifest.
2164 silly tarball no local data for ansi-regex@https://registry.npmjs.org/ansi-regex/-/ansi-regex-5.0.1.tgz. Extracting by manifest.
2165 silly tarball no local data for string-width@https://registry.npmjs.org/string-width/-/string-width-7.2.0.tgz. Extracting by manifest.
2166 silly tarball no local data for slice-ansi@https://registry.npmjs.org/slice-ansi/-/slice-ansi-7.1.2.tgz. Extracting by manifest.
2167 silly tarball no local data for wrap-ansi@https://registry.npmjs.org/wrap-ansi/-/wrap-ansi-9.0.2.tgz. Extracting by manifest.
2168 silly tarball no local data for is-fullwidth-code-point@https://registry.npmjs.org/is-fullwidth-code-point/-/is-fullwidth-code-point-3.0.0.tgz. Extracting by manifest.
2169 silly tarball no local data for string-width@https://registry.npmjs.org/string-width/-/string-width-7.2.0.tgz. Extracting by manifest.
2170 silly tarball no local data for strip-ansi@https://registry.npmjs.org/strip-ansi/-/strip-ansi-6.0.1.tgz. Extracting by manifest.
2171 silly tarball no local data for emoji-regex@https://registry.npmjs.org/emoji-regex/-/emoji-regex-8.0.0.tgz. Extracting by manifest.
2172 silly tarball no local data for string-width@https://registry.npmjs.org/string-width/-/string-width-4.2.3.tgz. Extracting by manifest.
2173 silly tarball no local data for ansi-styles@https://registry.npmjs.org/ansi-styles/-/ansi-styles-4.3.0.tgz. Extracting by manifest.
2174 silly tarball no local data for string-width@https://registry.npmjs.org/string-width/-/string-width-7.2.0.tgz. Extracting by manifest.
2175 silly tarball no local data for wrap-ansi@https://registry.npmjs.org/wrap-ansi/-/wrap-ansi-9.0.2.tgz. Extracting by manifest.
2176 http fetch POST 200 https://registry.npmjs.org/-/npm/v1/security/advisories/bulk 249ms
2177 silly audit report {}
2178 http fetch GET 200 https://registry.npmjs.org/fdir/-/fdir-6.5.0.tgz 186ms (cache miss)
2179 http fetch GET 200 https://registry.npmjs.org/media-typer/-/media-typer-1.1.0.tgz 189ms (cache miss)
2180 http fetch GET 200 https://registry.npmjs.org/@tufjs/canonical-json/-/canonical-json-2.0.0.tgz 191ms (cache miss)
2181 http fetch GET 200 https://registry.npmjs.org/isexe/-/isexe-2.0.0.tgz 194ms (cache miss)
2182 http fetch GET 200 https://registry.npmjs.org/color-name/-/color-name-1.1.4.tgz 198ms (cache miss)
2183 http fetch GET 200 https://registry.npmjs.org/escalade/-/escalade-3.2.0.tgz 196ms (cache miss)
2184 http fetch GET 200 https://registry.npmjs.org/get-caller-file/-/get-caller-file-2.0.5.tgz 201ms (cache miss)
2185 http fetch GET 200 https://registry.npmjs.org/emoji-regex/-/emoji-regex-10.6.0.tgz 202ms (cache miss)
2186 http fetch GET 200 https://registry.npmjs.org/y18n/-/y18n-5.0.8.tgz 206ms (cache miss)
2187 http fetch GET 200 https://registry.npmjs.org/yallist/-/yallist-5.0.0.tgz 221ms (cache miss)
2188 http fetch GET 200 https://registry.npmjs.org/color-convert/-/color-convert-2.0.1.tgz 226ms (cache miss)
2189 http fetch GET 200 https://registry.npmjs.org/spdx-license-ids/-/spdx-license-ids-3.0.23.tgz 228ms (cache miss)
2190 http fetch GET 200 https://registry.npmjs.org/spdx-exceptions/-/spdx-exceptions-2.5.0.tgz 231ms (cache miss)
2191 http fetch GET 200 https://registry.npmjs.org/cliui/-/cliui-9.0.1.tgz 236ms (cache miss)
2192 http fetch GET 200 https://registry.npmjs.org/ansi-regex/-/ansi-regex-6.2.2.tgz 247ms (cache miss)
2193 http fetch GET 200 https://registry.npmjs.org/get-east-asian-width/-/get-east-asian-width-1.5.0.tgz 246ms (cache miss)
2194 http fetch GET 200 https://registry.npmjs.org/ansi-styles/-/ansi-styles-6.2.3.tgz 252ms (cache miss)
2195 http fetch GET 200 https://registry.npmjs.org/is-fullwidth-code-point/-/is-fullwidth-code-point-5.1.0.tgz 259ms (cache miss)
2196 http fetch GET 200 https://registry.npmjs.org/tuf-js/-/tuf-js-4.1.0.tgz 258ms (cache miss)
2197 http fetch GET 200 https://registry.npmjs.org/dunder-proto/-/dunder-proto-1.0.1.tgz 271ms (cache miss)
2198 http fetch GET 200 https://registry.npmjs.org/get-proto/-/get-proto-1.0.1.tgz 279ms (cache miss)
2199 http fetch GET 200 https://registry.npmjs.org/hasown/-/hasown-2.0.2.tgz 283ms (cache miss)
2200 http fetch GET 200 https://registry.npmjs.org/math-intrinsics/-/math-intrinsics-1.1.0.tgz 284ms (cache miss)
2201 http fetch GET 200 https://registry.npmjs.org/gopd/-/gopd-1.2.0.tgz 289ms (cache miss)
2202 http fetch GET 200 https://registry.npmjs.org/es-define-property/-/es-define-property-1.0.1.tgz 290ms (cache miss)
2203 http fetch GET 200 https://registry.npmjs.org/get-intrinsic/-/get-intrinsic-1.3.0.tgz 290ms (cache miss)
2204 http fetch GET 200 https://registry.npmjs.org/side-channel-weakmap/-/side-channel-weakmap-1.0.2.tgz 290ms (cache miss)
2205 http fetch GET 200 https://registry.npmjs.org/has-symbols/-/has-symbols-1.1.0.tgz 292ms (cache miss)
2206 http fetch GET 200 https://registry.npmjs.org/side-channel-map/-/side-channel-map-1.0.1.tgz 302ms (cache miss)
2207 http fetch GET 200 https://registry.npmjs.org/es-errors/-/es-errors-1.3.0.tgz 303ms (cache miss)
2208 http fetch GET 200 https://registry.npmjs.org/shebang-regex/-/shebang-regex-3.0.0.tgz 306ms (cache miss)
2209 http fetch GET 200 https://registry.npmjs.org/call-bound/-/call-bound-1.0.4.tgz 309ms (cache miss)
2210 http fetch GET 200 https://registry.npmjs.org/is-promise/-/is-promise-4.0.0.tgz 313ms (cache miss)
2211 http fetch GET 200 https://registry.npmjs.org/unpipe/-/unpipe-1.0.0.tgz 328ms (cache miss)
2212 http fetch GET 200 https://registry.npmjs.org/side-channel/-/side-channel-1.1.0.tgz 327ms (cache miss)
2213 http fetch GET 200 https://registry.npmjs.org/yargs-parser/-/yargs-parser-22.0.0.tgz 345ms (cache miss)
2214 http fetch GET 200 https://registry.npmjs.org/path-to-regexp/-/path-to-regexp-8.4.2.tgz 329ms (cache miss)
2215 http fetch GET 200 https://registry.npmjs.org/retry/-/retry-0.12.0.tgz 329ms (cache miss)
2216 http fetch GET 200 https://registry.npmjs.org/forwarded/-/forwarded-0.2.0.tgz 333ms (cache miss)
2217 http fetch GET 200 https://registry.npmjs.org/err-code/-/err-code-2.0.3.tgz 332ms (cache miss)
2218 http fetch GET 200 https://registry.npmjs.org/mimic-function/-/mimic-function-5.0.1.tgz 337ms (cache miss)
2219 http fetch GET 200 https://registry.npmjs.org/onetime/-/onetime-7.0.0.tgz 337ms (cache miss)
2220 http fetch GET 200 https://registry.npmjs.org/jsonparse/-/jsonparse-1.3.1.tgz 340ms (cache miss)
2221 http fetch GET 200 https://registry.npmjs.org/parse5-sax-parser/-/parse5-sax-parser-8.0.0.tgz 344ms (cache miss)
2222 http fetch GET 200 https://registry.npmjs.org/ignore-walk/-/ignore-walk-8.0.0.tgz 347ms (cache miss)
2223 http fetch GET 200 https://registry.npmjs.org/npm-install-checks/-/npm-install-checks-8.0.0.tgz 353ms (cache miss)
2224 http fetch GET 200 https://registry.npmjs.org/abbrev/-/abbrev-4.0.0.tgz 362ms (cache miss)
2225 http fetch GET 200 https://registry.npmjs.org/ipaddr.js/-/ipaddr.js-1.9.1.tgz 367ms (cache miss)
2226 http fetch GET 200 https://registry.npmjs.org/http-proxy-agent/-/http-proxy-agent-7.0.2.tgz 370ms (cache miss)
2227 http fetch GET 200 https://registry.npmjs.org/socks-proxy-agent/-/socks-proxy-agent-8.0.5.tgz 371ms (cache miss)
2228 http fetch GET 200 https://registry.npmjs.org/agent-base/-/agent-base-7.1.4.tgz 372ms (cache miss)
2229 http fetch GET 200 https://registry.npmjs.org/minipass-sized/-/minipass-sized-2.0.0.tgz 374ms (cache miss)
2230 http fetch GET 200 https://registry.npmjs.org/http-cache-semantics/-/http-cache-semantics-4.2.0.tgz 393ms (cache miss)
2231 http fetch GET 200 https://registry.npmjs.org/tinyglobby/-/tinyglobby-0.2.16.tgz 393ms (cache miss)
2232 http fetch GET 200 https://registry.npmjs.org/env-paths/-/env-paths-2.2.1.tgz 400ms (cache miss)
2233 http fetch GET 200 https://registry.npmjs.org/side-channel-list/-/side-channel-list-1.0.1.tgz 419ms (cache miss)
2234 http fetch GET 200 https://registry.npmjs.org/function-bind/-/function-bind-1.1.2.tgz 420ms (cache miss)
2235 http fetch GET 200 https://registry.npmjs.org/brace-expansion/-/brace-expansion-5.0.5.tgz 408ms (cache miss)
2236 http fetch GET 200 https://registry.npmjs.org/p-map/-/p-map-7.0.4.tgz 414ms (cache miss)
2237 http fetch GET 200 https://registry.npmjs.org/@isaacs/fs-minipass/-/fs-minipass-4.0.1.tgz 443ms (cache miss)
2238 http fetch GET 200 https://registry.npmjs.org/smart-buffer/-/smart-buffer-4.2.0.tgz 440ms (cache miss)
2239 http fetch GET 200 https://registry.npmjs.org/@npmcli/fs/-/fs-5.0.0.tgz 420ms (cache miss)
2240 http fetch GET 200 https://registry.npmjs.org/minipass-pipeline/-/minipass-pipeline-1.2.4.tgz 419ms (cache miss)
2241 http fetch GET 200 https://registry.npmjs.org/minipass-flush/-/minipass-flush-1.0.7.tgz 419ms (cache miss)
2242 http fetch GET 200 https://registry.npmjs.org/spdx-expression-parse/-/spdx-expression-parse-4.0.0.tgz 418ms (cache miss)
2243 http fetch GET 200 https://registry.npmjs.org/@sigstore/tuf/-/tuf-4.0.2.tgz 442ms (cache miss)
2244 http fetch GET 200 https://registry.npmjs.org/graceful-fs/-/graceful-fs-4.2.11.tgz 426ms (cache miss)
2245 http fetch GET 200 https://registry.npmjs.org/minipass-collect/-/minipass-collect-2.0.1.tgz 424ms (cache miss)
2246 http fetch GET 200 https://registry.npmjs.org/es-object-atoms/-/es-object-atoms-1.1.1.tgz 444ms (cache miss)
2247 http fetch GET 200 https://registry.npmjs.org/json-parse-even-better-errors/-/json-parse-even-better-errors-5.0.0.tgz 429ms (cache miss)
2248 http fetch GET 200 https://registry.npmjs.org/npm-normalize-package-bin/-/npm-normalize-package-bin-5.0.0.tgz 430ms (cache miss)
2249 http fetch GET 200 https://registry.npmjs.org/chownr/-/chownr-3.0.0.tgz 457ms (cache miss)
2250 http fetch GET 200 https://registry.npmjs.org/tslib/-/tslib-2.8.1.tgz 447ms (cache miss)
2251 http fetch GET 200 https://registry.npmjs.org/@npmcli/agent/-/agent-4.0.0.tgz 445ms (cache miss)
2252 http fetch GET 200 https://registry.npmjs.org/nopt/-/nopt-9.0.0.tgz 446ms (cache miss)
2253 http fetch GET 200 https://registry.npmjs.org/call-bind-apply-helpers/-/call-bind-apply-helpers-1.0.2.tgz 470ms (cache miss)
2254 http fetch GET 200 https://registry.npmjs.org/npm-packlist/-/npm-packlist-10.0.4.tgz 454ms (cache miss)
2255 http fetch GET 200 https://registry.npmjs.org/minipass-fetch/-/minipass-fetch-5.0.2.tgz 464ms (cache miss)
2256 http fetch GET 200 https://registry.npmjs.org/https-proxy-agent/-/https-proxy-agent-7.0.6.tgz 473ms (cache miss)
2257 http fetch GET 200 https://registry.npmjs.org/fs-minipass/-/fs-minipass-3.0.3.tgz 461ms (cache miss)
2258 http fetch GET 200 https://registry.npmjs.org/ssri/-/ssri-13.0.1.tgz 472ms (cache miss)
2259 http fetch GET 200 https://registry.npmjs.org/make-fetch-happen/-/make-fetch-happen-15.0.5.tgz 494ms (cache miss)
2260 http fetch GET 200 https://registry.npmjs.org/promise-retry/-/promise-retry-2.0.1.tgz 489ms (cache miss)
2261 http fetch GET 200 https://registry.npmjs.org/balanced-match/-/balanced-match-4.0.4.tgz 497ms (cache miss)
2262 http fetch GET 200 https://registry.npmjs.org/sigstore/-/sigstore-4.1.0.tgz 491ms (cache miss)
2263 http fetch GET 200 https://registry.npmjs.org/yoctocolors/-/yoctocolors-2.1.2.tgz 494ms (cache miss)
2264 http fetch GET 200 https://registry.npmjs.org/npm-bundled/-/npm-bundled-5.0.0.tgz 498ms (cache miss)
2265 http fetch GET 200 https://registry.npmjs.org/stdin-discarder/-/stdin-discarder-0.3.2.tgz 509ms (cache miss)
2266 http fetch GET 200 https://registry.npmjs.org/@sigstore/bundle/-/bundle-4.0.0.tgz 538ms (cache miss)
2267 http fetch GET 200 https://registry.npmjs.org/@npmcli/redact/-/redact-4.0.0.tgz 527ms (cache miss)
2268 http fetch GET 200 https://registry.npmjs.org/log-symbols/-/log-symbols-7.0.1.tgz 516ms (cache miss)
2269 http fetch GET 200 https://registry.npmjs.org/is-unicode-supported/-/is-unicode-supported-2.1.0.tgz 522ms (cache miss)
2270 http fetch GET 200 https://registry.npmjs.org/is-interactive/-/is-interactive-2.0.0.tgz 527ms (cache miss)
2271 http fetch GET 200 https://registry.npmjs.org/path-scurry/-/path-scurry-2.0.2.tgz 541ms (cache miss)
2272 http fetch GET 200 https://registry.npmjs.org/chalk/-/chalk-5.6.2.tgz 531ms (cache miss)
2273 http fetch GET 200 https://registry.npmjs.org/npm-registry-fetch/-/npm-registry-fetch-19.1.1.tgz 539ms (cache miss)
2274 http fetch GET 200 https://registry.npmjs.org/minipass/-/minipass-7.1.3.tgz 549ms (cache miss)
2275 http fetch GET 200 https://registry.npmjs.org/minizlib/-/minizlib-3.1.0.tgz 563ms (cache miss)
2276 http fetch GET 200 https://registry.npmjs.org/object-inspect/-/object-inspect-1.13.4.tgz 574ms (cache miss)
2277 http fetch GET 200 https://registry.npmjs.org/@npmcli/git/-/git-7.0.2.tgz 555ms (cache miss)
2278 http fetch GET 200 https://registry.npmjs.org/cli-spinners/-/cli-spinners-3.4.0.tgz 556ms (cache miss)
2279 http fetch GET 200 https://registry.npmjs.org/wrappy/-/wrappy-1.0.2.tgz 556ms (cache miss)
2280 http fetch GET 200 https://registry.npmjs.org/ee-first/-/ee-first-1.1.1.tgz 557ms (cache miss)
2281 http fetch GET 200 https://registry.npmjs.org/@npmcli/node-gyp/-/node-gyp-5.0.0.tgz 568ms (cache miss)
2282 http fetch GET 200 https://registry.npmjs.org/proc-log/-/proc-log-6.1.0.tgz 561ms (cache miss)
2283 http fetch GET 200 https://registry.npmjs.org/validate-npm-package-name/-/validate-npm-package-name-7.0.2.tgz 562ms (cache miss)
2284 http fetch GET 200 https://registry.npmjs.org/socks/-/socks-2.8.7.tgz 602ms (cache miss)
2285 http fetch GET 200 https://registry.npmjs.org/@tufjs/models/-/models-4.1.0.tgz 620ms (cache miss)
2286 http fetch GET 200 https://registry.npmjs.org/environment/-/environment-1.1.0.tgz 583ms (cache miss)
2287 http fetch GET 200 https://registry.npmjs.org/restore-cursor/-/restore-cursor-5.1.0.tgz 585ms (cache miss)
2288 http fetch GET 200 https://registry.npmjs.org/strip-ansi/-/strip-ansi-7.2.0.tgz 587ms (cache miss)
2289 http fetch GET 200 https://registry.npmjs.org/cli-cursor/-/cli-cursor-5.0.0.tgz 588ms (cache miss)
2290 http fetch GET 200 https://registry.npmjs.org/string-width/-/string-width-8.2.0.tgz 593ms (cache miss)
2291 http fetch GET 200 https://registry.npmjs.org/cacache/-/cacache-20.0.4.tgz 602ms (cache miss)
2292 http fetch GET 200 https://registry.npmjs.org/mime-db/-/mime-db-1.54.0.tgz 598ms (cache miss)
2293 http fetch GET 200 https://registry.npmjs.org/ansi-escapes/-/ansi-escapes-7.3.0.tgz 606ms (cache miss)
2294 http fetch GET 200 https://registry.npmjs.org/slice-ansi/-/slice-ansi-8.0.0.tgz 616ms (cache miss)
2295 http fetch GET 200 https://registry.npmjs.org/log-update/-/log-update-6.1.0.tgz 616ms (cache miss)
2296 http fetch GET 200 https://registry.npmjs.org/parse5/-/parse5-8.0.0.tgz 642ms (cache miss)
2297 http fetch GET 200 https://registry.npmjs.org/toidentifier/-/toidentifier-1.0.1.tgz 617ms (cache miss)
2298 http fetch GET 200 https://registry.npmjs.org/colorette/-/colorette-2.0.20.tgz 619ms (cache miss)
2299 http fetch GET 200 https://registry.npmjs.org/hosted-git-info/-/hosted-git-info-9.0.2.tgz 626ms (cache miss)
2300 http fetch GET 200 https://registry.npmjs.org/rfdc/-/rfdc-1.4.1.tgz 633ms (cache miss)
2301 http fetch GET 200 https://registry.npmjs.org/inherits/-/inherits-2.0.4.tgz 639ms (cache miss)
2302 http fetch GET 200 https://registry.npmjs.org/setprototypeof/-/setprototypeof-1.2.0.tgz 643ms (cache miss)
2303 http fetch GET 200 https://registry.npmjs.org/cli-truncate/-/cli-truncate-5.2.0.tgz 646ms (cache miss)
2304 http fetch GET 200 https://registry.npmjs.org/safer-buffer/-/safer-buffer-2.1.2.tgz 646ms (cache miss)
2305 http fetch GET 200 https://registry.npmjs.org/bytes/-/bytes-3.1.2.tgz 646ms (cache miss)
2306 http fetch GET 200 https://registry.npmjs.org/negotiator/-/negotiator-1.0.0.tgz 647ms (cache miss)
2307 http fetch GET 200 https://registry.npmjs.org/statuses/-/statuses-2.0.2.tgz 647ms (cache miss)
2308 http fetch GET 200 https://registry.npmjs.org/@sigstore/core/-/core-3.2.0.tgz 689ms (cache miss)
2309 http fetch GET 200 https://registry.npmjs.org/eventemitter3/-/eventemitter3-5.0.4.tgz 659ms (cache miss)
2310 http fetch GET 200 https://registry.npmjs.org/ms/-/ms-2.1.3.tgz 656ms (cache miss)
2311 http fetch GET 200 https://registry.npmjs.org/@sigstore/verify/-/verify-3.1.0.tgz 699ms (cache miss)
2312 http fetch GET 200 https://registry.npmjs.org/type-is/-/type-is-2.0.1.tgz 668ms (cache miss)
2313 http fetch GET 200 https://registry.npmjs.org/serve-static/-/serve-static-2.2.1.tgz 673ms (cache miss)
2314 http fetch GET 200 https://registry.npmjs.org/proxy-addr/-/proxy-addr-2.0.7.tgz 677ms (cache miss)
2315 http fetch GET 200 https://registry.npmjs.org/range-parser/-/range-parser-1.2.1.tgz 681ms (cache miss)
2316 http fetch GET 200 https://registry.npmjs.org/send/-/send-1.2.1.tgz 680ms (cache miss)
2317 http fetch GET 200 https://registry.npmjs.org/parseurl/-/parseurl-1.3.3.tgz 679ms (cache miss)
2318 http fetch GET 200 https://registry.npmjs.org/once/-/once-1.4.0.tgz 688ms (cache miss)
2319 http fetch GET 200 https://registry.npmjs.org/router/-/router-2.2.0.tgz 690ms (cache miss)
2320 http fetch GET 200 https://registry.npmjs.org/@sigstore/protobuf-specs/-/protobuf-specs-0.5.1.tgz 732ms (cache miss)
2321 http fetch GET 200 https://registry.npmjs.org/on-finished/-/on-finished-2.4.1.tgz 690ms (cache miss)
2322 http fetch GET 200 https://registry.npmjs.org/exponential-backoff/-/exponential-backoff-3.1.3.tgz 731ms (cache miss)
2323 http fetch GET 200 https://registry.npmjs.org/mime-types/-/mime-types-3.0.2.tgz 704ms (cache miss)
2324 http fetch GET 200 https://registry.npmjs.org/@jridgewell/sourcemap-codec/-/sourcemap-codec-1.5.5.tgz 717ms (cache miss)
2325 http fetch GET 200 https://registry.npmjs.org/finalhandler/-/finalhandler-2.1.1.tgz 705ms (cache miss)
2326 http fetch GET 200 https://registry.npmjs.org/merge-descriptors/-/merge-descriptors-2.0.0.tgz 707ms (cache miss)
2327 http fetch GET 200 https://registry.npmjs.org/fresh/-/fresh-2.0.0.tgz 706ms (cache miss)
2328 http fetch GET 200 https://registry.npmjs.org/http-errors/-/http-errors-2.0.1.tgz 713ms (cache miss)
2329 http fetch GET 200 https://registry.npmjs.org/npm-pick-manifest/-/npm-pick-manifest-11.0.3.tgz 734ms (cache miss)
2330 http fetch GET 200 https://registry.npmjs.org/escape-html/-/escape-html-1.0.3.tgz 714ms (cache miss)
2331 http fetch GET 200 https://registry.npmjs.org/etag/-/etag-1.8.1.tgz 717ms (cache miss)
2332 http fetch GET 200 https://registry.npmjs.org/encodeurl/-/encodeurl-2.0.0.tgz 722ms (cache miss)
2333 http fetch GET 200 https://registry.npmjs.org/depd/-/depd-2.0.0.tgz 734ms (cache miss)
2334 http fetch GET 200 https://registry.npmjs.org/body-parser/-/body-parser-2.2.2.tgz 735ms (cache miss)
2335 http fetch GET 200 https://registry.npmjs.org/accepts/-/accepts-2.0.0.tgz 736ms (cache miss)
2336 http fetch GET 200 https://registry.npmjs.org/content-disposition/-/content-disposition-1.1.0.tgz 738ms (cache miss)
2337 http fetch GET 200 https://registry.npmjs.org/cookie-signature/-/cookie-signature-1.2.2.tgz 741ms (cache miss)
2338 http fetch GET 200 https://registry.npmjs.org/which/-/which-2.0.2.tgz 739ms (cache miss)
2339 http fetch GET 200 https://registry.npmjs.org/cookie/-/cookie-0.7.2.tgz 742ms (cache miss)
2340 http fetch GET 200 https://registry.npmjs.org/shebang-command/-/shebang-command-2.0.0.tgz 742ms (cache miss)
2341 http fetch GET 200 https://registry.npmjs.org/qs/-/qs-6.15.1.tgz 755ms (cache miss)
2342 http fetch GET 200 https://registry.npmjs.org/debug/-/debug-4.4.3.tgz 862ms (cache miss)
2343 http fetch GET 200 https://registry.npmjs.org/minimatch/-/minimatch-10.2.5.tgz 897ms (cache miss)
2344 http fetch GET 200 https://registry.npmjs.org/path-key/-/path-key-3.1.1.tgz 869ms (cache miss)
2345 http fetch GET 200 https://registry.npmjs.org/vary/-/vary-1.1.2.tgz 874ms (cache miss)
2346 http fetch GET 200 https://registry.npmjs.org/object-assign/-/object-assign-4.1.1.tgz 876ms (cache miss)
2347 http fetch GET 200 https://registry.npmjs.org/@algolia/requester-browser-xhr/-/requester-browser-xhr-5.48.1.tgz 876ms (cache miss)
2348 http fetch GET 200 https://registry.npmjs.org/require-from-string/-/require-from-string-2.0.2.tgz 875ms (cache miss)
2349 http fetch GET 200 https://registry.npmjs.org/@algolia/requester-fetch/-/requester-fetch-5.48.1.tgz 880ms (cache miss)
2350 http fetch GET 200 https://registry.npmjs.org/@algolia/requester-node-http/-/requester-node-http-5.48.1.tgz 890ms (cache miss)
2351 http fetch GET 200 https://registry.npmjs.org/raw-body/-/raw-body-3.0.2.tgz 904ms (cache miss)
2352 http fetch GET 200 https://registry.npmjs.org/@sigstore/sign/-/sign-4.1.1.tgz 973ms (cache miss)
2353 http fetch GET 200 https://registry.npmjs.org/@gar/promise-retry/-/promise-retry-1.0.3.tgz 962ms (cache miss)
2354 http fetch GET 200 https://registry.npmjs.org/@npmcli/package-json/-/package-json-7.0.5.tgz 957ms (cache miss)
2355 http fetch GET 200 https://registry.npmjs.org/fast-deep-equal/-/fast-deep-equal-3.1.3.tgz 930ms (cache miss)
2356 http fetch GET 200 https://registry.npmjs.org/@npmcli/run-script/-/run-script-10.0.4.tgz 962ms (cache miss)
2357 http fetch GET 200 https://registry.npmjs.org/json-schema-traverse/-/json-schema-traverse-1.0.0.tgz 941ms (cache miss)
2358 http fetch GET 200 https://registry.npmjs.org/cross-spawn/-/cross-spawn-7.0.6.tgz 956ms (cache miss)
2359 http fetch GET 200 https://registry.npmjs.org/eventsource-parser/-/eventsource-parser-3.0.6.tgz 964ms (cache miss)
2360 http fetch GET 200 https://registry.npmjs.org/pkce-challenge/-/pkce-challenge-5.0.1.tgz 970ms (cache miss)
2361 http fetch GET 200 https://registry.npmjs.org/cors/-/cors-2.8.6.tgz 968ms (cache miss)
2362 http fetch GET 200 https://registry.npmjs.org/json-schema-typed/-/json-schema-typed-8.0.2.tgz 982ms (cache miss)
2363 http fetch GET 200 https://registry.npmjs.org/express-rate-limit/-/express-rate-limit-8.3.2.tgz 982ms (cache miss)
2364 http fetch GET 200 https://registry.npmjs.org/content-type/-/content-type-1.0.5.tgz 980ms (cache miss)
2365 http fetch GET 200 https://registry.npmjs.org/express/-/express-5.2.1.tgz 993ms (cache miss)
2366 http fetch GET 200 https://registry.npmjs.org/wrap-ansi/-/wrap-ansi-6.2.0.tgz 1003ms (cache miss)
2367 http fetch GET 200 https://registry.npmjs.org/mute-stream/-/mute-stream-2.0.0.tgz 1004ms (cache miss)
2368 http fetch GET 200 https://registry.npmjs.org/ip-address/-/ip-address-10.1.0.tgz 1035ms (cache miss)
2369 http fetch GET 200 https://registry.npmjs.org/@inquirer/type/-/type-3.0.10.tgz 1012ms (cache miss)
2370 http fetch GET 200 https://registry.npmjs.org/eventsource/-/eventsource-3.0.7.tgz 1022ms (cache miss)
2371 http fetch GET 200 https://registry.npmjs.org/@inquirer/figures/-/figures-1.0.15.tgz 1028ms (cache miss)
2372 http fetch GET 200 https://registry.npmjs.org/signal-exit/-/signal-exit-4.1.0.tgz 1036ms (cache miss)
2373 http fetch GET 200 https://registry.npmjs.org/cli-width/-/cli-width-4.1.0.tgz 1037ms (cache miss)
2374 http fetch GET 200 https://registry.npmjs.org/yoctocolors-cjs/-/yoctocolors-cjs-2.1.3.tgz 1039ms (cache miss)
2375 http fetch GET 200 https://registry.npmjs.org/glob/-/glob-13.0.6.tgz 1094ms (cache miss)
2376 http fetch GET 200 https://registry.npmjs.org/@algolia/client-personalization/-/client-personalization-5.48.1.tgz 1072ms (cache miss)
2377 http fetch GET 200 https://registry.npmjs.org/@algolia/client-query-suggestions/-/client-query-suggestions-5.48.1.tgz 1077ms (cache miss)
2378 http fetch GET 200 https://registry.npmjs.org/lru-cache/-/lru-cache-11.3.5.tgz 1099ms (cache miss)
2379 http fetch GET 200 https://registry.npmjs.org/@algolia/client-insights/-/client-insights-5.48.1.tgz 1078ms (cache miss)
2380 http fetch GET 200 https://registry.npmjs.org/@inquirer/ansi/-/ansi-1.0.2.tgz 1068ms (cache miss)
2381 http fetch GET 200 https://registry.npmjs.org/@inquirer/number/-/number-3.0.23.tgz 1078ms (cache miss)
2382 http fetch GET 200 https://registry.npmjs.org/@inquirer/select/-/select-4.4.2.tgz 1081ms (cache miss)
2383 http fetch GET 200 https://registry.npmjs.org/fast-uri/-/fast-uri-3.1.0.tgz 1096ms (cache miss)
2384 http fetch GET 200 https://registry.npmjs.org/@inquirer/password/-/password-4.0.23.tgz 1089ms (cache miss)
2385 http fetch GET 200 https://registry.npmjs.org/entities/-/entities-6.0.1.tgz 1149ms (cache miss)
2386 http fetch GET 200 https://registry.npmjs.org/@inquirer/rawlist/-/rawlist-4.1.11.tgz 1101ms (cache miss)
2387 http fetch GET 200 https://registry.npmjs.org/@npmcli/promise-spawn/-/promise-spawn-9.0.1.tgz 1148ms (cache miss)
2388 http fetch GET 200 https://registry.npmjs.org/@algolia/client-analytics/-/client-analytics-5.48.1.tgz 1131ms (cache miss)
2389 http fetch GET 200 https://registry.npmjs.org/@algolia/recommend/-/recommend-5.48.1.tgz 1136ms (cache miss)
2390 http fetch GET 200 https://registry.npmjs.org/@inquirer/expand/-/expand-4.0.23.tgz 1123ms (cache miss)
2391 http fetch GET 200 https://registry.npmjs.org/ora/-/ora-9.3.0.tgz 1124ms (cache miss)
2392 http fetch GET 200 https://registry.npmjs.org/@inquirer/editor/-/editor-4.2.23.tgz 1126ms (cache miss)
2393 http fetch GET 200 https://registry.npmjs.org/iconv-lite/-/iconv-lite-0.7.2.tgz 1135ms (cache miss)
2394 http fetch GET 200 https://registry.npmjs.org/@algolia/monitoring/-/monitoring-1.48.1.tgz 1145ms (cache miss)
2395 http fetch GET 200 https://registry.npmjs.org/@inquirer/confirm/-/confirm-5.1.21.tgz 1129ms (cache miss)
2396 http fetch GET 200 https://registry.npmjs.org/@algolia/client-common/-/client-common-5.48.1.tgz 1158ms (cache miss)
2397 http fetch GET 200 https://registry.npmjs.org/@inquirer/input/-/input-4.3.1.tgz 1150ms (cache miss)
2398 http fetch GET 200 https://registry.npmjs.org/@algolia/ingestion/-/ingestion-1.48.1.tgz 1180ms (cache miss)
2399 http fetch GET 200 https://registry.npmjs.org/@inquirer/checkbox/-/checkbox-4.3.2.tgz 1178ms (cache miss)
2400 http fetch GET 200 https://registry.npmjs.org/chardet/-/chardet-2.1.1.tgz 1189ms (cache miss)
2401 http fetch GET 200 https://registry.npmjs.org/ajv-formats/-/ajv-formats-3.0.1.tgz 1182ms (cache miss)
2402 http fetch GET 200 https://registry.npmjs.org/@algolia/client-search/-/client-search-5.48.1.tgz 1213ms (cache miss)
2403 http fetch GET 200 https://registry.npmjs.org/source-map/-/source-map-0.7.6.tgz 1199ms (cache miss)
2404 http fetch GET 200 https://registry.npmjs.org/node-gyp/-/node-gyp-12.2.0.tgz 1292ms (cache miss)
2405 http fetch GET 200 https://registry.npmjs.org/@npmcli/installed-package-contents/-/installed-package-contents-4.0.0.tgz 1284ms (cache miss)
2406 http fetch GET 200 https://registry.npmjs.org/parse5-html-rewriting-stream/-/parse5-html-rewriting-stream-8.0.0.tgz 1258ms (cache miss)
2407 http fetch GET 200 https://registry.npmjs.org/npm-package-arg/-/npm-package-arg-13.0.2.tgz 1272ms (cache miss)
2408 http fetch GET 200 https://registry.npmjs.org/@hono/node-server/-/node-server-1.19.14.tgz 1296ms (cache miss)
2409 http fetch GET 200 https://registry.npmjs.org/ini/-/ini-6.0.0.tgz 1293ms (cache miss)
2410 http fetch GET 200 https://registry.npmjs.org/@inquirer/external-editor/-/external-editor-1.0.3.tgz 1322ms (cache miss)
2411 http fetch GET 200 https://registry.npmjs.org/pacote/-/pacote-21.3.1.tgz 1314ms (cache miss)
2412 http fetch GET 200 https://registry.npmjs.org/@listr2/prompt-adapter-inquirer/-/prompt-adapter-inquirer-3.0.5.tgz 1319ms (cache miss)
2413 http fetch GET 200 https://registry.npmjs.org/@algolia/abtesting/-/abtesting-1.14.1.tgz 1356ms (cache miss)
2414 http fetch GET 200 https://registry.npmjs.org/wrap-ansi/-/wrap-ansi-9.0.2.tgz 1345ms (cache miss)
2415 http fetch GET 200 https://registry.npmjs.org/jsonc-parser/-/jsonc-parser-3.3.1.tgz 1362ms (cache miss)
2416 http fetch GET 200 https://registry.npmjs.org/@algolia/client-abtesting/-/client-abtesting-5.48.1.tgz 1390ms (cache miss)
2417 http fetch GET 200 https://registry.npmjs.org/string-width/-/string-width-7.2.0.tgz 1381ms (cache miss)
2418 http fetch GET 200 https://registry.npmjs.org/yallist/-/yallist-4.0.0.tgz 1406ms (cache miss)
2419 http fetch GET 200 https://registry.npmjs.org/semver/-/semver-7.7.4.tgz 1420ms (cache miss)
2420 http fetch GET 200 https://registry.npmjs.org/yallist/-/yallist-4.0.0.tgz 1414ms (cache miss)
2421 http fetch GET 200 https://registry.npmjs.org/minipass/-/minipass-3.3.6.tgz 1423ms (cache miss)
2422 http fetch GET 200 https://registry.npmjs.org/jose/-/jose-6.2.2.tgz 1455ms (cache miss)
2423 http fetch GET 200 https://registry.npmjs.org/which/-/which-6.0.1.tgz 1432ms (cache miss)
2424 http fetch GET 200 https://registry.npmjs.org/minipass/-/minipass-3.3.6.tgz 1434ms (cache miss)
2425 http fetch GET 200 https://registry.npmjs.org/isexe/-/isexe-4.0.0.tgz 1443ms (cache miss)
2426 http fetch GET 200 https://registry.npmjs.org/which/-/which-6.0.1.tgz 1450ms (cache miss)
2427 http fetch GET 200 https://registry.npmjs.org/isexe/-/isexe-4.0.0.tgz 1451ms (cache miss)
2428 http fetch GET 200 https://registry.npmjs.org/isexe/-/isexe-4.0.0.tgz 1461ms (cache miss)
2429 http fetch GET 200 https://registry.npmjs.org/yargs/-/yargs-18.0.0.tgz 1476ms (cache miss)
2430 http fetch GET 200 https://registry.npmjs.org/which/-/which-6.0.1.tgz 1473ms (cache miss)
2431 http fetch GET 200 https://registry.npmjs.org/ansi-regex/-/ansi-regex-5.0.1.tgz 1475ms (cache miss)
2432 http fetch GET 200 https://registry.npmjs.org/wrap-ansi/-/wrap-ansi-9.0.2.tgz 1481ms (cache miss)
2433 http fetch GET 200 https://registry.npmjs.org/string-width/-/string-width-7.2.0.tgz 1483ms (cache miss)
2434 http fetch GET 200 https://registry.npmjs.org/slice-ansi/-/slice-ansi-7.1.2.tgz 1483ms (cache miss)
2435 http fetch GET 200 https://registry.npmjs.org/is-fullwidth-code-point/-/is-fullwidth-code-point-3.0.0.tgz 1488ms (cache miss)
2436 http fetch GET 200 https://registry.npmjs.org/string-width/-/string-width-7.2.0.tgz 1494ms (cache miss)
2437 http fetch GET 200 https://registry.npmjs.org/strip-ansi/-/strip-ansi-6.0.1.tgz 1494ms (cache miss)
2438 http fetch GET 200 https://registry.npmjs.org/algoliasearch/-/algoliasearch-5.48.1.tgz 1505ms (cache miss)
2439 http fetch GET 200 https://registry.npmjs.org/picomatch/-/picomatch-4.0.4.tgz 1510ms (cache miss)
2440 http fetch GET 200 https://registry.npmjs.org/emoji-regex/-/emoji-regex-8.0.0.tgz 1512ms (cache miss)
2441 http fetch GET 200 https://registry.npmjs.org/string-width/-/string-width-7.2.0.tgz 1511ms (cache miss)
2442 http fetch GET 200 https://registry.npmjs.org/wrap-ansi/-/wrap-ansi-9.0.2.tgz 1508ms (cache miss)
2443 http fetch GET 200 https://registry.npmjs.org/ansi-styles/-/ansi-styles-4.3.0.tgz 1515ms (cache miss)
2444 http fetch GET 200 https://registry.npmjs.org/string-width/-/string-width-4.2.3.tgz 1515ms (cache miss)
2445 http fetch GET 200 https://registry.npmjs.org/zod-to-json-schema/-/zod-to-json-schema-3.25.2.tgz 1583ms (cache miss)
2446 http fetch GET 200 https://registry.npmjs.org/@yarnpkg/lockfile/-/lockfile-1.1.0.tgz 1580ms (cache miss)
2447 http fetch GET 200 https://registry.npmjs.org/@inquirer/core/-/core-10.3.2.tgz 1645ms (cache miss)
2448 http fetch GET 200 https://registry.npmjs.org/@inquirer/prompts/-/prompts-7.10.1.tgz 1663ms (cache miss)
2449 http fetch GET 200 https://registry.npmjs.org/listr2/-/listr2-9.0.5.tgz 1669ms (cache miss)
2450 http fetch GET 200 https://registry.npmjs.org/magic-string/-/magic-string-0.30.21.tgz 1702ms (cache miss)
2451 http fetch GET 200 https://registry.npmjs.org/@angular-devkit/architect/-/architect-0.2102.7.tgz 1709ms (cache miss)
2452 http fetch GET 200 https://registry.npmjs.org/@inquirer/search/-/search-3.2.2.tgz 1750ms (cache miss)
2453 http fetch GET 200 https://registry.npmjs.org/tar/-/tar-7.5.13.tgz 1796ms (cache miss)
2454 http fetch GET 200 https://registry.npmjs.org/@angular-devkit/schematics/-/schematics-21.2.7.tgz 1853ms (cache miss)
2455 http fetch GET 200 https://registry.npmjs.org/@angular-devkit/core/-/core-21.2.7.tgz 1871ms (cache miss)
2456 http fetch GET 200 https://registry.npmjs.org/@schematics/angular/-/angular-21.2.7.tgz 2314ms (cache miss)
2457 http fetch GET 200 https://registry.npmjs.org/@angular/cli/-/cli-21.2.7.tgz 2326ms (cache miss)
2458 http fetch GET 200 https://registry.npmjs.org/ajv/-/ajv-8.18.0.tgz 2349ms (cache miss)
2459 http fetch GET 200 https://registry.npmjs.org/hono/-/hono-4.12.14.tgz 2519ms (cache miss)
2460 http fetch GET 200 https://registry.npmjs.org/zod/-/zod-4.3.6.tgz 2678ms (cache miss)
2461 http fetch GET 200 https://registry.npmjs.org/@modelcontextprotocol/sdk/-/sdk-1.26.0.tgz 2791ms (cache miss)
2462 http fetch GET 200 https://registry.npmjs.org/rxjs/-/rxjs-7.8.2.tgz 4437ms (cache miss)
2463 verbose cwd C:\Users\isaac\Documents\Proyectos\Postular_app
2464 verbose os Windows_NT 10.0.26200
2465 verbose node v24.13.0
2466 verbose npm  v11.6.2
2467 verbose exit 0
2468 info ok
