0 verbose cli C:\Program Files\nodejs\node.exe C:\Program Files\nodejs\node_modules\npm\bin\npm-cli.js
1 info using npm@11.6.2
2 info using node@v24.13.0
3 silly config load:file:C:\Program Files\nodejs\node_modules\npm\npmrc
4 silly config load:file:C:\Users\isaac\Documents\Proyectos\Postular_app\job-dashboard\.npmrc
5 silly config load:file:C:\Users\isaac\.npmrc
6 silly config load:file:C:\Users\isaac\Documents\Proyectos\Postular_app\.npm-global\etc\npmrc
7 verbose title npm install
8 verbose argv "install" "--ignore-scripts"
9 verbose logfile logs-max:10 dir:C:\Users\isaac\Documents\Proyectos\Postular_app\.npm-cache\_logs\2026-04-16T21_49_31_226Z-
10 verbose logfile C:\Users\isaac\Documents\Proyectos\Postular_app\.npm-cache\_logs\2026-04-16T21_49_31_226Z-debug-0.log
11 silly logfile done cleaning log files
12 silly packumentCache heap:4496293888 maxSize:1124073472 maxEntrySize:562036736
13 silly idealTree buildDeps
14 silly fetch manifest @angular/common@^21.2.0
15 silly packumentCache full:https://registry.npmjs.org/@angular%2fcommon cache-miss
16 http fetch GET 200 https://registry.npmjs.org/@angular%2fcommon 192ms (cache miss)
17 silly packumentCache full:https://registry.npmjs.org/@angular%2fcommon set size:undefined disposed:false
18 silly fetch manifest @angular/core@^21.2.0
19 silly packumentCache full:https://registry.npmjs.org/@angular%2fcore cache-miss
20 http fetch GET 200 https://registry.npmjs.org/@angular%2fcore 118ms (cache miss)
21 silly packumentCache full:https://registry.npmjs.org/@angular%2fcore set size:undefined disposed:false
22 silly fetch manifest @angular/compiler@^21.2.0
23 silly packumentCache full:https://registry.npmjs.org/@angular%2fcompiler cache-miss
24 http fetch GET 200 https://registry.npmjs.org/@angular%2fcompiler 114ms (cache miss)
25 silly packumentCache full:https://registry.npmjs.org/@angular%2fcompiler set size:undefined disposed:false
26 silly fetch manifest rxjs@~7.8.0
27 silly packumentCache full:https://registry.npmjs.org/rxjs cache-miss
28 http cache https://registry.npmjs.org/rxjs 9ms (cache hit)
29 silly packumentCache full:https://registry.npmjs.org/rxjs set size:980097 disposed:false
30 silly fetch manifest zone.js@~0.15.0 || ~0.16.0
31 silly packumentCache full:https://registry.npmjs.org/zone.js cache-miss
32 http fetch GET 200 https://registry.npmjs.org/zone.js 44ms (cache miss)
33 silly packumentCache full:https://registry.npmjs.org/zone.js set size:undefined disposed:false
34 silly fetch manifest @angular/forms@^21.2.0
35 silly packumentCache full:https://registry.npmjs.org/@angular%2fforms cache-miss
36 http fetch GET 200 https://registry.npmjs.org/@angular%2fforms 100ms (cache miss)
37 silly packumentCache full:https://registry.npmjs.org/@angular%2fforms set size:undefined disposed:false
38 silly fetch manifest @angular/platform-browser@^21.2.0
39 silly packumentCache full:https://registry.npmjs.org/@angular%2fplatform-browser cache-miss
40 http fetch GET 200 https://registry.npmjs.org/@angular%2fplatform-browser 104ms (cache miss)
41 silly packumentCache full:https://registry.npmjs.org/@angular%2fplatform-browser set size:undefined disposed:false
42 silly fetch manifest @angular/animations@21.2.9
43 silly packumentCache full:https://registry.npmjs.org/@angular%2fanimations cache-miss
44 http fetch GET 200 https://registry.npmjs.org/@angular%2fanimations 108ms (cache miss)
45 silly packumentCache full:https://registry.npmjs.org/@angular%2fanimations set size:undefined disposed:false
46 silly fetch manifest @angular/router@^21.2.0
47 silly packumentCache full:https://registry.npmjs.org/@angular%2frouter cache-miss
48 http fetch GET 200 https://registry.npmjs.org/@angular%2frouter 108ms (cache miss)
49 silly packumentCache full:https://registry.npmjs.org/@angular%2frouter set size:undefined disposed:false
50 silly fetch manifest tslib@^2.3.0
51 silly packumentCache full:https://registry.npmjs.org/tslib cache-miss
52 http cache https://registry.npmjs.org/tslib 5ms (cache hit)
53 silly packumentCache full:https://registry.npmjs.org/tslib set size:108760 disposed:false
54 silly fetch manifest @angular/build@^21.2.7
55 silly packumentCache full:https://registry.npmjs.org/@angular%2fbuild cache-miss
56 http fetch GET 200 https://registry.npmjs.org/@angular%2fbuild 439ms (cache miss)
57 silly packumentCache full:https://registry.npmjs.org/@angular%2fbuild set size:undefined disposed:false
58 silly fetch manifest @angular/compiler-cli@^21.2.0
59 silly packumentCache full:https://registry.npmjs.org/@angular%2fcompiler-cli cache-miss
60 http fetch GET 200 https://registry.npmjs.org/@angular%2fcompiler-cli 444ms (cache miss)
61 silly packumentCache full:https://registry.npmjs.org/@angular%2fcompiler-cli set size:undefined disposed:false
62 silly fetch manifest typescript@~5.9.2
63 silly packumentCache full:https://registry.npmjs.org/typescript cache-miss
64 http fetch GET 200 https://registry.npmjs.org/typescript 234ms (cache miss)
65 silly packumentCache full:https://registry.npmjs.org/typescript set size:undefined disposed:false
66 silly fetch manifest @angular/localize@^21.0.0
67 silly packumentCache full:https://registry.npmjs.org/@angular%2flocalize cache-miss
68 http fetch GET 200 https://registry.npmjs.org/@angular%2flocalize 426ms (cache miss)
69 silly packumentCache full:https://registry.npmjs.org/@angular%2flocalize set size:undefined disposed:false
70 silly fetch manifest @angular/platform-server@^21.0.0
71 silly packumentCache full:https://registry.npmjs.org/@angular%2fplatform-server cache-miss
72 http fetch GET 200 https://registry.npmjs.org/@angular%2fplatform-server 150ms (cache miss)
73 silly packumentCache full:https://registry.npmjs.org/@angular%2fplatform-server set size:undefined disposed:false
74 silly fetch manifest @angular/service-worker@^21.0.0
75 silly packumentCache full:https://registry.npmjs.org/@angular%2fservice-worker cache-miss
76 http fetch GET 200 https://registry.npmjs.org/@angular%2fservice-worker 126ms (cache miss)
77 silly packumentCache full:https://registry.npmjs.org/@angular%2fservice-worker set size:undefined disposed:false
78 silly fetch manifest @angular/ssr@^21.2.7
79 silly packumentCache full:https://registry.npmjs.org/@angular%2fssr cache-miss
80 http fetch GET 200 https://registry.npmjs.org/@angular%2fssr 56ms (cache miss)
81 silly packumentCache full:https://registry.npmjs.org/@angular%2fssr set size:undefined disposed:false
82 silly fetch manifest karma@^6.4.0
83 silly packumentCache full:https://registry.npmjs.org/karma cache-miss
84 http fetch GET 200 https://registry.npmjs.org/karma 230ms (cache miss)
85 silly packumentCache full:https://registry.npmjs.org/karma set size:undefined disposed:false
86 silly fetch manifest less@^4.2.0
87 silly packumentCache full:https://registry.npmjs.org/less cache-miss
88 http fetch GET 200 https://registry.npmjs.org/less 46ms (cache miss)
89 silly packumentCache full:https://registry.npmjs.org/less set size:undefined disposed:false
90 silly fetch manifest ng-packagr@^21.0.0
91 silly packumentCache full:https://registry.npmjs.org/ng-packagr cache-miss
92 http fetch GET 200 https://registry.npmjs.org/ng-packagr 242ms (cache miss)
93 silly packumentCache full:https://registry.npmjs.org/ng-packagr set size:undefined disposed:false
94 silly fetch manifest tailwindcss@^2.0.0 || ^3.0.0 || ^4.0.0
95 silly packumentCache full:https://registry.npmjs.org/tailwindcss cache-miss
96 http fetch GET 200 https://registry.npmjs.org/tailwindcss 200ms (cache miss)
97 silly packumentCache full:https://registry.npmjs.org/tailwindcss set size:undefined disposed:false
98 silly fetch manifest postcss@^8.4.0
99 silly packumentCache full:https://registry.npmjs.org/postcss cache-miss
100 http fetch GET 200 https://registry.npmjs.org/postcss 49ms (cache miss)
101 silly packumentCache full:https://registry.npmjs.org/postcss set size:undefined disposed:false
102 silly fetch manifest vitest@^4.0.8
103 silly packumentCache full:https://registry.npmjs.org/vitest cache-miss
104 http fetch GET 200 https://registry.npmjs.org/vitest 77ms (cache miss)
105 silly packumentCache full:https://registry.npmjs.org/vitest set size:undefined disposed:false
106 silly fetch manifest @edge-runtime/vm@*
107 silly packumentCache full:https://registry.npmjs.org/@edge-runtime%2fvm cache-miss
108 http fetch GET 200 https://registry.npmjs.org/@edge-runtime%2fvm 80ms (cache miss)
109 silly packumentCache full:https://registry.npmjs.org/@edge-runtime%2fvm set size:undefined disposed:false
110 silly fetch manifest @opentelemetry/api@^1.9.0
111 silly packumentCache full:https://registry.npmjs.org/@opentelemetry%2fapi cache-miss
112 http fetch GET 200 https://registry.npmjs.org/@opentelemetry%2fapi 63ms (cache miss)
113 silly packumentCache full:https://registry.npmjs.org/@opentelemetry%2fapi set size:undefined disposed:false
114 silly fetch manifest @types/node@^20.0.0 || ^22.0.0 || >=24.0.0
115 silly packumentCache full:https://registry.npmjs.org/@types%2fnode cache-miss
116 http cache https://registry.npmjs.org/@types%2fnode 23ms (cache hit)
117 silly packumentCache full:https://registry.npmjs.org/@types%2fnode set size:10972342 disposed:false
118 silly fetch manifest @vitest/browser-playwright@4.1.4
119 silly packumentCache full:https://registry.npmjs.org/@vitest%2fbrowser-playwright cache-miss
120 http fetch GET 200 https://registry.npmjs.org/@vitest%2fbrowser-playwright 60ms (cache miss)
121 silly packumentCache full:https://registry.npmjs.org/@vitest%2fbrowser-playwright set size:undefined disposed:false
122 silly fetch manifest playwright@*
123 silly packumentCache full:https://registry.npmjs.org/playwright cache-miss
124 http fetch GET 200 https://registry.npmjs.org/playwright 521ms (cache miss)
125 silly packumentCache full:https://registry.npmjs.org/playwright set size:undefined disposed:false
126 silly fetch manifest @vitest/browser-preview@4.1.4
127 silly packumentCache full:https://registry.npmjs.org/@vitest%2fbrowser-preview cache-miss
128 http fetch GET 200 https://registry.npmjs.org/@vitest%2fbrowser-preview 54ms (cache miss)
129 silly packumentCache full:https://registry.npmjs.org/@vitest%2fbrowser-preview set size:undefined disposed:false
130 silly fetch manifest @vitest/browser-webdriverio@4.1.4
131 silly packumentCache full:https://registry.npmjs.org/@vitest%2fbrowser-webdriverio cache-miss
132 http fetch GET 200 https://registry.npmjs.org/@vitest%2fbrowser-webdriverio 53ms (cache miss)
133 silly packumentCache full:https://registry.npmjs.org/@vitest%2fbrowser-webdriverio set size:undefined disposed:false
134 silly fetch manifest webdriverio@*
135 silly packumentCache full:https://registry.npmjs.org/webdriverio cache-miss
136 http fetch GET 200 https://registry.npmjs.org/webdriverio 85ms (cache miss)
137 silly packumentCache full:https://registry.npmjs.org/webdriverio set size:undefined disposed:false
138 silly fetch manifest puppeteer-core@>=22.x || <=24.x
139 silly packumentCache full:https://registry.npmjs.org/puppeteer-core cache-miss
140 http fetch GET 200 https://registry.npmjs.org/puppeteer-core 59ms (cache miss)
141 silly packumentCache full:https://registry.npmjs.org/puppeteer-core set size:undefined disposed:false
142 silly fetch manifest @vitest/coverage-istanbul@4.1.4
143 silly packumentCache full:https://registry.npmjs.org/@vitest%2fcoverage-istanbul cache-miss
144 http fetch GET 200 https://registry.npmjs.org/@vitest%2fcoverage-istanbul 59ms (cache miss)
145 silly packumentCache full:https://registry.npmjs.org/@vitest%2fcoverage-istanbul set size:undefined disposed:false
146 silly fetch manifest @vitest/coverage-v8@4.1.4
147 silly packumentCache full:https://registry.npmjs.org/@vitest%2fcoverage-v8 cache-miss
148 http fetch GET 200 https://registry.npmjs.org/@vitest%2fcoverage-v8 55ms (cache miss)
149 silly packumentCache full:https://registry.npmjs.org/@vitest%2fcoverage-v8 set size:undefined disposed:false
150 silly fetch manifest @vitest/browser@4.1.4
151 silly packumentCache full:https://registry.npmjs.org/@vitest%2fbrowser cache-miss
152 http fetch GET 200 https://registry.npmjs.org/@vitest%2fbrowser 73ms (cache miss)
153 silly packumentCache full:https://registry.npmjs.org/@vitest%2fbrowser set size:undefined disposed:false
154 silly fetch manifest @vitest/ui@4.1.4
155 silly packumentCache full:https://registry.npmjs.org/@vitest%2fui cache-miss
156 http fetch GET 200 https://registry.npmjs.org/@vitest%2fui 130ms (cache miss)
157 silly packumentCache full:https://registry.npmjs.org/@vitest%2fui set size:undefined disposed:false
158 silly fetch manifest happy-dom@*
159 silly packumentCache full:https://registry.npmjs.org/happy-dom cache-miss
160 http fetch GET 200 https://registry.npmjs.org/happy-dom 100ms (cache miss)
161 silly packumentCache full:https://registry.npmjs.org/happy-dom set size:undefined disposed:false
162 silly fetch manifest jsdom@^28.0.0
163 silly packumentCache full:https://registry.npmjs.org/jsdom cache-miss
164 http fetch GET 200 https://registry.npmjs.org/jsdom 55ms (cache miss)
165 silly packumentCache full:https://registry.npmjs.org/jsdom set size:undefined disposed:false
166 silly fetch manifest canvas@^3.0.0
167 silly packumentCache full:https://registry.npmjs.org/canvas cache-miss
168 http fetch GET 200 https://registry.npmjs.org/canvas 44ms (cache miss)
169 silly packumentCache full:https://registry.npmjs.org/canvas set size:undefined disposed:false
170 silly fetch manifest @angular/cli@^21.2.7
171 silly packumentCache full:https://registry.npmjs.org/@angular%2fcli cache-miss
172 http cache https://registry.npmjs.org/@angular%2fcli 11ms (cache hit)
173 silly packumentCache full:https://registry.npmjs.org/@angular%2fcli set size:3101005 disposed:false
174 silly fetch manifest prettier@^3.8.1
175 silly packumentCache full:https://registry.npmjs.org/prettier cache-miss
176 http fetch GET 200 https://registry.npmjs.org/prettier 45ms (cache miss)
177 silly packumentCache full:https://registry.npmjs.org/prettier set size:undefined disposed:false
178 silly placeDep ROOT @angular/build@21.2.7 OK for: job-dashboard@0.0.0 want: ^21.2.7
179 silly placeDep ROOT tslib@2.8.1 OK for: @angular/build@21.2.7 want: ^2.3.0
180 silly placeDep ROOT typescript@5.9.3 OK for: @angular/build@21.2.7 want: >=5.9 <6.0
181 silly placeDep ROOT @angular/compiler@21.2.9 OK for: @angular/build@21.2.7 want: ^21.0.0
182 silly placeDep ROOT @angular/compiler-cli@21.2.9 OK for: @angular/build@21.2.7 want: ^21.0.0
183 silly placeDep ROOT @angular/cli@21.2.7 OK for: job-dashboard@0.0.0 want: ^21.2.7
184 silly placeDep ROOT @angular/common@21.2.9 OK for: job-dashboard@0.0.0 want: ^21.2.0
185 silly placeDep ROOT rxjs@7.8.2 OK for: @angular/common@21.2.9 want: ^6.5.3 || ^7.4.0
186 silly placeDep ROOT @angular/core@21.2.9 OK for: @angular/common@21.2.9 want: 21.2.9
187 silly placeDep ROOT @angular/forms@21.2.9 OK for: job-dashboard@0.0.0 want: ^21.2.0
188 silly placeDep ROOT @angular/platform-browser@21.2.9 OK for: @angular/forms@21.2.9 want: 21.2.9
189 silly placeDep ROOT @angular/router@21.2.9 OK for: job-dashboard@0.0.0 want: ^21.2.0
190 silly placeDep ROOT jsdom@28.1.0 OK for: job-dashboard@0.0.0 want: ^28.0.0
191 silly placeDep ROOT prettier@3.8.3 OK for: job-dashboard@0.0.0 want: ^3.8.1
192 silly placeDep ROOT vitest@4.1.4 OK for: job-dashboard@0.0.0 want: ^4.0.8
193 silly fetch manifest sass@1.97.3
194 silly packumentCache full:https://registry.npmjs.org/sass cache-miss
195 silly fetch manifest vite@7.3.2
196 silly packumentCache full:https://registry.npmjs.org/vite cache-miss
197 silly fetch manifest listr2@9.0.5
198 silly packumentCache full:https://registry.npmjs.org/listr2 cache-miss
199 silly fetch manifest mrmime@2.0.1
200 silly packumentCache full:https://registry.npmjs.org/mrmime cache-miss
201 silly fetch manifest semver@7.7.4
202 silly packumentCache full:https://registry.npmjs.org/semver cache-miss
203 silly fetch manifest undici@7.24.4
204 silly packumentCache full:https://registry.npmjs.org/undici cache-miss
205 silly fetch manifest esbuild@0.27.3
206 silly packumentCache full:https://registry.npmjs.org/esbuild cache-miss
207 silly fetch manifest piscina@5.1.4
208 silly packumentCache full:https://registry.npmjs.org/piscina cache-miss
209 silly fetch manifest beasties@0.4.1
210 silly packumentCache full:https://registry.npmjs.org/beasties cache-miss
211 silly fetch manifest rolldown@1.0.0-rc.4
212 silly packumentCache full:https://registry.npmjs.org/rolldown cache-miss
213 silly fetch manifest picomatch@4.0.4
214 silly packumentCache full:https://registry.npmjs.org/picomatch cache-miss
215 silly fetch manifest watchpack@2.5.1
216 silly packumentCache full:https://registry.npmjs.org/watchpack cache-miss
217 silly fetch manifest tinyglobby@0.2.15
218 silly packumentCache full:https://registry.npmjs.org/tinyglobby cache-miss
219 silly fetch manifest @babel/core@7.29.0
220 silly packumentCache full:https://registry.npmjs.org/@babel%2fcore cache-miss
221 silly fetch manifest browserslist@^4.26.0
222 silly packumentCache full:https://registry.npmjs.org/browserslist cache-miss
223 http cache https://registry.npmjs.org/picomatch 97ms (cache hit)
224 silly packumentCache full:https://registry.npmjs.org/picomatch set size:126376 disposed:false
225 silly fetch manifest jsonc-parser@3.3.1
226 silly packumentCache full:https://registry.npmjs.org/jsonc-parser cache-miss
227 http cache https://registry.npmjs.org/semver 100ms (cache hit)
228 silly packumentCache full:https://registry.npmjs.org/semver set size:229620 disposed:false
229 silly fetch manifest magic-string@0.30.21
230 silly packumentCache full:https://registry.npmjs.org/magic-string cache-miss
231 http cache https://registry.npmjs.org/tinyglobby 101ms (cache hit)
232 silly packumentCache full:https://registry.npmjs.org/tinyglobby set size:52660 disposed:false
233 silly fetch manifest @inquirer/confirm@5.1.21
234 silly packumentCache full:https://registry.npmjs.org/@inquirer%2fconfirm cache-miss
235 http cache https://registry.npmjs.org/listr2 106ms (cache hit)
236 silly packumentCache full:https://registry.npmjs.org/listr2 set size:1056609 disposed:false
237 silly fetch manifest https-proxy-agent@7.0.6
238 silly packumentCache full:https://registry.npmjs.org/https-proxy-agent cache-miss
239 http cache https://registry.npmjs.org/jsonc-parser 28ms (cache hit)
240 silly packumentCache full:https://registry.npmjs.org/jsonc-parser set size:99919 disposed:false
241 silly fetch manifest source-map-support@0.5.21
242 silly packumentCache full:https://registry.npmjs.org/source-map-support cache-miss
243 http cache https://registry.npmjs.org/magic-string 27ms (cache hit)
244 silly packumentCache full:https://registry.npmjs.org/magic-string set size:331817 disposed:false
245 silly fetch manifest @ampproject/remapping@2.3.0
246 silly packumentCache full:https://registry.npmjs.org/@ampproject%2fremapping cache-miss
247 http cache https://registry.npmjs.org/@inquirer%2fconfirm 30ms (cache hit)
248 silly packumentCache full:https://registry.npmjs.org/@inquirer%2fconfirm set size:311087 disposed:false
249 silly fetch manifest istanbul-lib-instrument@6.0.3
250 silly packumentCache full:https://registry.npmjs.org/istanbul-lib-instrument cache-miss
251 http cache https://registry.npmjs.org/https-proxy-agent 26ms (cache hit)
252 silly packumentCache full:https://registry.npmjs.org/https-proxy-agent set size:81258 disposed:false
253 silly fetch manifest @vitejs/plugin-basic-ssl@2.1.4
254 silly packumentCache full:https://registry.npmjs.org/@vitejs%2fplugin-basic-ssl cache-miss
255 http fetch GET 200 https://registry.npmjs.org/beasties 141ms (cache miss)
256 silly packumentCache full:https://registry.npmjs.org/beasties set size:undefined disposed:false
257 silly fetch manifest @angular-devkit/architect@0.2102.7
258 silly packumentCache full:https://registry.npmjs.org/@angular-devkit%2farchitect cache-miss
259 http cache https://registry.npmjs.org/@angular-devkit%2farchitect 11ms (cache hit)
260 silly packumentCache full:https://registry.npmjs.org/@angular-devkit%2farchitect set size:2128607 disposed:false
261 silly fetch manifest parse5-html-rewriting-stream@8.0.0
262 silly packumentCache full:https://registry.npmjs.org/parse5-html-rewriting-stream cache-miss
263 http fetch GET 200 https://registry.npmjs.org/sass 169ms (cache miss)
264 silly packumentCache full:https://registry.npmjs.org/sass set size:undefined disposed:false
265 silly fetch manifest @babel/helper-annotate-as-pure@7.27.3
266 silly packumentCache full:https://registry.npmjs.org/@babel%2fhelper-annotate-as-pure cache-miss
267 http cache https://registry.npmjs.org/parse5-html-rewriting-stream 24ms (cache hit)
268 silly packumentCache full:https://registry.npmjs.org/parse5-html-rewriting-stream set size:21571 disposed:false
269 silly fetch manifest @babel/helper-split-export-declaration@7.24.7
270 silly packumentCache full:https://registry.npmjs.org/@babel%2fhelper-split-export-declaration cache-miss
271 http fetch GET 200 https://registry.npmjs.org/browserslist 186ms (cache miss)
272 silly packumentCache full:https://registry.npmjs.org/browserslist set size:undefined disposed:false
273 silly fetch manifest lmdb@3.5.1
274 silly packumentCache full:https://registry.npmjs.org/lmdb cache-miss
275 http fetch GET 200 https://registry.npmjs.org/source-map-support 68ms (cache miss)
276 silly packumentCache full:https://registry.npmjs.org/source-map-support set size:undefined disposed:false
277 silly fetch manifest yargs@^18.0.0
278 silly packumentCache full:https://registry.npmjs.org/yargs cache-miss
279 http cache https://registry.npmjs.org/yargs 9ms (cache hit)
280 silly packumentCache full:https://registry.npmjs.org/yargs set size:743056 disposed:false
281 silly fetch manifest semver@^7.0.0
282 silly packumentCache full:https://registry.npmjs.org/semver cache-hit
283 silly fetch manifest chokidar@^5.0.0
284 silly packumentCache full:https://registry.npmjs.org/chokidar cache-miss
285 http fetch GET 200 https://registry.npmjs.org/@babel%2fcore 211ms (cache miss)
286 silly packumentCache full:https://registry.npmjs.org/@babel%2fcore set size:undefined disposed:false
287 silly fetch manifest reflect-metadata@^0.2.0
288 silly packumentCache full:https://registry.npmjs.org/reflect-metadata cache-miss
289 http fetch GET 200 https://registry.npmjs.org/undici 220ms (cache miss)
290 silly packumentCache full:https://registry.npmjs.org/undici set size:undefined disposed:false
291 silly fetch manifest convert-source-map@^1.5.1
292 silly packumentCache full:https://registry.npmjs.org/convert-source-map cache-miss
293 http fetch GET 200 https://registry.npmjs.org/esbuild 228ms (cache miss)
294 silly packumentCache full:https://registry.npmjs.org/esbuild set size:undefined disposed:false
295 silly fetch manifest @jridgewell/sourcemap-codec@^1.4.14
296 silly packumentCache full:https://registry.npmjs.org/@jridgewell%2fsourcemap-codec cache-miss
297 http cache https://registry.npmjs.org/chokidar 23ms (cache hit)
298 silly packumentCache full:https://registry.npmjs.org/chokidar set size:255902 disposed:false
299 silly fetch manifest ini@6.0.0
300 silly packumentCache full:https://registry.npmjs.org/ini cache-miss
301 http cache https://registry.npmjs.org/@jridgewell%2fsourcemap-codec 11ms (cache hit)
302 silly packumentCache full:https://registry.npmjs.org/@jridgewell%2fsourcemap-codec set size:59275 disposed:false
303 silly fetch manifest zod@4.3.6
304 silly packumentCache full:https://registry.npmjs.org/zod cache-miss
305 http cache https://registry.npmjs.org/ini 8ms (cache hit)
306 silly packumentCache full:https://registry.npmjs.org/ini set size:56961 disposed:false
307 silly fetch manifest yargs@18.0.0
308 silly packumentCache full:https://registry.npmjs.org/yargs cache-hit
309 silly fetch manifest pacote@21.3.1
310 silly packumentCache full:https://registry.npmjs.org/pacote cache-miss
311 http cache https://registry.npmjs.org/pacote 12ms (cache hit)
312 silly packumentCache full:https://registry.npmjs.org/pacote set size:760594 disposed:false
313 silly fetch manifest algoliasearch@5.48.1
314 silly packumentCache full:https://registry.npmjs.org/algoliasearch cache-miss
315 http cache https://registry.npmjs.org/zod 24ms (cache hit)
316 silly packumentCache full:https://registry.npmjs.org/zod set size:3489329 disposed:false
317 silly fetch manifest npm-package-arg@13.0.2
318 silly packumentCache full:https://registry.npmjs.org/npm-package-arg cache-miss
319 http fetch GET 200 https://registry.npmjs.org/mrmime 282ms (cache miss)
320 silly packumentCache full:https://registry.npmjs.org/mrmime set size:undefined disposed:false
321 silly fetch manifest @inquirer/prompts@7.10.1
322 silly packumentCache full:https://registry.npmjs.org/@inquirer%2fprompts cache-miss
323 http cache https://registry.npmjs.org/npm-package-arg 11ms (cache hit)
324 silly packumentCache full:https://registry.npmjs.org/npm-package-arg set size:131397 disposed:false
325 silly fetch manifest @yarnpkg/lockfile@1.1.0
326 silly packumentCache full:https://registry.npmjs.org/@yarnpkg%2flockfile cache-miss
327 http cache https://registry.npmjs.org/algoliasearch 32ms (cache hit)
328 silly packumentCache full:https://registry.npmjs.org/algoliasearch set size:1773557 disposed:false
329 silly fetch manifest @schematics/angular@21.2.7
330 silly packumentCache full:https://registry.npmjs.org/@schematics%2fangular cache-miss
331 http cache https://registry.npmjs.org/@inquirer%2fprompts 21ms (cache hit)
332 silly packumentCache full:https://registry.npmjs.org/@inquirer%2fprompts set size:317617 disposed:false
333 silly fetch manifest @angular-devkit/core@21.2.7
334 silly packumentCache full:https://registry.npmjs.org/@angular-devkit%2fcore cache-miss
335 http fetch GET 200 https://registry.npmjs.org/lmdb 118ms (cache miss)
336 silly packumentCache full:https://registry.npmjs.org/lmdb set size:undefined disposed:false
337 silly fetch manifest @modelcontextprotocol/sdk@1.26.0
338 silly packumentCache full:https://registry.npmjs.org/@modelcontextprotocol%2fsdk cache-miss
339 http fetch GET 200 https://registry.npmjs.org/convert-source-map 89ms (cache miss)
340 silly packumentCache full:https://registry.npmjs.org/convert-source-map set size:undefined disposed:false
341 silly fetch manifest @angular-devkit/schematics@21.2.7
342 silly packumentCache full:https://registry.npmjs.org/@angular-devkit%2fschematics cache-miss
343 http cache https://registry.npmjs.org/@yarnpkg%2flockfile 26ms (cache hit)
344 silly packumentCache full:https://registry.npmjs.org/@yarnpkg%2flockfile set size:8937 disposed:false
345 silly fetch manifest @listr2/prompt-adapter-inquirer@3.0.5
346 silly packumentCache full:https://registry.npmjs.org/@listr2%2fprompt-adapter-inquirer cache-miss
347 http cache https://registry.npmjs.org/@schematics%2fangular 19ms (cache hit)
348 silly packumentCache full:https://registry.npmjs.org/@schematics%2fangular set size:2335821 disposed:false
349 silly fetch manifest @standard-schema/spec@^1.0.0
350 silly packumentCache full:https://registry.npmjs.org/@standard-schema%2fspec cache-miss
351 http cache https://registry.npmjs.org/@angular-devkit%2fcore 27ms (cache hit)
352 silly packumentCache full:https://registry.npmjs.org/@angular-devkit%2fcore set size:2324998 disposed:false
353 silly fetch manifest saxes@^6.0.0
354 silly packumentCache full:https://registry.npmjs.org/saxes cache-miss
355 http fetch GET 200 https://registry.npmjs.org/piscina 344ms (cache miss)
356 silly packumentCache full:https://registry.npmjs.org/piscina set size:undefined disposed:false
357 silly fetch manifest parse5@^8.0.0
358 silly packumentCache full:https://registry.npmjs.org/parse5 cache-miss
359 http cache https://registry.npmjs.org/@modelcontextprotocol%2fsdk 36ms (cache hit)
360 silly packumentCache full:https://registry.npmjs.org/@modelcontextprotocol%2fsdk set size:295652 disposed:false
361 silly fetch manifest undici@^7.21.0
362 silly packumentCache full:https://registry.npmjs.org/undici cache-miss
363 http cache https://registry.npmjs.org/@angular-devkit%2fschematics 40ms (cache hit)
364 silly packumentCache full:https://registry.npmjs.org/@angular-devkit%2fschematics set size:2280449 disposed:false
365 silly fetch manifest cssstyle@^6.0.1
366 silly packumentCache full:https://registry.npmjs.org/cssstyle cache-miss
367 http cache https://registry.npmjs.org/@listr2%2fprompt-adapter-inquirer 51ms (cache hit)
368 silly packumentCache full:https://registry.npmjs.org/@listr2%2fprompt-adapter-inquirer set size:128897 disposed:false
369 silly fetch manifest data-urls@^7.0.0
370 silly packumentCache full:https://registry.npmjs.org/data-urls cache-miss
371 http cache https://registry.npmjs.org/parse5 28ms (cache hit)
372 silly packumentCache full:https://registry.npmjs.org/parse5 set size:120807 disposed:false
373 silly fetch manifest decimal.js@^10.6.0
374 silly packumentCache full:https://registry.npmjs.org/decimal.js cache-miss
375 http cache https://registry.npmjs.org/undici 29ms (cache hit)
376 silly packumentCache full:https://registry.npmjs.org/undici set size:1370112 disposed:false
377 silly fetch manifest whatwg-url@^16.0.0
378 silly packumentCache full:https://registry.npmjs.org/whatwg-url cache-miss
379 http fetch GET 200 https://registry.npmjs.org/@ampproject%2fremapping 262ms (cache miss)
380 silly packumentCache full:https://registry.npmjs.org/@ampproject%2fremapping set size:undefined disposed:false
381 silly fetch manifest symbol-tree@^3.2.4
382 silly packumentCache full:https://registry.npmjs.org/symbol-tree cache-miss
383 http fetch GET 200 https://registry.npmjs.org/saxes 55ms (cache miss)
384 silly packumentCache full:https://registry.npmjs.org/saxes set size:undefined disposed:false
385 silly fetch manifest tough-cookie@^6.0.0
386 silly packumentCache full:https://registry.npmjs.org/tough-cookie cache-miss
387 http fetch GET 200 https://registry.npmjs.org/rolldown 405ms (cache miss)
388 silly packumentCache full:https://registry.npmjs.org/rolldown set size:undefined disposed:false
389 silly fetch manifest @acemir/cssom@^0.9.31
390 silly packumentCache full:https://registry.npmjs.org/@acemir%2fcssom cache-miss
391 http fetch GET 200 https://registry.npmjs.org/data-urls 57ms (cache miss)
392 silly packumentCache full:https://registry.npmjs.org/data-urls set size:undefined disposed:false
393 silly fetch manifest @exodus/bytes@^1.11.0
394 silly packumentCache full:https://registry.npmjs.org/@exodus%2fbytes cache-miss
395 http fetch GET 200 https://registry.npmjs.org/cssstyle 69ms (cache miss)
396 silly packumentCache full:https://registry.npmjs.org/cssstyle set size:undefined disposed:false
397 silly fetch manifest whatwg-mimetype@^5.0.0
398 silly packumentCache full:https://registry.npmjs.org/whatwg-mimetype cache-miss
399 http fetch GET 200 https://registry.npmjs.org/reflect-metadata 220ms (cache miss)
400 silly packumentCache full:https://registry.npmjs.org/reflect-metadata set size:undefined disposed:false
401 silly fetch manifest http-proxy-agent@^7.0.2
402 silly packumentCache full:https://registry.npmjs.org/http-proxy-agent cache-miss
403 http fetch GET 200 https://registry.npmjs.org/decimal.js 63ms (cache miss)
404 silly packumentCache full:https://registry.npmjs.org/decimal.js set size:undefined disposed:false
405 silly fetch manifest https-proxy-agent@^7.0.6
406 silly packumentCache full:https://registry.npmjs.org/https-proxy-agent cache-hit
407 silly fetch manifest w3c-xmlserializer@^5.0.0
408 silly packumentCache full:https://registry.npmjs.org/w3c-xmlserializer cache-miss
409 http fetch GET 200 https://registry.npmjs.org/istanbul-lib-instrument 307ms (cache miss)
410 silly packumentCache full:https://registry.npmjs.org/istanbul-lib-instrument set size:undefined disposed:false
411 silly fetch manifest webidl-conversions@^8.0.1
412 silly packumentCache full:https://registry.npmjs.org/webidl-conversions cache-miss
413 http fetch GET 200 https://registry.npmjs.org/whatwg-url 60ms (cache miss)
414 silly packumentCache full:https://registry.npmjs.org/whatwg-url set size:undefined disposed:false
415 silly fetch manifest xml-name-validator@^5.0.0
416 silly packumentCache full:https://registry.npmjs.org/xml-name-validator cache-miss
417 http fetch GET 200 https://registry.npmjs.org/symbol-tree 53ms (cache miss)
418 silly packumentCache full:https://registry.npmjs.org/symbol-tree set size:undefined disposed:false
419 silly fetch manifest @bramus/specificity@^2.4.2
420 silly packumentCache full:https://registry.npmjs.org/@bramus%2fspecificity cache-miss
421 http cache https://registry.npmjs.org/http-proxy-agent 14ms (cache hit)
422 silly packumentCache full:https://registry.npmjs.org/http-proxy-agent set size:54849 disposed:false
423 silly fetch manifest html-encoding-sniffer@^6.0.0
424 silly packumentCache full:https://registry.npmjs.org/html-encoding-sniffer cache-miss
425 http fetch GET 200 https://registry.npmjs.org/whatwg-mimetype 43ms (cache miss)
426 silly packumentCache full:https://registry.npmjs.org/whatwg-mimetype set size:undefined disposed:false
427 silly fetch manifest @asamuzakjp/dom-selector@^6.8.1
428 silly packumentCache full:https://registry.npmjs.org/@asamuzakjp%2fdom-selector cache-miss
429 http fetch GET 200 https://registry.npmjs.org/w3c-xmlserializer 42ms (cache miss)
430 silly packumentCache full:https://registry.npmjs.org/w3c-xmlserializer set size:undefined disposed:false
431 silly fetch manifest is-potential-custom-element-name@^1.0.1
432 silly packumentCache full:https://registry.npmjs.org/is-potential-custom-element-name cache-miss
433 http fetch GET 200 https://registry.npmjs.org/xml-name-validator 43ms (cache miss)
434 silly packumentCache full:https://registry.npmjs.org/xml-name-validator set size:undefined disposed:false
435 silly fetch manifest es-module-lexer@^2.0.0
436 silly packumentCache full:https://registry.npmjs.org/es-module-lexer cache-miss
437 http fetch GET 200 https://registry.npmjs.org/tough-cookie 98ms (cache miss)
438 silly packumentCache full:https://registry.npmjs.org/tough-cookie set size:undefined disposed:false
439 silly fetch manifest expect-type@^1.3.0
440 silly packumentCache full:https://registry.npmjs.org/expect-type cache-miss
441 http fetch GET 200 https://registry.npmjs.org/@standard-schema%2fspec 193ms (cache miss)
442 silly packumentCache full:https://registry.npmjs.org/@standard-schema%2fspec set size:undefined disposed:false
443 silly fetch manifest magic-string@^0.30.21
444 silly packumentCache full:https://registry.npmjs.org/magic-string cache-hit
445 silly fetch manifest obug@^2.1.1
446 silly packumentCache full:https://registry.npmjs.org/obug cache-miss
447 http fetch GET 200 https://registry.npmjs.org/es-module-lexer 40ms (cache miss)
448 silly packumentCache full:https://registry.npmjs.org/es-module-lexer set size:undefined disposed:false
449 silly fetch manifest pathe@^2.0.3
450 silly packumentCache full:https://registry.npmjs.org/pathe cache-miss
451 http fetch GET 200 https://registry.npmjs.org/is-potential-custom-element-name 57ms (cache miss)
452 silly packumentCache full:https://registry.npmjs.org/is-potential-custom-element-name set size:undefined disposed:false
453 silly fetch manifest picomatch@^4.0.3
454 silly packumentCache full:https://registry.npmjs.org/picomatch cache-hit
455 silly fetch manifest std-env@^4.0.0-rc.1
456 silly packumentCache full:https://registry.npmjs.org/std-env cache-miss
457 http fetch GET 200 https://registry.npmjs.org/expect-type 46ms (cache miss)
458 silly packumentCache full:https://registry.npmjs.org/expect-type set size:undefined disposed:false
459 silly fetch manifest tinybench@^2.9.0
460 silly packumentCache full:https://registry.npmjs.org/tinybench cache-miss
461 http fetch GET 200 https://registry.npmjs.org/html-encoding-sniffer 96ms (cache miss)
462 silly packumentCache full:https://registry.npmjs.org/html-encoding-sniffer set size:undefined disposed:false
463 silly fetch manifest tinyexec@^1.0.2
464 silly packumentCache full:https://registry.npmjs.org/tinyexec cache-miss
465 http fetch GET 200 https://registry.npmjs.org/@babel%2fhelper-split-export-declaration 382ms (cache miss)
466 silly packumentCache full:https://registry.npmjs.org/@babel%2fhelper-split-export-declaration set size:undefined disposed:false
467 silly fetch manifest tinyglobby@^0.2.15
468 silly packumentCache full:https://registry.npmjs.org/tinyglobby cache-hit
469 silly fetch manifest tinyrainbow@^3.1.0
470 silly packumentCache full:https://registry.npmjs.org/tinyrainbow cache-miss
471 http fetch GET 200 https://registry.npmjs.org/pathe 42ms (cache miss)
472 silly packumentCache full:https://registry.npmjs.org/pathe set size:undefined disposed:false
473 silly fetch manifest vite@^6.0.0 || ^7.0.0 || ^8.0.0
474 silly packumentCache full:https://registry.npmjs.org/vite cache-miss
475 http fetch GET 200 https://registry.npmjs.org/std-env 43ms (cache miss)
476 silly packumentCache full:https://registry.npmjs.org/std-env set size:undefined disposed:false
477 silly fetch manifest why-is-node-running@^2.3.0
478 silly packumentCache full:https://registry.npmjs.org/why-is-node-running cache-miss
479 http fetch GET 200 https://registry.npmjs.org/tinybench 40ms (cache miss)
480 silly packumentCache full:https://registry.npmjs.org/tinybench set size:undefined disposed:false
481 silly fetch manifest @vitest/expect@4.1.4
482 silly packumentCache full:https://registry.npmjs.org/@vitest%2fexpect cache-miss
483 http fetch GET 200 https://registry.npmjs.org/@vitejs%2fplugin-basic-ssl 452ms (cache miss)
484 silly packumentCache full:https://registry.npmjs.org/@vitejs%2fplugin-basic-ssl set size:undefined disposed:false
485 silly fetch manifest @vitest/mocker@4.1.4
486 silly packumentCache full:https://registry.npmjs.org/@vitest%2fmocker cache-miss
487 http fetch GET 200 https://registry.npmjs.org/tinyexec 42ms (cache miss)
488 silly packumentCache full:https://registry.npmjs.org/tinyexec set size:undefined disposed:false
489 silly fetch manifest @vitest/pretty-format@4.1.4
490 silly packumentCache full:https://registry.npmjs.org/@vitest%2fpretty-format cache-miss
491 http fetch GET 200 https://registry.npmjs.org/tinyrainbow 37ms (cache miss)
492 silly packumentCache full:https://registry.npmjs.org/tinyrainbow set size:undefined disposed:false
493 silly fetch manifest @vitest/runner@4.1.4
494 silly packumentCache full:https://registry.npmjs.org/@vitest%2frunner cache-miss
495 http fetch GET 200 https://registry.npmjs.org/@vitest%2fmocker 61ms (cache miss)
496 silly packumentCache full:https://registry.npmjs.org/@vitest%2fmocker set size:undefined disposed:false
497 silly fetch manifest @vitest/snapshot@4.1.4
498 silly packumentCache full:https://registry.npmjs.org/@vitest%2fsnapshot cache-miss
499 http fetch GET 200 https://registry.npmjs.org/@vitest%2fexpect 70ms (cache miss)
500 silly packumentCache full:https://registry.npmjs.org/@vitest%2fexpect set size:undefined disposed:false
501 silly fetch manifest @vitest/utils@4.1.4
502 silly packumentCache full:https://registry.npmjs.org/@vitest%2futils cache-miss
503 http fetch GET 200 https://registry.npmjs.org/why-is-node-running 88ms (cache miss)
504 silly packumentCache full:https://registry.npmjs.org/why-is-node-running set size:undefined disposed:false
505 silly fetch manifest @vitest/spy@4.1.4
506 silly packumentCache full:https://registry.npmjs.org/@vitest%2fspy cache-miss
507 http fetch GET 200 https://registry.npmjs.org/webidl-conversions 234ms (cache miss)
508 silly packumentCache full:https://registry.npmjs.org/webidl-conversions set size:undefined disposed:false
509 http fetch GET 200 https://registry.npmjs.org/@exodus%2fbytes 251ms (cache miss)
510 silly packumentCache full:https://registry.npmjs.org/@exodus%2fbytes set size:undefined disposed:false
511 http fetch GET 200 https://registry.npmjs.org/@vitest%2fpretty-format 106ms (cache miss)
512 silly packumentCache full:https://registry.npmjs.org/@vitest%2fpretty-format set size:undefined disposed:false
513 http fetch GET 200 https://registry.npmjs.org/watchpack 712ms (cache miss)
514 silly packumentCache full:https://registry.npmjs.org/watchpack set size:undefined disposed:false
515 http fetch GET 200 https://registry.npmjs.org/@asamuzakjp%2fdom-selector 238ms (cache miss)
516 silly packumentCache full:https://registry.npmjs.org/@asamuzakjp%2fdom-selector set size:undefined disposed:false
517 http fetch GET 200 https://registry.npmjs.org/@vitest%2fsnapshot 73ms (cache miss)
518 silly packumentCache full:https://registry.npmjs.org/@vitest%2fsnapshot set size:undefined disposed:false
519 http fetch GET 200 https://registry.npmjs.org/@vitest%2frunner 122ms (cache miss)
520 silly packumentCache full:https://registry.npmjs.org/@vitest%2frunner set size:undefined disposed:false
521 http fetch GET 200 https://registry.npmjs.org/obug 248ms (cache miss)
522 silly packumentCache full:https://registry.npmjs.org/obug set size:undefined disposed:false
523 http fetch GET 200 https://registry.npmjs.org/@vitest%2futils 120ms (cache miss)
524 silly packumentCache full:https://registry.npmjs.org/@vitest%2futils set size:undefined disposed:false
525 http fetch GET 200 https://registry.npmjs.org/@acemir%2fcssom 364ms (cache miss)
526 silly packumentCache full:https://registry.npmjs.org/@acemir%2fcssom set size:undefined disposed:false
527 http fetch GET 200 https://registry.npmjs.org/@bramus%2fspecificity 364ms (cache miss)
528 silly packumentCache full:https://registry.npmjs.org/@bramus%2fspecificity set size:undefined disposed:false
529 http fetch GET 200 https://registry.npmjs.org/@vitest%2fspy 151ms (cache miss)
530 silly packumentCache full:https://registry.npmjs.org/@vitest%2fspy set size:undefined disposed:false
531 http fetch GET 200 https://registry.npmjs.org/@babel%2fhelper-annotate-as-pure 820ms (cache miss)
532 silly packumentCache full:https://registry.npmjs.org/@babel%2fhelper-annotate-as-pure set size:undefined disposed:false
533 http fetch GET 200 https://registry.npmjs.org/vite 709ms (cache miss)
534 silly packumentCache full:https://registry.npmjs.org/vite set size:undefined disposed:false
535 http fetch GET 200 https://registry.npmjs.org/vite 1452ms (cache miss)
536 silly packumentCache full:https://registry.npmjs.org/vite set size:undefined disposed:false
537 silly fetch manifest @types/node@^20.19.0 || >=22.12.0
538 silly packumentCache full:https://registry.npmjs.org/@types%2fnode cache-miss
539 http cache https://registry.npmjs.org/@types%2fnode 22ms (cache hit)
540 silly packumentCache full:https://registry.npmjs.org/@types%2fnode set size:10972342 disposed:false
541 silly fetch manifest jiti@>=1.21.0
542 silly packumentCache full:https://registry.npmjs.org/jiti cache-miss
543 http fetch GET 200 https://registry.npmjs.org/jiti 230ms (cache miss)
544 silly packumentCache full:https://registry.npmjs.org/jiti set size:undefined disposed:false
545 silly fetch manifest lightningcss@^1.21.0
546 silly packumentCache full:https://registry.npmjs.org/lightningcss cache-miss
547 http fetch GET 200 https://registry.npmjs.org/lightningcss 44ms (cache miss)
548 silly packumentCache full:https://registry.npmjs.org/lightningcss set size:undefined disposed:false
549 silly fetch manifest sass-embedded@^1.70.0
550 silly packumentCache full:https://registry.npmjs.org/sass-embedded cache-miss
551 http fetch GET 200 https://registry.npmjs.org/sass-embedded 46ms (cache miss)
552 silly packumentCache full:https://registry.npmjs.org/sass-embedded set size:undefined disposed:false
553 silly fetch manifest stylus@>=0.54.8
554 silly packumentCache full:https://registry.npmjs.org/stylus cache-miss
555 http fetch GET 200 https://registry.npmjs.org/stylus 48ms (cache miss)
556 silly packumentCache full:https://registry.npmjs.org/stylus set size:undefined disposed:false
557 silly fetch manifest sugarss@^5.0.0
558 silly packumentCache full:https://registry.npmjs.org/sugarss cache-miss
559 http fetch GET 200 https://registry.npmjs.org/sugarss 34ms (cache miss)
560 silly packumentCache full:https://registry.npmjs.org/sugarss set size:undefined disposed:false
561 silly fetch manifest terser@^5.16.0
562 silly packumentCache full:https://registry.npmjs.org/terser cache-miss
563 http fetch GET 200 https://registry.npmjs.org/terser 61ms (cache miss)
564 silly packumentCache full:https://registry.npmjs.org/terser set size:undefined disposed:false
565 silly fetch manifest tsx@^4.8.1
566 silly packumentCache full:https://registry.npmjs.org/tsx cache-miss
567 http fetch GET 200 https://registry.npmjs.org/tsx 41ms (cache miss)
568 silly packumentCache full:https://registry.npmjs.org/tsx set size:undefined disposed:false
569 silly fetch manifest yaml@^2.4.2
570 silly packumentCache full:https://registry.npmjs.org/yaml cache-miss
571 http fetch GET 200 https://registry.npmjs.org/yaml 49ms (cache miss)
572 silly packumentCache full:https://registry.npmjs.org/yaml set size:undefined disposed:false
573 silly fetch manifest @types/node@>=18
574 silly packumentCache full:https://registry.npmjs.org/@types%2fnode cache-miss
575 http cache https://registry.npmjs.org/@types%2fnode 25ms (cache hit)
576 silly packumentCache full:https://registry.npmjs.org/@types%2fnode set size:10972342 disposed:false
577 silly placeDep ROOT @ampproject/remapping@2.3.0 OK for: @angular/build@21.2.7 want: 2.3.0
578 silly placeDep ROOT @angular-devkit/architect@0.2102.7 OK for: @angular/build@21.2.7 want: 0.2102.7
579 silly placeDep ROOT @babel/core@7.29.0 OK for: @angular/build@21.2.7 want: 7.29.0
580 silly placeDep ROOT @babel/helper-annotate-as-pure@7.27.3 OK for: @angular/build@21.2.7 want: 7.27.3
581 silly placeDep ROOT @babel/helper-split-export-declaration@7.24.7 OK for: @angular/build@21.2.7 want: 7.24.7
582 silly placeDep ROOT @inquirer/confirm@5.1.21 OK for: @angular/build@21.2.7 want: 5.1.21
583 silly placeDep ROOT @vitejs/plugin-basic-ssl@2.1.4 OK for: @angular/build@21.2.7 want: 2.1.4
584 silly placeDep ROOT vite@7.3.2 OK for: @vitejs/plugin-basic-ssl@2.1.4 want: ^6.0.0 || ^7.0.0
585 silly placeDep ROOT beasties@0.4.1 OK for: @angular/build@21.2.7 want: 0.4.1
586 silly placeDep ROOT browserslist@4.28.2 OK for: @angular/build@21.2.7 want: ^4.26.0
587 silly placeDep ROOT esbuild@0.27.3 OK for: @angular/build@21.2.7 want: 0.27.3
588 silly placeDep ROOT https-proxy-agent@7.0.6 OK for: @angular/build@21.2.7 want: 7.0.6
589 silly placeDep ROOT istanbul-lib-instrument@6.0.3 OK for: @angular/build@21.2.7 want: 6.0.3
590 silly placeDep ROOT jsonc-parser@3.3.1 OK for: @angular/build@21.2.7 want: 3.3.1
591 silly placeDep ROOT listr2@9.0.5 OK for: @angular/build@21.2.7 want: 9.0.5
592 silly placeDep ROOT lmdb@3.5.1 OK for: @angular/build@21.2.7 want: 3.5.1
593 silly placeDep ROOT magic-string@0.30.21 OK for: @angular/build@21.2.7 want: 0.30.21
594 silly placeDep ROOT mrmime@2.0.1 OK for: @angular/build@21.2.7 want: 2.0.1
595 silly placeDep ROOT parse5-html-rewriting-stream@8.0.0 OK for: @angular/build@21.2.7 want: 8.0.0
596 silly placeDep ROOT picomatch@4.0.4 OK for: @angular/build@21.2.7 want: 4.0.4
597 silly placeDep ROOT piscina@5.1.4 OK for: @angular/build@21.2.7 want: 5.1.4
598 silly placeDep ROOT rolldown@1.0.0-rc.4 OK for: @angular/build@21.2.7 want: 1.0.0-rc.4
599 silly placeDep ROOT sass@1.97.3 OK for: @angular/build@21.2.7 want: 1.97.3
600 silly placeDep ROOT semver@7.7.4 OK for: @angular/build@21.2.7 want: 7.7.4
601 silly placeDep ROOT source-map-support@0.5.21 OK for: @angular/build@21.2.7 want: 0.5.21
602 silly placeDep ROOT tinyglobby@0.2.15 OK for: @angular/build@21.2.7 want: 0.2.15
603 silly placeDep ROOT undici@7.24.4 OK for: @angular/build@21.2.7 want: 7.24.4
604 silly placeDep ROOT watchpack@2.5.1 OK for: @angular/build@21.2.7 want: 2.5.1
605 silly fetch manifest @jridgewell/gen-mapping@^0.3.5
606 silly packumentCache full:https://registry.npmjs.org/@jridgewell%2fgen-mapping cache-miss
607 silly fetch manifest @jridgewell/trace-mapping@^0.3.24
608 silly packumentCache full:https://registry.npmjs.org/@jridgewell%2ftrace-mapping cache-miss
609 silly fetch manifest debug@^4.1.0
610 silly packumentCache full:https://registry.npmjs.org/debug cache-miss
611 silly fetch manifest json5@^2.2.3
612 silly packumentCache full:https://registry.npmjs.org/json5 cache-miss
613 silly fetch manifest semver@^6.3.1
614 silly packumentCache full:https://registry.npmjs.org/semver cache-hit
615 silly fetch manifest gensync@^1.0.0-beta.2
616 silly packumentCache full:https://registry.npmjs.org/gensync cache-miss
617 silly fetch manifest @babel/types@^7.29.0
618 silly packumentCache full:https://registry.npmjs.org/@babel%2ftypes cache-miss
619 silly fetch manifest @babel/parser@^7.29.0
620 silly packumentCache full:https://registry.npmjs.org/@babel%2fparser cache-miss
621 silly fetch manifest @babel/helpers@^7.28.6
622 silly packumentCache full:https://registry.npmjs.org/@babel%2fhelpers cache-miss
623 silly fetch manifest @babel/template@^7.28.6
624 silly packumentCache full:https://registry.npmjs.org/@babel%2ftemplate cache-miss
625 silly fetch manifest @babel/traverse@^7.29.0
626 silly packumentCache full:https://registry.npmjs.org/@babel%2ftraverse cache-miss
627 silly fetch manifest @babel/generator@^7.29.0
628 silly packumentCache full:https://registry.npmjs.org/@babel%2fgenerator cache-miss
629 silly fetch manifest @babel/code-frame@^7.29.0
630 silly packumentCache full:https://registry.npmjs.org/@babel%2fcode-frame cache-miss
631 silly fetch manifest convert-source-map@^2.0.0
632 silly packumentCache full:https://registry.npmjs.org/convert-source-map cache-miss
633 silly fetch manifest @jridgewell/remapping@^2.3.5
634 silly packumentCache full:https://registry.npmjs.org/@jridgewell%2fremapping cache-miss
635 silly fetch manifest @babel/helper-module-transforms@^7.28.6
636 silly packumentCache full:https://registry.npmjs.org/@babel%2fhelper-module-transforms cache-miss
637 http cache https://registry.npmjs.org/debug 15ms (cache hit)
638 silly packumentCache full:https://registry.npmjs.org/debug set size:195840 disposed:false
639 silly fetch manifest @babel/helper-compilation-targets@^7.28.6
640 silly packumentCache full:https://registry.npmjs.org/@babel%2fhelper-compilation-targets cache-miss
641 http cache https://registry.npmjs.org/convert-source-map 16ms (cache hit)
642 silly packumentCache full:https://registry.npmjs.org/convert-source-map set size:66997 disposed:false
643 silly fetch manifest @babel/types@^7.27.3
644 silly packumentCache full:https://registry.npmjs.org/@babel%2ftypes cache-miss
645 http fetch GET 200 https://registry.npmjs.org/json5 46ms (cache miss)
646 silly packumentCache full:https://registry.npmjs.org/json5 set size:undefined disposed:false
647 silly fetch manifest @babel/types@^7.24.7
648 silly packumentCache full:https://registry.npmjs.org/@babel%2ftypes cache-miss
649 http fetch GET 200 https://registry.npmjs.org/gensync 52ms (cache miss)
650 silly packumentCache full:https://registry.npmjs.org/gensync set size:undefined disposed:false
651 silly fetch manifest @inquirer/core@^10.3.2
652 silly packumentCache full:https://registry.npmjs.org/@inquirer%2fcore cache-miss
653 http fetch GET 200 https://registry.npmjs.org/@jridgewell%2fgen-mapping 59ms (cache miss)
654 silly packumentCache full:https://registry.npmjs.org/@jridgewell%2fgen-mapping set size:undefined disposed:false
655 silly fetch manifest @inquirer/type@^3.0.10
656 silly packumentCache full:https://registry.npmjs.org/@inquirer%2ftype cache-miss
657 http cache https://registry.npmjs.org/@inquirer%2fcore 11ms (cache hit)
658 silly packumentCache full:https://registry.npmjs.org/@inquirer%2fcore set size:342631 disposed:false
659 silly fetch manifest fdir@^6.5.0
660 silly packumentCache full:https://registry.npmjs.org/fdir cache-miss
661 http cache https://registry.npmjs.org/@inquirer%2ftype 10ms (cache hit)
662 silly packumentCache full:https://registry.npmjs.org/@inquirer%2ftype set size:115206 disposed:false
663 silly fetch manifest rollup@^4.43.0
664 silly packumentCache full:https://registry.npmjs.org/rollup cache-miss
665 http cache https://registry.npmjs.org/fdir 7ms (cache hit)
666 silly packumentCache full:https://registry.npmjs.org/fdir set size:136182 disposed:false
667 silly fetch manifest esbuild@^0.27.0
668 silly packumentCache full:https://registry.npmjs.org/esbuild cache-miss
669 http cache https://registry.npmjs.org/esbuild 5ms (cache hit)
670 silly packumentCache full:https://registry.npmjs.org/esbuild set size:1254708 disposed:false
671 silly fetch manifest postcss@^8.5.6
672 silly packumentCache full:https://registry.npmjs.org/postcss cache-miss
673 http cache https://registry.npmjs.org/postcss 12ms (cache hit)
674 silly packumentCache full:https://registry.npmjs.org/postcss set size:708244 disposed:false
675 silly fetch manifest fsevents@~2.3.3
676 silly packumentCache full:https://registry.npmjs.org/fsevents cache-miss
677 http fetch GET 200 https://registry.npmjs.org/@babel%2ftypes 101ms (cache miss)
678 silly packumentCache full:https://registry.npmjs.org/@babel%2ftypes set size:undefined disposed:false
679 silly fetch manifest postcss@^8.4.49
680 silly packumentCache full:https://registry.npmjs.org/postcss cache-hit
681 silly fetch manifest css-what@^7.0.0
682 silly packumentCache full:https://registry.npmjs.org/css-what cache-miss
683 http fetch GET 200 https://registry.npmjs.org/@babel%2fhelper-compilation-targets 122ms (cache miss)
684 silly packumentCache full:https://registry.npmjs.org/@babel%2fhelper-compilation-targets set size:undefined disposed:false
685 silly fetch manifest css-select@^6.0.0
686 silly packumentCache full:https://registry.npmjs.org/css-select cache-miss
687 http fetch GET 200 https://registry.npmjs.org/@jridgewell%2ftrace-mapping 144ms (cache miss)
688 silly packumentCache full:https://registry.npmjs.org/@jridgewell%2ftrace-mapping set size:undefined disposed:false
689 silly fetch manifest domhandler@^5.0.3
690 silly packumentCache full:https://registry.npmjs.org/domhandler cache-miss
691 http fetch GET 200 https://registry.npmjs.org/@babel%2ftypes 152ms (cache miss)
692 silly packumentCache full:https://registry.npmjs.org/@babel%2ftypes set size:undefined disposed:false
693 silly fetch manifest picocolors@^1.1.1
694 silly packumentCache full:https://registry.npmjs.org/picocolors cache-miss
695 http fetch GET 200 https://registry.npmjs.org/@babel%2fparser 161ms (cache miss)
696 silly packumentCache full:https://registry.npmjs.org/@babel%2fparser set size:undefined disposed:false
697 silly fetch manifest htmlparser2@^10.0.0
698 silly packumentCache full:https://registry.npmjs.org/htmlparser2 cache-miss
699 http fetch GET 200 https://registry.npmjs.org/fsevents 67ms (cache miss)
700 silly packumentCache full:https://registry.npmjs.org/fsevents set size:undefined disposed:false
701 silly fetch manifest dom-serializer@^2.0.0
702 silly packumentCache full:https://registry.npmjs.org/dom-serializer cache-miss
703 http fetch GET 200 https://registry.npmjs.org/@babel%2ftraverse 170ms (cache miss)
704 silly packumentCache full:https://registry.npmjs.org/@babel%2ftraverse set size:undefined disposed:false
705 silly fetch manifest postcss-safe-parser@^7.0.1
706 silly packumentCache full:https://registry.npmjs.org/postcss-safe-parser cache-miss
707 http fetch GET 200 https://registry.npmjs.org/@babel%2fgenerator 178ms (cache miss)
708 silly packumentCache full:https://registry.npmjs.org/@babel%2fgenerator set size:undefined disposed:false
709 silly fetch manifest postcss-media-query-parser@^0.2.3
710 silly packumentCache full:https://registry.npmjs.org/postcss-media-query-parser cache-miss
711 http fetch GET 200 https://registry.npmjs.org/@babel%2fhelper-module-transforms 180ms (cache miss)
712 silly packumentCache full:https://registry.npmjs.org/@babel%2fhelper-module-transforms set size:undefined disposed:false
713 silly fetch manifest baseline-browser-mapping@^2.10.12
714 silly packumentCache full:https://registry.npmjs.org/baseline-browser-mapping cache-miss
715 http fetch GET 200 https://registry.npmjs.org/css-select 53ms (cache miss)
716 silly packumentCache full:https://registry.npmjs.org/css-select set size:undefined disposed:false
717 silly fetch manifest caniuse-lite@^1.0.30001782
718 silly packumentCache full:https://registry.npmjs.org/caniuse-lite cache-miss
719 http fetch GET 200 https://registry.npmjs.org/picocolors 55ms (cache miss)
720 silly packumentCache full:https://registry.npmjs.org/picocolors set size:undefined disposed:false
721 silly fetch manifest electron-to-chromium@^1.5.328
722 silly packumentCache full:https://registry.npmjs.org/electron-to-chromium cache-miss
723 http fetch GET 200 https://registry.npmjs.org/dom-serializer 45ms (cache miss)
724 silly packumentCache full:https://registry.npmjs.org/dom-serializer set size:undefined disposed:false
725 silly fetch manifest node-releases@^2.0.36
726 silly packumentCache full:https://registry.npmjs.org/node-releases cache-miss
727 http fetch GET 200 https://registry.npmjs.org/htmlparser2 51ms (cache miss)
728 silly packumentCache full:https://registry.npmjs.org/htmlparser2 set size:undefined disposed:false
729 silly fetch manifest update-browserslist-db@^1.2.3
730 silly packumentCache full:https://registry.npmjs.org/update-browserslist-db cache-miss
731 http fetch GET 200 https://registry.npmjs.org/@babel%2ftemplate 223ms (cache miss)
732 silly packumentCache full:https://registry.npmjs.org/@babel%2ftemplate set size:undefined disposed:false
733 silly fetch manifest @esbuild/aix-ppc64@0.27.3
734 silly packumentCache full:https://registry.npmjs.org/@esbuild%2faix-ppc64 cache-miss
735 http fetch GET 200 https://registry.npmjs.org/domhandler 84ms (cache miss)
736 silly packumentCache full:https://registry.npmjs.org/domhandler set size:undefined disposed:false
737 silly fetch manifest @esbuild/linux-arm@0.27.3
738 silly packumentCache full:https://registry.npmjs.org/@esbuild%2flinux-arm cache-miss
739 http fetch GET 200 https://registry.npmjs.org/@babel%2fcode-frame 233ms (cache miss)
740 silly packumentCache full:https://registry.npmjs.org/@babel%2fcode-frame set size:undefined disposed:false
741 silly fetch manifest @esbuild/linux-x64@0.27.3
742 silly packumentCache full:https://registry.npmjs.org/@esbuild%2flinux-x64 cache-miss
743 http fetch GET 200 https://registry.npmjs.org/rollup 194ms (cache miss)
744 silly packumentCache full:https://registry.npmjs.org/rollup set size:undefined disposed:false
745 silly fetch manifest @esbuild/sunos-x64@0.27.3
746 silly packumentCache full:https://registry.npmjs.org/@esbuild%2fsunos-x64 cache-miss
747 http fetch GET 200 https://registry.npmjs.org/update-browserslist-db 93ms (cache miss)
748 silly packumentCache full:https://registry.npmjs.org/update-browserslist-db set size:undefined disposed:false
749 silly fetch manifest @esbuild/win32-x64@0.27.3
750 silly packumentCache full:https://registry.npmjs.org/@esbuild%2fwin32-x64 cache-miss
751 http fetch GET 200 https://registry.npmjs.org/@esbuild%2flinux-arm 88ms (cache miss)
752 silly packumentCache full:https://registry.npmjs.org/@esbuild%2flinux-arm set size:undefined disposed:false
753 silly fetch manifest @esbuild/darwin-x64@0.27.3
754 silly packumentCache full:https://registry.npmjs.org/@esbuild%2fdarwin-x64 cache-miss
755 http fetch GET 200 https://registry.npmjs.org/@esbuild%2flinux-x64 87ms (cache miss)
756 silly packumentCache full:https://registry.npmjs.org/@esbuild%2flinux-x64 set size:undefined disposed:false
757 silly fetch manifest @esbuild/linux-ia32@0.27.3
758 silly packumentCache full:https://registry.npmjs.org/@esbuild%2flinux-ia32 cache-miss
759 http fetch GET 200 https://registry.npmjs.org/node-releases 109ms (cache miss)
760 silly packumentCache full:https://registry.npmjs.org/node-releases set size:undefined disposed:false
761 silly fetch manifest @esbuild/netbsd-x64@0.27.3
762 silly packumentCache full:https://registry.npmjs.org/@esbuild%2fnetbsd-x64 cache-miss
763 http fetch GET 200 https://registry.npmjs.org/caniuse-lite 139ms (cache miss)
764 silly packumentCache full:https://registry.npmjs.org/caniuse-lite set size:undefined disposed:false
765 silly fetch manifest @esbuild/win32-ia32@0.27.3
766 silly packumentCache full:https://registry.npmjs.org/@esbuild%2fwin32-ia32 cache-miss
767 http fetch GET 200 https://registry.npmjs.org/css-what 232ms (cache miss)
768 silly packumentCache full:https://registry.npmjs.org/css-what set size:undefined disposed:false
769 silly fetch manifest @esbuild/android-arm@0.27.3
770 silly packumentCache full:https://registry.npmjs.org/@esbuild%2fandroid-arm cache-miss
771 http fetch GET 200 https://registry.npmjs.org/@esbuild%2fsunos-x64 64ms (cache miss)
772 silly packumentCache full:https://registry.npmjs.org/@esbuild%2fsunos-x64 set size:undefined disposed:false
773 silly fetch manifest @esbuild/android-x64@0.27.3
774 silly packumentCache full:https://registry.npmjs.org/@esbuild%2fandroid-x64 cache-miss
775 http fetch GET 200 https://registry.npmjs.org/@jridgewell%2fremapping 371ms (cache miss)
776 silly packumentCache full:https://registry.npmjs.org/@jridgewell%2fremapping set size:undefined disposed:false
777 silly fetch manifest @esbuild/freebsd-x64@0.27.3
778 silly packumentCache full:https://registry.npmjs.org/@esbuild%2ffreebsd-x64 cache-miss
779 http fetch GET 200 https://registry.npmjs.org/@esbuild%2fdarwin-x64 59ms (cache miss)
780 silly packumentCache full:https://registry.npmjs.org/@esbuild%2fdarwin-x64 set size:undefined disposed:false
781 silly fetch manifest @esbuild/linux-arm64@0.27.3
782 silly packumentCache full:https://registry.npmjs.org/@esbuild%2flinux-arm64 cache-miss
783 http fetch GET 200 https://registry.npmjs.org/@esbuild%2flinux-ia32 64ms (cache miss)
784 silly packumentCache full:https://registry.npmjs.org/@esbuild%2flinux-ia32 set size:undefined disposed:false
785 silly fetch manifest @esbuild/linux-ppc64@0.27.3
786 silly packumentCache full:https://registry.npmjs.org/@esbuild%2flinux-ppc64 cache-miss
787 http fetch GET 200 https://registry.npmjs.org/postcss-media-query-parser 209ms (cache miss)
788 silly packumentCache full:https://registry.npmjs.org/postcss-media-query-parser set size:undefined disposed:false
789 silly fetch manifest @esbuild/linux-s390x@0.27.3
790 silly packumentCache full:https://registry.npmjs.org/@esbuild%2flinux-s390x cache-miss
791 http fetch GET 200 https://registry.npmjs.org/@esbuild%2fnetbsd-x64 70ms (cache miss)
792 silly packumentCache full:https://registry.npmjs.org/@esbuild%2fnetbsd-x64 set size:undefined disposed:false
793 silly fetch manifest @esbuild/openbsd-x64@0.27.3
794 silly packumentCache full:https://registry.npmjs.org/@esbuild%2fopenbsd-x64 cache-miss
795 http fetch GET 200 https://registry.npmjs.org/@esbuild%2fwin32-x64 90ms (cache miss)
796 silly packumentCache full:https://registry.npmjs.org/@esbuild%2fwin32-x64 set size:undefined disposed:false
797 silly fetch manifest @esbuild/win32-arm64@0.27.3
798 silly packumentCache full:https://registry.npmjs.org/@esbuild%2fwin32-arm64 cache-miss
799 http fetch GET 200 https://registry.npmjs.org/@esbuild%2fandroid-arm 66ms (cache miss)
800 silly packumentCache full:https://registry.npmjs.org/@esbuild%2fandroid-arm set size:undefined disposed:false
801 silly fetch manifest @esbuild/darwin-arm64@0.27.3
802 silly packumentCache full:https://registry.npmjs.org/@esbuild%2fdarwin-arm64 cache-miss
803 http fetch GET 200 https://registry.npmjs.org/@babel%2fhelpers 425ms (cache miss)
804 silly packumentCache full:https://registry.npmjs.org/@babel%2fhelpers set size:undefined disposed:false
805 silly fetch manifest @esbuild/netbsd-arm64@0.27.3
806 silly packumentCache full:https://registry.npmjs.org/@esbuild%2fnetbsd-arm64 cache-miss
807 http fetch GET 200 https://registry.npmjs.org/@esbuild%2faix-ppc64 215ms (cache miss)
808 silly packumentCache full:https://registry.npmjs.org/@esbuild%2faix-ppc64 set size:undefined disposed:false
809 silly fetch manifest @esbuild/android-arm64@0.27.3
810 silly packumentCache full:https://registry.npmjs.org/@esbuild%2fandroid-arm64 cache-miss
811 http fetch GET 200 https://registry.npmjs.org/@esbuild%2fandroid-x64 81ms (cache miss)
812 silly packumentCache full:https://registry.npmjs.org/@esbuild%2fandroid-x64 set size:undefined disposed:false
813 silly fetch manifest @esbuild/freebsd-arm64@0.27.3
814 silly packumentCache full:https://registry.npmjs.org/@esbuild%2ffreebsd-arm64 cache-miss
815 http fetch GET 200 https://registry.npmjs.org/@babel%2ftypes 403ms (cache miss)
816 silly packumentCache full:https://registry.npmjs.org/@babel%2ftypes set size:undefined disposed:false
817 silly fetch manifest @esbuild/linux-loong64@0.27.3
818 silly packumentCache full:https://registry.npmjs.org/@esbuild%2flinux-loong64 cache-miss
819 http fetch GET 200 https://registry.npmjs.org/@esbuild%2flinux-arm64 79ms (cache miss)
820 silly packumentCache full:https://registry.npmjs.org/@esbuild%2flinux-arm64 set size:undefined disposed:false
821 silly fetch manifest @esbuild/linux-riscv64@0.27.3
822 silly packumentCache full:https://registry.npmjs.org/@esbuild%2flinux-riscv64 cache-miss
823 http fetch GET 200 https://registry.npmjs.org/@esbuild%2flinux-ppc64 74ms (cache miss)
824 silly packumentCache full:https://registry.npmjs.org/@esbuild%2flinux-ppc64 set size:undefined disposed:false
825 silly fetch manifest @esbuild/openbsd-arm64@0.27.3
826 silly packumentCache full:https://registry.npmjs.org/@esbuild%2fopenbsd-arm64 cache-miss
827 http fetch GET 200 https://registry.npmjs.org/@esbuild%2fnetbsd-arm64 67ms (cache miss)
828 silly packumentCache full:https://registry.npmjs.org/@esbuild%2fnetbsd-arm64 set size:undefined disposed:false
829 silly fetch manifest @esbuild/linux-mips64el@0.27.3
830 silly packumentCache full:https://registry.npmjs.org/@esbuild%2flinux-mips64el cache-miss
831 http fetch GET 200 https://registry.npmjs.org/@esbuild%2fopenbsd-x64 103ms (cache miss)
832 silly packumentCache full:https://registry.npmjs.org/@esbuild%2fopenbsd-x64 set size:undefined disposed:false
833 silly fetch manifest @esbuild/openharmony-arm64@0.27.3
834 silly packumentCache full:https://registry.npmjs.org/@esbuild%2fopenharmony-arm64 cache-miss
835 http fetch GET 200 https://registry.npmjs.org/@esbuild%2fopenbsd-arm64 47ms (cache miss)
836 silly packumentCache full:https://registry.npmjs.org/@esbuild%2fopenbsd-arm64 set size:undefined disposed:false
837 silly fetch manifest debug@4
838 silly packumentCache full:https://registry.npmjs.org/debug cache-hit
839 silly fetch manifest agent-base@^7.1.2
840 silly packumentCache full:https://registry.npmjs.org/agent-base cache-miss
841 http cache https://registry.npmjs.org/agent-base 5ms (cache hit)
842 silly packumentCache full:https://registry.npmjs.org/agent-base set size:72085 disposed:false
843 silly fetch manifest @babel/parser@^7.23.9
844 silly packumentCache full:https://registry.npmjs.org/@babel%2fparser cache-miss
845 http fetch GET 200 https://registry.npmjs.org/@esbuild%2flinux-riscv64 59ms (cache miss)
846 silly packumentCache full:https://registry.npmjs.org/@esbuild%2flinux-riscv64 set size:undefined disposed:false
847 silly fetch manifest @istanbuljs/schema@^0.1.3
848 silly packumentCache full:https://registry.npmjs.org/@istanbuljs%2fschema cache-miss
849 http cache https://registry.npmjs.org/@babel%2fparser 7ms (cache hit)
850 silly packumentCache full:https://registry.npmjs.org/@babel%2fparser set size:718758 disposed:false
851 silly fetch manifest istanbul-lib-coverage@^3.2.0
852 silly packumentCache full:https://registry.npmjs.org/istanbul-lib-coverage cache-miss
853 http fetch GET 200 https://registry.npmjs.org/@esbuild%2flinux-loong64 80ms (cache miss)
854 silly packumentCache full:https://registry.npmjs.org/@esbuild%2flinux-loong64 set size:undefined disposed:false
855 silly fetch manifest semver@^7.5.4
856 silly packumentCache full:https://registry.npmjs.org/semver cache-hit
857 silly fetch manifest rfdc@^1.4.1
858 silly packumentCache full:https://registry.npmjs.org/rfdc cache-miss
859 http fetch GET 200 https://registry.npmjs.org/electron-to-chromium 324ms (cache miss)
860 silly packumentCache full:https://registry.npmjs.org/electron-to-chromium set size:undefined disposed:false
861 silly fetch manifest colorette@^2.0.20
862 silly packumentCache full:https://registry.npmjs.org/colorette cache-miss
863 http cache https://registry.npmjs.org/rfdc 23ms (cache hit)
864 silly packumentCache full:https://registry.npmjs.org/rfdc set size:45382 disposed:false
865 silly fetch manifest wrap-ansi@^9.0.0
866 silly packumentCache full:https://registry.npmjs.org/wrap-ansi cache-miss
867 http cache https://registry.npmjs.org/colorette 6ms (cache hit)
868 silly packumentCache full:https://registry.npmjs.org/colorette set size:92733 disposed:false
869 silly fetch manifest log-update@^6.1.0
870 silly packumentCache full:https://registry.npmjs.org/log-update cache-miss
871 http fetch GET 200 https://registry.npmjs.org/@esbuild%2fopenharmony-arm64 57ms (cache miss)
872 silly packumentCache full:https://registry.npmjs.org/@esbuild%2fopenharmony-arm64 set size:undefined disposed:false
873 silly fetch manifest cli-truncate@^5.0.0
874 silly packumentCache full:https://registry.npmjs.org/cli-truncate cache-miss
875 http cache https://registry.npmjs.org/cli-truncate 5ms (cache hit)
876 silly packumentCache full:https://registry.npmjs.org/cli-truncate set size:35177 disposed:false
877 silly fetch manifest eventemitter3@^5.0.1
878 silly packumentCache full:https://registry.npmjs.org/eventemitter3 cache-miss
879 http cache https://registry.npmjs.org/wrap-ansi 8ms (cache hit)
880 silly packumentCache full:https://registry.npmjs.org/wrap-ansi set size:55299 disposed:false
881 silly fetch manifest msgpackr@^1.11.2
882 silly packumentCache full:https://registry.npmjs.org/msgpackr cache-miss
883 http cache https://registry.npmjs.org/log-update 10ms (cache hit)
884 silly packumentCache full:https://registry.npmjs.org/log-update set size:60732 disposed:false
885 silly fetch manifest node-addon-api@^6.1.0
886 silly packumentCache full:https://registry.npmjs.org/node-addon-api cache-miss
887 http cache https://registry.npmjs.org/eventemitter3 9ms (cache hit)
888 silly packumentCache full:https://registry.npmjs.org/eventemitter3 set size:92292 disposed:false
889 silly fetch manifest ordered-binary@^1.5.3
890 silly packumentCache full:https://registry.npmjs.org/ordered-binary cache-miss
891 http fetch GET 200 https://registry.npmjs.org/@esbuild%2ffreebsd-arm64 131ms (cache miss)
892 silly packumentCache full:https://registry.npmjs.org/@esbuild%2ffreebsd-arm64 set size:undefined disposed:false
893 silly fetch manifest weak-lru-cache@^1.2.2
894 silly packumentCache full:https://registry.npmjs.org/weak-lru-cache cache-miss
895 http fetch GET 200 https://registry.npmjs.org/istanbul-lib-coverage 50ms (cache miss)
896 silly packumentCache full:https://registry.npmjs.org/istanbul-lib-coverage set size:undefined disposed:false
897 silly fetch manifest @harperfast/extended-iterable@^1.0.3
898 silly packumentCache full:https://registry.npmjs.org/@harperfast%2fextended-iterable cache-miss
899 http fetch GET 200 https://registry.npmjs.org/@esbuild%2flinux-mips64el 84ms (cache miss)
900 silly packumentCache full:https://registry.npmjs.org/@esbuild%2flinux-mips64el set size:undefined disposed:false
901 silly fetch manifest node-gyp-build-optional-packages@5.2.2
902 silly packumentCache full:https://registry.npmjs.org/node-gyp-build-optional-packages cache-miss
903 http fetch GET 200 https://registry.npmjs.org/ordered-binary 36ms (cache miss)
904 silly packumentCache full:https://registry.npmjs.org/ordered-binary set size:undefined disposed:false
905 silly fetch manifest @lmdb/lmdb-linux-arm@3.5.1
906 silly packumentCache full:https://registry.npmjs.org/@lmdb%2flmdb-linux-arm cache-miss
907 http fetch GET 200 https://registry.npmjs.org/msgpackr 49ms (cache miss)
908 silly packumentCache full:https://registry.npmjs.org/msgpackr set size:undefined disposed:false
909 silly fetch manifest @lmdb/lmdb-linux-x64@3.5.1
910 silly packumentCache full:https://registry.npmjs.org/@lmdb%2flmdb-linux-x64 cache-miss
911 http fetch GET 200 https://registry.npmjs.org/node-addon-api 57ms (cache miss)
912 silly packumentCache full:https://registry.npmjs.org/node-addon-api set size:undefined disposed:false
913 silly fetch manifest @lmdb/lmdb-win32-x64@3.5.1
914 silly packumentCache full:https://registry.npmjs.org/@lmdb%2flmdb-win32-x64 cache-miss
915 http fetch GET 200 https://registry.npmjs.org/@esbuild%2fwin32-arm64 229ms (cache miss)
916 silly packumentCache full:https://registry.npmjs.org/@esbuild%2fwin32-arm64 set size:undefined disposed:false
917 silly fetch manifest @lmdb/lmdb-darwin-x64@3.5.1
918 silly packumentCache full:https://registry.npmjs.org/@lmdb%2flmdb-darwin-x64 cache-miss
919 http fetch GET 200 https://registry.npmjs.org/@esbuild%2fandroid-arm64 250ms (cache miss)
920 silly packumentCache full:https://registry.npmjs.org/@esbuild%2fandroid-arm64 set size:undefined disposed:false
921 silly fetch manifest @lmdb/lmdb-linux-arm64@3.5.1
922 silly packumentCache full:https://registry.npmjs.org/@lmdb%2flmdb-linux-arm64 cache-miss
923 http fetch GET 200 https://registry.npmjs.org/@esbuild%2fwin32-ia32 350ms (cache miss)
924 silly packumentCache full:https://registry.npmjs.org/@esbuild%2fwin32-ia32 set size:undefined disposed:false
925 silly fetch manifest @lmdb/lmdb-win32-arm64@3.5.1
926 silly packumentCache full:https://registry.npmjs.org/@lmdb%2flmdb-win32-arm64 cache-miss
927 http fetch GET 200 https://registry.npmjs.org/baseline-browser-mapping 534ms (cache miss)
928 silly packumentCache full:https://registry.npmjs.org/baseline-browser-mapping set size:undefined disposed:false
929 silly fetch manifest @lmdb/lmdb-darwin-arm64@3.5.1
930 silly packumentCache full:https://registry.npmjs.org/@lmdb%2flmdb-darwin-arm64 cache-miss
931 http fetch GET 200 https://registry.npmjs.org/postcss-safe-parser 557ms (cache miss)
932 silly packumentCache full:https://registry.npmjs.org/postcss-safe-parser set size:undefined disposed:false
933 silly fetch manifest @jridgewell/sourcemap-codec@^1.5.5
934 silly packumentCache full:https://registry.npmjs.org/@jridgewell%2fsourcemap-codec cache-hit
935 silly fetch manifest entities@^6.0.0
936 silly packumentCache full:https://registry.npmjs.org/entities cache-miss
937 http cache https://registry.npmjs.org/entities 2ms (cache hit)
938 silly packumentCache full:https://registry.npmjs.org/entities set size:101550 disposed:false
939 silly fetch manifest parse5-sax-parser@^8.0.0
940 silly packumentCache full:https://registry.npmjs.org/parse5-sax-parser cache-miss
941 http cache https://registry.npmjs.org/parse5-sax-parser 2ms (cache hit)
942 silly packumentCache full:https://registry.npmjs.org/parse5-sax-parser set size:18860 disposed:false
943 silly fetch manifest @napi-rs/nice@^1.0.4
944 silly packumentCache full:https://registry.npmjs.org/@napi-rs%2fnice cache-miss
945 http fetch GET 200 https://registry.npmjs.org/@esbuild%2flinux-s390x 356ms (cache miss)
946 silly packumentCache full:https://registry.npmjs.org/@esbuild%2flinux-s390x set size:undefined disposed:false
947 silly fetch manifest @oxc-project/types@=0.113.0
948 silly packumentCache full:https://registry.npmjs.org/@oxc-project%2ftypes cache-miss
949 http fetch GET 200 https://registry.npmjs.org/weak-lru-cache 210ms (cache miss)
950 silly packumentCache full:https://registry.npmjs.org/weak-lru-cache set size:undefined disposed:false
951 silly fetch manifest @rolldown/pluginutils@1.0.0-rc.4
952 silly packumentCache full:https://registry.npmjs.org/@rolldown%2fpluginutils cache-miss
953 http fetch GET 200 https://registry.npmjs.org/node-gyp-build-optional-packages 220ms (cache miss)
954 silly packumentCache full:https://registry.npmjs.org/node-gyp-build-optional-packages set size:undefined disposed:false
955 silly fetch manifest @rolldown/binding-darwin-x64@1.0.0-rc.4
956 silly packumentCache full:https://registry.npmjs.org/@rolldown%2fbinding-darwin-x64 cache-miss
957 http fetch GET 200 https://registry.npmjs.org/@oxc-project%2ftypes 70ms (cache miss)
958 silly packumentCache full:https://registry.npmjs.org/@oxc-project%2ftypes set size:undefined disposed:false
959 silly fetch manifest @rolldown/binding-freebsd-x64@1.0.0-rc.4
960 silly packumentCache full:https://registry.npmjs.org/@rolldown%2fbinding-freebsd-x64 cache-miss
961 http fetch GET 200 https://registry.npmjs.org/@esbuild%2fdarwin-arm64 425ms (cache miss)
962 silly packumentCache full:https://registry.npmjs.org/@esbuild%2fdarwin-arm64 set size:undefined disposed:false
963 silly fetch manifest @rolldown/binding-wasm32-wasi@1.0.0-rc.4
964 silly packumentCache full:https://registry.npmjs.org/@rolldown%2fbinding-wasm32-wasi cache-miss
965 http fetch GET 200 https://registry.npmjs.org/@rolldown%2fpluginutils 84ms (cache miss)
966 silly packumentCache full:https://registry.npmjs.org/@rolldown%2fpluginutils set size:undefined disposed:false
967 silly fetch manifest @rolldown/binding-darwin-arm64@1.0.0-rc.4
968 silly packumentCache full:https://registry.npmjs.org/@rolldown%2fbinding-darwin-arm64 cache-miss
969 http fetch GET 200 https://registry.npmjs.org/@rolldown%2fbinding-freebsd-x64 93ms (cache miss)
970 silly packumentCache full:https://registry.npmjs.org/@rolldown%2fbinding-freebsd-x64 set size:undefined disposed:false
971 silly fetch manifest @rolldown/binding-android-arm64@1.0.0-rc.4
972 silly packumentCache full:https://registry.npmjs.org/@rolldown%2fbinding-android-arm64 cache-miss
973 http fetch GET 200 https://registry.npmjs.org/@harperfast%2fextended-iterable 358ms (cache miss)
974 silly packumentCache full:https://registry.npmjs.org/@harperfast%2fextended-iterable set size:undefined disposed:false
975 silly fetch manifest @rolldown/binding-linux-x64-gnu@1.0.0-rc.4
976 silly packumentCache full:https://registry.npmjs.org/@rolldown%2fbinding-linux-x64-gnu cache-miss
977 http fetch GET 200 https://registry.npmjs.org/@rolldown%2fbinding-android-arm64 56ms (cache miss)
978 silly packumentCache full:https://registry.npmjs.org/@rolldown%2fbinding-android-arm64 set size:undefined disposed:false
979 silly fetch manifest @rolldown/binding-linux-x64-musl@1.0.0-rc.4
980 silly packumentCache full:https://registry.npmjs.org/@rolldown%2fbinding-linux-x64-musl cache-miss
981 http fetch GET 200 https://registry.npmjs.org/@rolldown%2fbinding-linux-x64-gnu 69ms (cache miss)
982 silly packumentCache full:https://registry.npmjs.org/@rolldown%2fbinding-linux-x64-gnu set size:undefined disposed:false
983 silly fetch manifest @rolldown/binding-win32-x64-msvc@1.0.0-rc.4
984 silly packumentCache full:https://registry.npmjs.org/@rolldown%2fbinding-win32-x64-msvc cache-miss
985 http fetch GET 200 https://registry.npmjs.org/@lmdb%2flmdb-win32-arm64 366ms (cache miss)
986 silly packumentCache full:https://registry.npmjs.org/@lmdb%2flmdb-win32-arm64 set size:undefined disposed:false
987 silly fetch manifest @rolldown/binding-linux-arm64-gnu@1.0.0-rc.4
988 silly packumentCache full:https://registry.npmjs.org/@rolldown%2fbinding-linux-arm64-gnu cache-miss
989 http fetch GET 200 https://registry.npmjs.org/@rolldown%2fbinding-linux-x64-musl 109ms (cache miss)
990 silly packumentCache full:https://registry.npmjs.org/@rolldown%2fbinding-linux-x64-musl set size:undefined disposed:false
991 silly fetch manifest @rolldown/binding-linux-arm64-musl@1.0.0-rc.4
992 silly packumentCache full:https://registry.npmjs.org/@rolldown%2fbinding-linux-arm64-musl cache-miss
993 http fetch GET 200 https://registry.npmjs.org/@istanbuljs%2fschema 569ms (cache miss)
994 silly packumentCache full:https://registry.npmjs.org/@istanbuljs%2fschema set size:undefined disposed:false
995 silly fetch manifest @rolldown/binding-win32-arm64-msvc@1.0.0-rc.4
996 silly packumentCache full:https://registry.npmjs.org/@rolldown%2fbinding-win32-arm64-msvc cache-miss
997 http fetch GET 200 https://registry.npmjs.org/@lmdb%2flmdb-darwin-arm64 375ms (cache miss)
998 silly packumentCache full:https://registry.npmjs.org/@lmdb%2flmdb-darwin-arm64 set size:undefined disposed:false
999 silly fetch manifest @rolldown/binding-openharmony-arm64@1.0.0-rc.4
1000 silly packumentCache full:https://registry.npmjs.org/@rolldown%2fbinding-openharmony-arm64 cache-miss
1001 http fetch GET 200 https://registry.npmjs.org/@napi-rs%2fnice 375ms (cache miss)
1002 silly packumentCache full:https://registry.npmjs.org/@napi-rs%2fnice set size:undefined disposed:false
1003 silly fetch manifest @rolldown/binding-linux-arm-gnueabihf@1.0.0-rc.4
1004 silly packumentCache full:https://registry.npmjs.org/@rolldown%2fbinding-linux-arm-gnueabihf cache-miss
1005 http fetch GET 200 https://registry.npmjs.org/@rolldown%2fbinding-darwin-arm64 248ms (cache miss)
1006 silly packumentCache full:https://registry.npmjs.org/@rolldown%2fbinding-darwin-arm64 set size:undefined disposed:false
1007 silly fetch manifest chokidar@^4.0.0
1008 silly packumentCache full:https://registry.npmjs.org/chokidar cache-hit
1009 silly fetch manifest immutable@^5.0.2
1010 silly packumentCache full:https://registry.npmjs.org/immutable cache-miss
1011 http fetch GET 200 https://registry.npmjs.org/@rolldown%2fbinding-openharmony-arm64 55ms (cache miss)
1012 silly packumentCache full:https://registry.npmjs.org/@rolldown%2fbinding-openharmony-arm64 set size:undefined disposed:false
1013 silly fetch manifest source-map-js@>=0.6.2 <2.0.0
1014 silly packumentCache full:https://registry.npmjs.org/source-map-js cache-miss
1015 http fetch GET 200 https://registry.npmjs.org/@rolldown%2fbinding-wasm32-wasi 304ms (cache miss)
1016 silly packumentCache full:https://registry.npmjs.org/@rolldown%2fbinding-wasm32-wasi set size:undefined disposed:false
1017 silly fetch manifest @parcel/watcher@^2.4.1
1018 silly packumentCache full:https://registry.npmjs.org/@parcel%2fwatcher cache-miss
1019 http fetch GET 200 https://registry.npmjs.org/@rolldown%2fbinding-darwin-x64 359ms (cache miss)
1020 silly packumentCache full:https://registry.npmjs.org/@rolldown%2fbinding-darwin-x64 set size:undefined disposed:false
1021 silly fetch manifest buffer-from@^1.0.0
1022 silly packumentCache full:https://registry.npmjs.org/buffer-from cache-miss
1023 http fetch GET 200 https://registry.npmjs.org/@rolldown%2fbinding-linux-arm64-gnu 115ms (cache miss)
1024 silly packumentCache full:https://registry.npmjs.org/@rolldown%2fbinding-linux-arm64-gnu set size:undefined disposed:false
1025 silly fetch manifest source-map@^0.6.0
1026 silly packumentCache full:https://registry.npmjs.org/source-map cache-miss
1027 http fetch GET 200 https://registry.npmjs.org/@esbuild%2ffreebsd-x64 815ms (cache miss)
1028 silly packumentCache full:https://registry.npmjs.org/@esbuild%2ffreebsd-x64 set size:undefined disposed:false
1029 silly fetch manifest graceful-fs@^4.1.2
1030 silly packumentCache full:https://registry.npmjs.org/graceful-fs cache-miss
1031 http fetch GET 200 https://registry.npmjs.org/@rolldown%2fbinding-win32-x64-msvc 177ms (cache miss)
1032 silly packumentCache full:https://registry.npmjs.org/@rolldown%2fbinding-win32-x64-msvc set size:undefined disposed:false
1033 silly fetch manifest glob-to-regexp@^0.4.1
1034 silly packumentCache full:https://registry.npmjs.org/glob-to-regexp cache-miss
1035 http fetch GET 200 https://registry.npmjs.org/@lmdb%2flmdb-linux-x64 580ms (cache miss)
1036 silly packumentCache full:https://registry.npmjs.org/@lmdb%2flmdb-linux-x64 set size:undefined disposed:false
1037 http cache https://registry.npmjs.org/source-map 15ms (cache hit)
1038 silly packumentCache full:https://registry.npmjs.org/source-map set size:226141 disposed:false
1039 http fetch GET 200 https://registry.npmjs.org/immutable 72ms (cache miss)
1040 silly packumentCache full:https://registry.npmjs.org/immutable set size:undefined disposed:false
1041 http fetch GET 200 https://registry.npmjs.org/source-map-js 52ms (cache miss)
1042 silly packumentCache full:https://registry.npmjs.org/source-map-js set size:undefined disposed:false
1043 http cache https://registry.npmjs.org/graceful-fs 17ms (cache hit)
1044 silly packumentCache full:https://registry.npmjs.org/graceful-fs set size:124285 disposed:false
1045 http fetch GET 200 https://registry.npmjs.org/buffer-from 39ms (cache miss)
1046 silly packumentCache full:https://registry.npmjs.org/buffer-from set size:undefined disposed:false
1047 http fetch GET 200 https://registry.npmjs.org/glob-to-regexp 36ms (cache miss)
1048 silly packumentCache full:https://registry.npmjs.org/glob-to-regexp set size:undefined disposed:false
1049 http fetch GET 200 https://registry.npmjs.org/@parcel%2fwatcher 80ms (cache miss)
1050 silly packumentCache full:https://registry.npmjs.org/@parcel%2fwatcher set size:undefined disposed:false
1051 http fetch GET 200 https://registry.npmjs.org/@lmdb%2flmdb-linux-arm64 569ms (cache miss)
1052 silly packumentCache full:https://registry.npmjs.org/@lmdb%2flmdb-linux-arm64 set size:undefined disposed:false
1053 http fetch GET 200 https://registry.npmjs.org/@rolldown%2fbinding-win32-arm64-msvc 246ms (cache miss)
1054 silly packumentCache full:https://registry.npmjs.org/@rolldown%2fbinding-win32-arm64-msvc set size:undefined disposed:false
1055 http fetch GET 200 https://registry.npmjs.org/@lmdb%2flmdb-darwin-x64 861ms (cache miss)
1056 silly packumentCache full:https://registry.npmjs.org/@lmdb%2flmdb-darwin-x64 set size:undefined disposed:false
1057 http fetch GET 200 https://registry.npmjs.org/@lmdb%2flmdb-win32-x64 869ms (cache miss)
1058 silly packumentCache full:https://registry.npmjs.org/@lmdb%2flmdb-win32-x64 set size:undefined disposed:false
1059 http fetch GET 200 https://registry.npmjs.org/@rolldown%2fbinding-linux-arm64-musl 590ms (cache miss)
1060 silly packumentCache full:https://registry.npmjs.org/@rolldown%2fbinding-linux-arm64-musl set size:undefined disposed:false
1061 http fetch GET 200 https://registry.npmjs.org/@lmdb%2flmdb-linux-arm 1184ms (cache miss)
1062 silly packumentCache full:https://registry.npmjs.org/@lmdb%2flmdb-linux-arm set size:undefined disposed:false
1063 http fetch GET 200 https://registry.npmjs.org/@rolldown%2fbinding-linux-arm-gnueabihf 739ms (cache miss)
1064 silly packumentCache full:https://registry.npmjs.org/@rolldown%2fbinding-linux-arm-gnueabihf set size:undefined disposed:false
1065 silly placeDep ROOT @jridgewell/gen-mapping@0.3.13 OK for: @ampproject/remapping@2.3.0 want: ^0.3.5
1066 silly placeDep ROOT @jridgewell/trace-mapping@0.3.31 OK for: @ampproject/remapping@2.3.0 want: ^0.3.24
1067 silly fetch manifest @jridgewell/sourcemap-codec@^1.5.0
1068 silly packumentCache full:https://registry.npmjs.org/@jridgewell%2fsourcemap-codec cache-hit
1069 silly fetch manifest @jridgewell/resolve-uri@^3.1.0
1070 silly packumentCache full:https://registry.npmjs.org/@jridgewell%2fresolve-uri cache-miss
1071 http fetch GET 200 https://registry.npmjs.org/@jridgewell%2fresolve-uri 48ms (cache miss)
1072 silly packumentCache full:https://registry.npmjs.org/@jridgewell%2fresolve-uri set size:undefined disposed:false
1073 silly placeDep ROOT @angular-devkit/core@21.2.7 OK for: @angular-devkit/architect@0.2102.7 want: 21.2.7
1074 silly fetch manifest ajv@8.18.0
1075 silly packumentCache full:https://registry.npmjs.org/ajv cache-miss
1076 silly fetch manifest source-map@0.7.6
1077 silly packumentCache full:https://registry.npmjs.org/source-map cache-hit
1078 silly fetch manifest ajv-formats@3.0.1
1079 silly packumentCache full:https://registry.npmjs.org/ajv-formats cache-miss
1080 http cache https://registry.npmjs.org/ajv-formats 5ms (cache hit)
1081 silly packumentCache full:https://registry.npmjs.org/ajv-formats set size:141264 disposed:false
1082 http cache https://registry.npmjs.org/ajv 9ms (cache hit)
1083 silly packumentCache full:https://registry.npmjs.org/ajv set size:1120197 disposed:false
1084 silly placeDep ROOT ajv@8.18.0 OK for: @angular-devkit/core@21.2.7 want: 8.18.0
1085 silly placeDep ROOT ajv-formats@3.0.1 OK for: @angular-devkit/core@21.2.7 want: 3.0.1
1086 silly placeDep ROOT source-map@0.7.6 OK for: @angular-devkit/core@21.2.7 want: 0.7.6
1087 silly fetch manifest fast-uri@^3.0.1
1088 silly packumentCache full:https://registry.npmjs.org/fast-uri cache-miss
1089 silly fetch manifest fast-deep-equal@^3.1.3
1090 silly packumentCache full:https://registry.npmjs.org/fast-deep-equal cache-miss
1091 silly fetch manifest require-from-string@^2.0.2
1092 silly packumentCache full:https://registry.npmjs.org/require-from-string cache-miss
1093 silly fetch manifest json-schema-traverse@^1.0.0
1094 silly packumentCache full:https://registry.npmjs.org/json-schema-traverse cache-miss
1095 http cache https://registry.npmjs.org/require-from-string 7ms (cache hit)
1096 silly packumentCache full:https://registry.npmjs.org/require-from-string set size:15128 disposed:false
1097 http cache https://registry.npmjs.org/fast-uri 8ms (cache hit)
1098 silly packumentCache full:https://registry.npmjs.org/fast-uri set size:61472 disposed:false
1099 http cache https://registry.npmjs.org/json-schema-traverse 9ms (cache hit)
1100 silly packumentCache full:https://registry.npmjs.org/json-schema-traverse set size:23537 disposed:false
1101 http cache https://registry.npmjs.org/fast-deep-equal 10ms (cache hit)
1102 silly packumentCache full:https://registry.npmjs.org/fast-deep-equal set size:48634 disposed:false
1103 silly fetch manifest @cfworker/json-schema@^4.1.1
1104 silly packumentCache full:https://registry.npmjs.org/@cfworker%2fjson-schema cache-miss
1105 http cache https://registry.npmjs.org/@cfworker%2fjson-schema 4ms (cache hit)
1106 silly packumentCache full:https://registry.npmjs.org/@cfworker%2fjson-schema set size:144207 disposed:false
1107 silly placeDep ROOT @angular-devkit/schematics@21.2.7 OK for: @angular/cli@21.2.7 want: 21.2.7
1108 silly placeDep ROOT @inquirer/prompts@7.10.1 OK for: @angular/cli@21.2.7 want: 7.10.1
1109 silly placeDep ROOT @listr2/prompt-adapter-inquirer@3.0.5 OK for: @angular/cli@21.2.7 want: 3.0.5
1110 silly placeDep ROOT @modelcontextprotocol/sdk@1.26.0 OK for: @angular/cli@21.2.7 want: 1.26.0
1111 silly placeDep ROOT @schematics/angular@21.2.7 OK for: @angular/cli@21.2.7 want: 21.2.7
1112 silly placeDep ROOT @yarnpkg/lockfile@1.1.0 OK for: @angular/cli@21.2.7 want: 1.1.0
1113 silly placeDep ROOT algoliasearch@5.48.1 OK for: @angular/cli@21.2.7 want: 5.48.1
1114 silly placeDep ROOT ini@6.0.0 OK for: @angular/cli@21.2.7 want: 6.0.0
1115 silly placeDep ROOT npm-package-arg@13.0.2 OK for: @angular/cli@21.2.7 want: 13.0.2
1116 silly placeDep ROOT pacote@21.3.1 OK for: @angular/cli@21.2.7 want: 21.3.1
1117 silly placeDep ROOT yargs@18.0.0 OK for: @angular/cli@21.2.7 want: 18.0.0
1118 silly placeDep ROOT zod@4.3.6 OK for: @angular/cli@21.2.7 want: 4.3.6
1119 silly fetch manifest ora@9.3.0
1120 silly packumentCache full:https://registry.npmjs.org/ora cache-miss
1121 silly fetch manifest @inquirer/input@^4.3.1
1122 silly packumentCache full:https://registry.npmjs.org/@inquirer%2finput cache-miss
1123 silly fetch manifest @inquirer/editor@^4.2.23
1124 silly packumentCache full:https://registry.npmjs.org/@inquirer%2feditor cache-miss
1125 silly fetch manifest @inquirer/expand@^4.0.23
1126 silly packumentCache full:https://registry.npmjs.org/@inquirer%2fexpand cache-miss
1127 silly fetch manifest @inquirer/number@^3.0.23
1128 silly packumentCache full:https://registry.npmjs.org/@inquirer%2fnumber cache-miss
1129 silly fetch manifest @inquirer/search@^3.2.2
1130 silly packumentCache full:https://registry.npmjs.org/@inquirer%2fsearch cache-miss
1131 silly fetch manifest @inquirer/select@^4.4.2
1132 silly packumentCache full:https://registry.npmjs.org/@inquirer%2fselect cache-miss
1133 silly fetch manifest @inquirer/rawlist@^4.1.11
1134 silly packumentCache full:https://registry.npmjs.org/@inquirer%2frawlist cache-miss
1135 silly fetch manifest @inquirer/checkbox@^4.3.2
1136 silly packumentCache full:https://registry.npmjs.org/@inquirer%2fcheckbox cache-miss
1137 silly fetch manifest @inquirer/password@^4.0.23
1138 silly packumentCache full:https://registry.npmjs.org/@inquirer%2fpassword cache-miss
1139 silly fetch manifest @inquirer/type@^3.0.8
1140 silly packumentCache full:https://registry.npmjs.org/@inquirer%2ftype cache-hit
1141 silly fetch manifest zod@^3.25 || ^4.0
1142 silly packumentCache full:https://registry.npmjs.org/zod cache-miss
1143 silly fetch manifest cors@^2.8.5
1144 silly packumentCache full:https://registry.npmjs.org/cors cache-miss
1145 silly fetch manifest hono@^4.11.4
1146 silly packumentCache full:https://registry.npmjs.org/hono cache-miss
1147 silly fetch manifest jose@^6.1.3
1148 silly packumentCache full:https://registry.npmjs.org/jose cache-miss
1149 silly fetch manifest express@^5.2.1
1150 silly packumentCache full:https://registry.npmjs.org/express cache-miss
1151 http cache https://registry.npmjs.org/ora 27ms (cache hit)
1152 silly packumentCache full:https://registry.npmjs.org/ora set size:142374 disposed:false
1153 silly fetch manifest raw-body@^3.0.0
1154 silly packumentCache full:https://registry.npmjs.org/raw-body cache-miss
1155 http cache https://registry.npmjs.org/@inquirer%2feditor 30ms (cache hit)
1156 silly packumentCache full:https://registry.npmjs.org/@inquirer%2feditor set size:310467 disposed:false
1157 silly fetch manifest cross-spawn@^7.0.5
1158 silly packumentCache full:https://registry.npmjs.org/cross-spawn cache-miss
1159 http cache https://registry.npmjs.org/@inquirer%2fexpand 34ms (cache hit)
1160 silly packumentCache full:https://registry.npmjs.org/@inquirer%2fexpand set size:312333 disposed:false
1161 silly fetch manifest eventsource@^3.0.2
1162 silly packumentCache full:https://registry.npmjs.org/eventsource cache-miss
1163 http cache https://registry.npmjs.org/@inquirer%2finput 40ms (cache hit)
1164 silly packumentCache full:https://registry.npmjs.org/@inquirer%2finput set size:307218 disposed:false
1165 silly fetch manifest content-type@^1.0.5
1166 silly packumentCache full:https://registry.npmjs.org/content-type cache-miss
1167 http cache https://registry.npmjs.org/@inquirer%2fnumber 43ms (cache hit)
1168 silly packumentCache full:https://registry.npmjs.org/@inquirer%2fnumber set size:132801 disposed:false
1169 silly fetch manifest pkce-challenge@^5.0.0
1170 silly packumentCache full:https://registry.npmjs.org/pkce-challenge cache-miss
1171 http cache https://registry.npmjs.org/@inquirer%2fsearch 45ms (cache hit)
1172 silly packumentCache full:https://registry.npmjs.org/@inquirer%2fsearch set size:133082 disposed:false
1173 silly fetch manifest @hono/node-server@^1.19.9
1174 silly packumentCache full:https://registry.npmjs.org/@hono%2fnode-server cache-miss
1175 http cache https://registry.npmjs.org/@inquirer%2fselect 47ms (cache hit)
1176 silly packumentCache full:https://registry.npmjs.org/@inquirer%2fselect set size:325038 disposed:false
1177 silly fetch manifest json-schema-typed@^8.0.2
1178 silly packumentCache full:https://registry.npmjs.org/json-schema-typed cache-miss
1179 http cache https://registry.npmjs.org/@inquirer%2fcheckbox 49ms (cache hit)
1180 silly packumentCache full:https://registry.npmjs.org/@inquirer%2fcheckbox set size:336240 disposed:false
1181 silly fetch manifest eventsource-parser@^3.0.0
1182 silly packumentCache full:https://registry.npmjs.org/eventsource-parser cache-miss
1183 http cache https://registry.npmjs.org/hono 61ms (cache hit)
1184 silly packumentCache full:https://registry.npmjs.org/hono set size:5621343 disposed:false
1185 silly fetch manifest express-rate-limit@^8.2.1
1186 silly packumentCache full:https://registry.npmjs.org/express-rate-limit cache-miss
1187 http cache https://registry.npmjs.org/@inquirer%2frawlist 105ms (cache hit)
1188 silly packumentCache full:https://registry.npmjs.org/@inquirer%2frawlist set size:278858 disposed:false
1189 silly fetch manifest zod-to-json-schema@^3.25.1
1190 silly packumentCache full:https://registry.npmjs.org/zod-to-json-schema cache-miss
1191 http cache https://registry.npmjs.org/cors 111ms (cache hit)
1192 silly packumentCache full:https://registry.npmjs.org/cors set size:77956 disposed:false
1193 silly fetch manifest @algolia/abtesting@1.14.1
1194 silly packumentCache full:https://registry.npmjs.org/@algolia%2fabtesting cache-miss
1195 http cache https://registry.npmjs.org/@inquirer%2fpassword 115ms (cache hit)
1196 silly packumentCache full:https://registry.npmjs.org/@inquirer%2fpassword set size:308967 disposed:false
1197 silly fetch manifest @algolia/ingestion@1.48.1
1198 silly packumentCache full:https://registry.npmjs.org/@algolia%2fingestion cache-miss
1199 http cache https://registry.npmjs.org/express 128ms (cache hit)
1200 silly packumentCache full:https://registry.npmjs.org/express set size:801278 disposed:false
1201 silly fetch manifest @algolia/recommend@5.48.1
1202 silly packumentCache full:https://registry.npmjs.org/@algolia%2frecommend cache-miss
1203 http cache https://registry.npmjs.org/jose 138ms (cache hit)
1204 silly packumentCache full:https://registry.npmjs.org/jose set size:1407632 disposed:false
1205 silly fetch manifest @algolia/monitoring@1.48.1
1206 silly packumentCache full:https://registry.npmjs.org/@algolia%2fmonitoring cache-miss
1207 http cache https://registry.npmjs.org/zod 152ms (cache hit)
1208 silly packumentCache full:https://registry.npmjs.org/zod set size:3489329 disposed:false
1209 silly fetch manifest @algolia/client-common@5.48.1
1210 silly packumentCache full:https://registry.npmjs.org/@algolia%2fclient-common cache-miss
1211 http cache https://registry.npmjs.org/raw-body 155ms (cache hit)
1212 silly packumentCache full:https://registry.npmjs.org/raw-body set size:117822 disposed:false
1213 silly fetch manifest @algolia/client-search@5.48.1
1214 silly packumentCache full:https://registry.npmjs.org/@algolia%2fclient-search cache-miss
1215 http cache https://registry.npmjs.org/cross-spawn 153ms (cache hit)
1216 silly packumentCache full:https://registry.npmjs.org/cross-spawn set size:109066 disposed:false
1217 silly fetch manifest @algolia/client-insights@5.48.1
1218 silly packumentCache full:https://registry.npmjs.org/@algolia%2fclient-insights cache-miss
1219 http cache https://registry.npmjs.org/content-type 146ms (cache hit)
1220 silly packumentCache full:https://registry.npmjs.org/content-type set size:17311 disposed:false
1221 silly fetch manifest @algolia/requester-fetch@5.48.1
1222 silly packumentCache full:https://registry.npmjs.org/@algolia%2frequester-fetch cache-miss
1223 http cache https://registry.npmjs.org/@hono%2fnode-server 143ms (cache hit)
1224 silly packumentCache full:https://registry.npmjs.org/@hono%2fnode-server set size:238032 disposed:false
1225 silly fetch manifest @algolia/client-abtesting@5.48.1
1226 silly packumentCache full:https://registry.npmjs.org/@algolia%2fclient-abtesting cache-miss
1227 http cache https://registry.npmjs.org/pkce-challenge 147ms (cache hit)
1228 silly packumentCache full:https://registry.npmjs.org/pkce-challenge set size:37734 disposed:false
1229 silly fetch manifest @algolia/client-analytics@5.48.1
1230 silly packumentCache full:https://registry.npmjs.org/@algolia%2fclient-analytics cache-miss
1231 http cache https://registry.npmjs.org/eventsource 155ms (cache hit)
1232 silly packumentCache full:https://registry.npmjs.org/eventsource set size:128214 disposed:false
1233 silly fetch manifest @algolia/requester-node-http@5.48.1
1234 silly packumentCache full:https://registry.npmjs.org/@algolia%2frequester-node-http cache-miss
1235 http cache https://registry.npmjs.org/json-schema-typed 146ms (cache hit)
1236 silly packumentCache full:https://registry.npmjs.org/json-schema-typed set size:26165 disposed:false
1237 silly fetch manifest @algolia/requester-browser-xhr@5.48.1
1238 silly packumentCache full:https://registry.npmjs.org/@algolia%2frequester-browser-xhr cache-miss
1239 http cache https://registry.npmjs.org/eventsource-parser 144ms (cache hit)
1240 silly packumentCache full:https://registry.npmjs.org/eventsource-parser set size:66053 disposed:false
1241 silly fetch manifest @algolia/client-personalization@5.48.1
1242 silly packumentCache full:https://registry.npmjs.org/@algolia%2fclient-personalization cache-miss
1243 http cache https://registry.npmjs.org/express-rate-limit 95ms (cache hit)
1244 silly packumentCache full:https://registry.npmjs.org/express-rate-limit set size:422563 disposed:false
1245 silly fetch manifest @algolia/client-query-suggestions@5.48.1
1246 silly packumentCache full:https://registry.npmjs.org/@algolia%2fclient-query-suggestions cache-miss
1247 http cache https://registry.npmjs.org/zod-to-json-schema 94ms (cache hit)
1248 silly packumentCache full:https://registry.npmjs.org/zod-to-json-schema set size:309584 disposed:false
1249 silly fetch manifest proc-log@^6.0.0
1250 silly packumentCache full:https://registry.npmjs.org/proc-log cache-miss
1251 http cache https://registry.npmjs.org/@algolia%2fabtesting 93ms (cache hit)
1252 silly packumentCache full:https://registry.npmjs.org/@algolia%2fabtesting set size:279560 disposed:false
1253 silly fetch manifest hosted-git-info@^9.0.0
1254 silly packumentCache full:https://registry.npmjs.org/hosted-git-info cache-miss
1255 http cache https://registry.npmjs.org/@algolia%2fingestion 92ms (cache hit)
1256 silly packumentCache full:https://registry.npmjs.org/@algolia%2fingestion set size:1442774 disposed:false
1257 silly fetch manifest validate-npm-package-name@^7.0.0
1258 silly packumentCache full:https://registry.npmjs.org/validate-npm-package-name cache-miss
1259 http cache https://registry.npmjs.org/@algolia%2frecommend 87ms (cache hit)
1260 silly packumentCache full:https://registry.npmjs.org/@algolia%2frecommend set size:734254 disposed:false
1261 silly fetch manifest tar@^7.4.3
1262 silly packumentCache full:https://registry.npmjs.org/tar cache-miss
1263 http cache https://registry.npmjs.org/@algolia%2fclient-common 64ms (cache hit)
1264 silly packumentCache full:https://registry.npmjs.org/@algolia%2fclient-common set size:842287 disposed:false
1265 silly fetch manifest ssri@^13.0.0
1266 silly packumentCache full:https://registry.npmjs.org/ssri cache-miss
1267 http cache https://registry.npmjs.org/@algolia%2fmonitoring 99ms (cache hit)
1268 silly packumentCache full:https://registry.npmjs.org/@algolia%2fmonitoring set size:1113350 disposed:false
1269 silly fetch manifest cacache@^20.0.0
1270 silly packumentCache full:https://registry.npmjs.org/cacache cache-miss
1271 http cache https://registry.npmjs.org/@algolia%2fclient-search 78ms (cache hit)
1272 silly packumentCache full:https://registry.npmjs.org/@algolia%2fclient-search set size:953506 disposed:false
1273 silly fetch manifest minipass@^7.0.2
1274 silly packumentCache full:https://registry.npmjs.org/minipass cache-miss
1275 http cache https://registry.npmjs.org/@algolia%2fclient-insights 82ms (cache hit)
1276 silly packumentCache full:https://registry.npmjs.org/@algolia%2fclient-insights set size:631884 disposed:false
1277 silly fetch manifest proc-log@^6.0.0
1278 silly packumentCache full:https://registry.npmjs.org/proc-log cache-miss
1279 http cache https://registry.npmjs.org/@algolia%2frequester-fetch 88ms (cache hit)
1280 silly packumentCache full:https://registry.npmjs.org/@algolia%2frequester-fetch set size:1757860 disposed:false
1281 silly fetch manifest sigstore@^4.0.0
1282 silly packumentCache full:https://registry.npmjs.org/sigstore cache-miss
1283 http cache https://registry.npmjs.org/@algolia%2fclient-abtesting 99ms (cache hit)
1284 silly packumentCache full:https://registry.npmjs.org/@algolia%2fclient-abtesting set size:1644691 disposed:false
1285 silly fetch manifest @npmcli/git@^7.0.0
1286 silly packumentCache full:https://registry.npmjs.org/@npmcli%2fgit cache-miss
1287 http cache https://registry.npmjs.org/@algolia%2fclient-analytics 110ms (cache hit)
1288 silly packumentCache full:https://registry.npmjs.org/@algolia%2fclient-analytics set size:960214 disposed:false
1289 silly fetch manifest fs-minipass@^3.0.0
1290 silly packumentCache full:https://registry.npmjs.org/fs-minipass cache-miss
1291 http cache https://registry.npmjs.org/@algolia%2frequester-browser-xhr 111ms (cache hit)
1292 silly packumentCache full:https://registry.npmjs.org/@algolia%2frequester-browser-xhr set size:878798 disposed:false
1293 silly fetch manifest npm-packlist@^10.0.1
1294 silly packumentCache full:https://registry.npmjs.org/npm-packlist cache-miss
1295 http cache https://registry.npmjs.org/@algolia%2frequester-node-http 121ms (cache hit)
1296 silly packumentCache full:https://registry.npmjs.org/@algolia%2frequester-node-http set size:869899 disposed:false
1297 silly fetch manifest promise-retry@^2.0.1
1298 silly packumentCache full:https://registry.npmjs.org/promise-retry cache-miss
1299 http cache https://registry.npmjs.org/@algolia%2fclient-personalization 126ms (cache hit)
1300 silly packumentCache full:https://registry.npmjs.org/@algolia%2fclient-personalization set size:1905028 disposed:false
1301 silly fetch manifest npm-pick-manifest@^11.0.1
1302 silly packumentCache full:https://registry.npmjs.org/npm-pick-manifest cache-miss
1303 http cache https://registry.npmjs.org/@algolia%2fclient-query-suggestions 134ms (cache hit)
1304 silly packumentCache full:https://registry.npmjs.org/@algolia%2fclient-query-suggestions set size:1666808 disposed:false
1305 silly fetch manifest @npmcli/run-script@^10.0.0
1306 silly packumentCache full:https://registry.npmjs.org/@npmcli%2frun-script cache-miss
1307 http cache https://registry.npmjs.org/proc-log 139ms (cache hit)
1308 silly packumentCache full:https://registry.npmjs.org/proc-log set size:33530 disposed:false
1309 silly fetch manifest npm-registry-fetch@^19.0.0
1310 silly packumentCache full:https://registry.npmjs.org/npm-registry-fetch cache-miss
1311 http cache https://registry.npmjs.org/hosted-git-info 138ms (cache hit)
1312 silly packumentCache full:https://registry.npmjs.org/hosted-git-info set size:178854 disposed:false
1313 silly fetch manifest @npmcli/package-json@^7.0.0
1314 silly packumentCache full:https://registry.npmjs.org/@npmcli%2fpackage-json cache-miss
1315 http cache https://registry.npmjs.org/validate-npm-package-name 130ms (cache hit)
1316 silly packumentCache full:https://registry.npmjs.org/validate-npm-package-name set size:48143 disposed:false
1317 silly fetch manifest @npmcli/promise-spawn@^9.0.0
1318 silly packumentCache full:https://registry.npmjs.org/@npmcli%2fpromise-spawn cache-miss
1319 http cache https://registry.npmjs.org/tar 123ms (cache hit)
1320 silly packumentCache full:https://registry.npmjs.org/tar set size:531438 disposed:false
1321 silly fetch manifest @npmcli/installed-package-contents@^4.0.0
1322 silly packumentCache full:https://registry.npmjs.org/@npmcli%2finstalled-package-contents cache-miss
1323 http cache https://registry.npmjs.org/ssri 119ms (cache hit)
1324 silly packumentCache full:https://registry.npmjs.org/ssri set size:136145 disposed:false
1325 silly fetch manifest cliui@^9.0.1
1326 silly packumentCache full:https://registry.npmjs.org/cliui cache-miss
1327 http cache https://registry.npmjs.org/cacache 109ms (cache hit)
1328 silly packumentCache full:https://registry.npmjs.org/cacache set size:382726 disposed:false
1329 silly fetch manifest escalade@^3.1.1
1330 silly packumentCache full:https://registry.npmjs.org/escalade cache-miss
1331 http cache https://registry.npmjs.org/minipass 105ms (cache hit)
1332 silly packumentCache full:https://registry.npmjs.org/minipass set size:276925 disposed:false
1333 silly fetch manifest get-caller-file@^2.0.5
1334 silly packumentCache full:https://registry.npmjs.org/get-caller-file cache-miss
1335 http cache https://registry.npmjs.org/proc-log 103ms (cache hit)
1336 silly packumentCache full:https://registry.npmjs.org/proc-log set size:33530 disposed:false
1337 silly packumentCache full:https://registry.npmjs.org/proc-log dispose
1338 silly fetch manifest string-width@^7.2.0
1339 silly packumentCache full:https://registry.npmjs.org/string-width cache-miss
1340 http cache https://registry.npmjs.org/@npmcli%2fgit 79ms (cache hit)
1341 silly packumentCache full:https://registry.npmjs.org/@npmcli%2fgit set size:113469 disposed:false
1342 silly fetch manifest y18n@^5.0.5
1343 silly packumentCache full:https://registry.npmjs.org/y18n cache-miss
1344 http cache https://registry.npmjs.org/npm-packlist 68ms (cache hit)
1345 silly packumentCache full:https://registry.npmjs.org/npm-packlist set size:191290 disposed:false
1346 silly fetch manifest yargs-parser@^22.0.0
1347 silly packumentCache full:https://registry.npmjs.org/yargs-parser cache-miss
1348 http cache https://registry.npmjs.org/sigstore 97ms (cache hit)
1349 silly packumentCache full:https://registry.npmjs.org/sigstore set size:116846 disposed:false
1350 http cache https://registry.npmjs.org/fs-minipass 78ms (cache hit)
1351 silly packumentCache full:https://registry.npmjs.org/fs-minipass set size:44606 disposed:false
1352 http cache https://registry.npmjs.org/promise-retry 68ms (cache hit)
1353 silly packumentCache full:https://registry.npmjs.org/promise-retry set size:34511 disposed:false
1354 http cache https://registry.npmjs.org/@npmcli%2frun-script 44ms (cache hit)
1355 silly packumentCache full:https://registry.npmjs.org/@npmcli%2frun-script set size:199485 disposed:false
1356 http cache https://registry.npmjs.org/npm-pick-manifest 57ms (cache hit)
1357 silly packumentCache full:https://registry.npmjs.org/npm-pick-manifest set size:102325 disposed:false
1358 http cache https://registry.npmjs.org/npm-registry-fetch 46ms (cache hit)
1359 silly packumentCache full:https://registry.npmjs.org/npm-registry-fetch set size:279416 disposed:false
1360 http cache https://registry.npmjs.org/@npmcli%2fpackage-json 46ms (cache hit)
1361 silly packumentCache full:https://registry.npmjs.org/@npmcli%2fpackage-json set size:82143 disposed:false
1362 http cache https://registry.npmjs.org/@npmcli%2fpromise-spawn 45ms (cache hit)
1363 silly packumentCache full:https://registry.npmjs.org/@npmcli%2fpromise-spawn set size:68246 disposed:false
1364 http cache https://registry.npmjs.org/@npmcli%2finstalled-package-contents 41ms (cache hit)
1365 silly packumentCache full:https://registry.npmjs.org/@npmcli%2finstalled-package-contents set size:48946 disposed:false
1366 http cache https://registry.npmjs.org/cliui 39ms (cache hit)
1367 silly packumentCache full:https://registry.npmjs.org/cliui set size:69089 disposed:false
1368 http cache https://registry.npmjs.org/escalade 36ms (cache hit)
1369 silly packumentCache full:https://registry.npmjs.org/escalade set size:33724 disposed:false
1370 http cache https://registry.npmjs.org/y18n 25ms (cache hit)
1371 silly packumentCache full:https://registry.npmjs.org/y18n set size:76155 disposed:false
1372 http cache https://registry.npmjs.org/string-width 28ms (cache hit)
1373 silly packumentCache full:https://registry.npmjs.org/string-width set size:68305 disposed:false
1374 http cache https://registry.npmjs.org/get-caller-file 32ms (cache hit)
1375 silly packumentCache full:https://registry.npmjs.org/get-caller-file set size:26456 disposed:false
1376 http cache https://registry.npmjs.org/yargs-parser 26ms (cache hit)
1377 silly packumentCache full:https://registry.npmjs.org/yargs-parser set size:238630 disposed:false
1378 silly placeDep ROOT ora@9.3.0 OK for: @angular-devkit/schematics@21.2.7 want: 9.3.0
1379 silly fetch manifest chalk@^5.6.2
1380 silly packumentCache full:https://registry.npmjs.org/chalk cache-miss
1381 silly fetch manifest cli-cursor@^5.0.0
1382 silly packumentCache full:https://registry.npmjs.org/cli-cursor cache-miss
1383 silly fetch manifest cli-spinners@^3.2.0
1384 silly packumentCache full:https://registry.npmjs.org/cli-spinners cache-miss
1385 silly fetch manifest is-interactive@^2.0.0
1386 silly packumentCache full:https://registry.npmjs.org/is-interactive cache-miss
1387 silly fetch manifest is-unicode-supported@^2.1.0
1388 silly packumentCache full:https://registry.npmjs.org/is-unicode-supported cache-miss
1389 silly fetch manifest log-symbols@^7.0.1
1390 silly packumentCache full:https://registry.npmjs.org/log-symbols cache-miss
1391 silly fetch manifest stdin-discarder@^0.3.1
1392 silly packumentCache full:https://registry.npmjs.org/stdin-discarder cache-miss
1393 silly fetch manifest string-width@^8.1.0
1394 silly packumentCache full:https://registry.npmjs.org/string-width cache-hit
1395 http cache https://registry.npmjs.org/chalk 8ms (cache hit)
1396 silly packumentCache full:https://registry.npmjs.org/chalk set size:117861 disposed:false
1397 http cache https://registry.npmjs.org/cli-spinners 11ms (cache hit)
1398 silly packumentCache full:https://registry.npmjs.org/cli-spinners set size:67473 disposed:false
1399 http cache https://registry.npmjs.org/is-interactive 12ms (cache hit)
1400 silly packumentCache full:https://registry.npmjs.org/is-interactive set size:10692 disposed:false
1401 http cache https://registry.npmjs.org/cli-cursor 14ms (cache hit)
1402 silly packumentCache full:https://registry.npmjs.org/cli-cursor set size:18913 disposed:false
1403 http cache https://registry.npmjs.org/log-symbols 14ms (cache hit)
1404 silly packumentCache full:https://registry.npmjs.org/log-symbols set size:31977 disposed:false
1405 http cache https://registry.npmjs.org/is-unicode-supported 15ms (cache hit)
1406 silly packumentCache full:https://registry.npmjs.org/is-unicode-supported set size:19461 disposed:false
1407 http cache https://registry.npmjs.org/stdin-discarder 16ms (cache hit)
1408 silly packumentCache full:https://registry.npmjs.org/stdin-discarder set size:15211 disposed:false
1409 silly placeDep ROOT @jridgewell/sourcemap-codec@1.5.5 OK for: @angular/compiler-cli@21.2.9 want: ^1.4.14
1410 silly placeDep ROOT chokidar@5.0.0 OK for: @angular/compiler-cli@21.2.9 want: ^5.0.0
1411 silly placeDep ROOT convert-source-map@1.9.0 OK for: @angular/compiler-cli@21.2.9 want: ^1.5.1
1412 silly placeDep ROOT reflect-metadata@0.2.2 OK for: @angular/compiler-cli@21.2.9 want: ^0.2.0
1413 silly fetch manifest readdirp@^5.0.0
1414 silly packumentCache full:https://registry.npmjs.org/readdirp cache-miss
1415 http fetch GET 200 https://registry.npmjs.org/readdirp 43ms (cache miss)
1416 silly packumentCache full:https://registry.npmjs.org/readdirp set size:undefined disposed:false
1417 silly placeDep ROOT @standard-schema/spec@1.1.0 OK for: @angular/forms@21.2.9 want: ^1.0.0
1418 silly fetch manifest @babel/core@^7.0.0
1419 silly packumentCache full:https://registry.npmjs.org/@babel%2fcore cache-miss
1420 http cache https://registry.npmjs.org/@babel%2fcore 6ms (cache hit)
1421 silly packumentCache full:https://registry.npmjs.org/@babel%2fcore set size:760113 disposed:false
1422 silly placeDep ROOT @babel/code-frame@7.29.0 OK for: @babel/core@7.29.0 want: ^7.29.0
1423 silly placeDep ROOT @babel/generator@7.29.1 OK for: @babel/core@7.29.0 want: ^7.29.0
1424 silly placeDep ROOT @babel/helper-compilation-targets@7.28.6 OK for: @babel/core@7.29.0 want: ^7.28.6
1425 silly placeDep ROOT @babel/helper-module-transforms@7.28.6 OK for: @babel/core@7.29.0 want: ^7.28.6
1426 silly placeDep ROOT @babel/helpers@7.29.2 OK for: @babel/core@7.29.0 want: ^7.28.6
1427 silly placeDep ROOT @babel/parser@7.29.2 OK for: @babel/core@7.29.0 want: ^7.29.0
1428 silly placeDep ROOT @babel/template@7.28.6 OK for: @babel/core@7.29.0 want: ^7.28.6
1429 silly placeDep ROOT @babel/traverse@7.29.0 OK for: @babel/core@7.29.0 want: ^7.29.0
1430 silly placeDep ROOT @babel/types@7.29.0 OK for: @babel/core@7.29.0 want: ^7.29.0
1431 silly placeDep ROOT @jridgewell/remapping@2.3.5 OK for: @babel/core@7.29.0 want: ^2.3.5
1432 silly placeDep node_modules/@babel/core convert-source-map@2.0.0 OK for: @babel/core@7.29.0 want: ^2.0.0
1433 silly placeDep ROOT debug@4.4.3 OK for: @babel/core@7.29.0 want: ^4.1.0
1434 silly placeDep ROOT gensync@1.0.0-beta.2 OK for: @babel/core@7.29.0 want: ^1.0.0-beta.2
1435 silly placeDep ROOT json5@2.2.3 OK for: @babel/core@7.29.0 want: ^2.2.3
1436 silly placeDep node_modules/@babel/core semver@6.3.1 OK for: @babel/core@7.29.0 want: ^6.3.1
1437 silly fetch manifest js-tokens@^4.0.0
1438 silly packumentCache full:https://registry.npmjs.org/js-tokens cache-miss
1439 silly fetch manifest @babel/helper-validator-identifier@^7.28.5
1440 silly packumentCache full:https://registry.npmjs.org/@babel%2fhelper-validator-identifier cache-miss
1441 silly fetch manifest jsesc@^3.0.2
1442 silly packumentCache full:https://registry.npmjs.org/jsesc cache-miss
1443 silly fetch manifest lru-cache@^5.1.1
1444 silly packumentCache full:https://registry.npmjs.org/lru-cache cache-miss
1445 silly fetch manifest @babel/compat-data@^7.28.6
1446 silly packumentCache full:https://registry.npmjs.org/@babel%2fcompat-data cache-miss
1447 silly fetch manifest @babel/helper-validator-option@^7.27.1
1448 silly packumentCache full:https://registry.npmjs.org/@babel%2fhelper-validator-option cache-miss
1449 silly fetch manifest @babel/traverse@^7.28.6
1450 silly packumentCache full:https://registry.npmjs.org/@babel%2ftraverse cache-miss
1451 silly fetch manifest @babel/helper-module-imports@^7.28.6
1452 silly packumentCache full:https://registry.npmjs.org/@babel%2fhelper-module-imports cache-miss
1453 silly fetch manifest @babel/helper-validator-identifier@^7.28.5
1454 silly packumentCache full:https://registry.npmjs.org/@babel%2fhelper-validator-identifier cache-miss
1455 silly fetch manifest @babel/types@^7.28.6
1456 silly packumentCache full:https://registry.npmjs.org/@babel%2ftypes cache-miss
1457 silly fetch manifest debug@^4.3.1
1458 silly packumentCache full:https://registry.npmjs.org/debug cache-hit
1459 silly fetch manifest @babel/helper-globals@^7.28.0
1460 silly packumentCache full:https://registry.npmjs.org/@babel%2fhelper-globals cache-miss
1461 silly fetch manifest @babel/helper-string-parser@^7.27.1
1462 silly packumentCache full:https://registry.npmjs.org/@babel%2fhelper-string-parser cache-miss
1463 silly fetch manifest @babel/helper-validator-identifier@^7.28.5
1464 silly packumentCache full:https://registry.npmjs.org/@babel%2fhelper-validator-identifier cache-miss
1465 silly fetch manifest ms@^2.1.3
1466 silly packumentCache full:https://registry.npmjs.org/ms cache-miss
1467 http cache https://registry.npmjs.org/@babel%2ftypes 13ms (cache hit)
1468 silly packumentCache full:https://registry.npmjs.org/@babel%2ftypes set size:487885 disposed:false
1469 http cache https://registry.npmjs.org/lru-cache 20ms (cache hit)
1470 silly packumentCache full:https://registry.npmjs.org/lru-cache set size:439357 disposed:false
1471 http cache https://registry.npmjs.org/ms 23ms (cache hit)
1472 silly packumentCache full:https://registry.npmjs.org/ms set size:92208 disposed:false
1473 http cache https://registry.npmjs.org/@babel%2ftraverse 28ms (cache hit)
1474 silly packumentCache full:https://registry.npmjs.org/@babel%2ftraverse set size:548722 disposed:false
1475 http fetch GET 200 https://registry.npmjs.org/js-tokens 68ms (cache miss)
1476 silly packumentCache full:https://registry.npmjs.org/js-tokens set size:undefined disposed:false
1477 http fetch GET 200 https://registry.npmjs.org/@babel%2fhelper-globals 66ms (cache miss)
1478 silly packumentCache full:https://registry.npmjs.org/@babel%2fhelper-globals set size:undefined disposed:false
1479 http fetch GET 200 https://registry.npmjs.org/jsesc 70ms (cache miss)
1480 silly packumentCache full:https://registry.npmjs.org/jsesc set size:undefined disposed:false
1481 http fetch GET 200 https://registry.npmjs.org/@babel%2fhelper-validator-identifier 69ms (cache miss)
1482 silly packumentCache full:https://registry.npmjs.org/@babel%2fhelper-validator-identifier set size:undefined disposed:false
1483 http fetch GET 200 https://registry.npmjs.org/@babel%2fhelper-validator-option 74ms (cache miss)
1484 silly packumentCache full:https://registry.npmjs.org/@babel%2fhelper-validator-option set size:undefined disposed:false
1485 http fetch GET 200 https://registry.npmjs.org/@babel%2fhelper-validator-identifier 75ms (cache miss)
1486 silly packumentCache full:https://registry.npmjs.org/@babel%2fhelper-validator-identifier set size:undefined disposed:false
1487 http fetch GET 200 https://registry.npmjs.org/@babel%2fhelper-validator-identifier 79ms (cache miss)
1488 silly packumentCache full:https://registry.npmjs.org/@babel%2fhelper-validator-identifier set size:undefined disposed:false
1489 http fetch GET 200 https://registry.npmjs.org/@babel%2fhelper-string-parser 77ms (cache miss)
1490 silly packumentCache full:https://registry.npmjs.org/@babel%2fhelper-string-parser set size:undefined disposed:false
1491 http fetch GET 200 https://registry.npmjs.org/@babel%2fcompat-data 80ms (cache miss)
1492 silly packumentCache full:https://registry.npmjs.org/@babel%2fcompat-data set size:undefined disposed:false
1493 http fetch GET 200 https://registry.npmjs.org/@babel%2fhelper-module-imports 83ms (cache miss)
1494 silly packumentCache full:https://registry.npmjs.org/@babel%2fhelper-module-imports set size:undefined disposed:false
1495 silly placeDep ROOT @babel/helper-validator-identifier@7.28.5 OK for: @babel/code-frame@7.29.0 want: ^7.28.5
1496 silly placeDep ROOT js-tokens@4.0.0 OK for: @babel/code-frame@7.29.0 want: ^4.0.0
1497 silly placeDep ROOT picocolors@1.1.1 OK for: @babel/code-frame@7.29.0 want: ^1.1.1
1498 silly placeDep ROOT jsesc@3.1.0 OK for: @babel/generator@7.29.1 want: ^3.0.2
1499 silly placeDep ROOT @babel/compat-data@7.29.0 OK for: @babel/helper-compilation-targets@7.28.6 want: ^7.28.6
1500 silly placeDep ROOT @babel/helper-validator-option@7.27.1 OK for: @babel/helper-compilation-targets@7.28.6 want: ^7.27.1
1501 silly placeDep ROOT lru-cache@5.1.1 OK for: @babel/helper-compilation-targets@7.28.6 want: ^5.1.1
1502 silly placeDep node_modules/@babel/helper-compilation-targets semver@6.3.1 OK for: @babel/helper-compilation-targets@7.28.6 want: ^6.3.1
1503 silly fetch manifest yallist@^3.0.2
1504 silly packumentCache full:https://registry.npmjs.org/yallist cache-miss
1505 http cache https://registry.npmjs.org/yallist 3ms (cache hit)
1506 silly packumentCache full:https://registry.npmjs.org/yallist set size:34610 disposed:false
1507 silly placeDep ROOT @babel/helper-module-imports@7.28.6 OK for: @babel/helper-module-transforms@7.28.6 want: ^7.28.6
1508 silly placeDep ROOT @babel/helper-globals@7.28.0 OK for: @babel/traverse@7.29.0 want: ^7.28.0
1509 silly placeDep ROOT @babel/helper-string-parser@7.27.1 OK for: @babel/types@7.29.0 want: ^7.27.1
1510 silly placeDep ROOT @inquirer/core@10.3.2 OK for: @inquirer/confirm@5.1.21 want: ^10.3.2
1511 silly placeDep ROOT @inquirer/type@3.0.10 OK for: @inquirer/confirm@5.1.21 want: ^3.0.10
1512 silly fetch manifest cli-width@^4.1.0
1513 silly packumentCache full:https://registry.npmjs.org/cli-width cache-miss
1514 silly fetch manifest wrap-ansi@^6.2.0
1515 silly packumentCache full:https://registry.npmjs.org/wrap-ansi cache-hit
1516 silly fetch manifest mute-stream@^2.0.0
1517 silly packumentCache full:https://registry.npmjs.org/mute-stream cache-miss
1518 silly fetch manifest signal-exit@^4.1.0
1519 silly packumentCache full:https://registry.npmjs.org/signal-exit cache-miss
1520 silly fetch manifest @inquirer/ansi@^1.0.2
1521 silly packumentCache full:https://registry.npmjs.org/@inquirer%2fansi cache-miss
1522 silly fetch manifest yoctocolors-cjs@^2.1.3
1523 silly packumentCache full:https://registry.npmjs.org/yoctocolors-cjs cache-miss
1524 silly fetch manifest @inquirer/figures@^1.0.15
1525 silly packumentCache full:https://registry.npmjs.org/@inquirer%2ffigures cache-miss
1526 http cache https://registry.npmjs.org/cli-width 9ms (cache hit)
1527 silly packumentCache full:https://registry.npmjs.org/cli-width set size:24976 disposed:false
1528 http cache https://registry.npmjs.org/@inquirer%2fansi 9ms (cache hit)
1529 silly packumentCache full:https://registry.npmjs.org/@inquirer%2fansi set size:24508 disposed:false
1530 http cache https://registry.npmjs.org/yoctocolors-cjs 10ms (cache hit)
1531 silly packumentCache full:https://registry.npmjs.org/yoctocolors-cjs set size:12865 disposed:false
1532 http cache https://registry.npmjs.org/signal-exit 11ms (cache hit)
1533 silly packumentCache full:https://registry.npmjs.org/signal-exit set size:53489 disposed:false
1534 http cache https://registry.npmjs.org/@inquirer%2ffigures 11ms (cache hit)
1535 silly packumentCache full:https://registry.npmjs.org/@inquirer%2ffigures set size:52687 disposed:false
1536 http cache https://registry.npmjs.org/mute-stream 14ms (cache hit)
1537 silly packumentCache full:https://registry.npmjs.org/mute-stream set size:21860 disposed:false
1538 silly placeDep ROOT @inquirer/ansi@1.0.2 OK for: @inquirer/core@10.3.2 want: ^1.0.2
1539 silly placeDep ROOT @inquirer/figures@1.0.15 OK for: @inquirer/core@10.3.2 want: ^1.0.15
1540 silly placeDep ROOT cli-width@4.1.0 OK for: @inquirer/core@10.3.2 want: ^4.1.0
1541 silly placeDep ROOT mute-stream@2.0.0 OK for: @inquirer/core@10.3.2 want: ^2.0.0
1542 silly placeDep ROOT signal-exit@4.1.0 OK for: @inquirer/core@10.3.2 want: ^4.1.0
1543 silly placeDep ROOT wrap-ansi@6.2.0 OK for: @inquirer/core@10.3.2 want: ^6.2.0
1544 silly placeDep ROOT yoctocolors-cjs@2.1.3 OK for: @inquirer/core@10.3.2 want: ^2.1.3
1545 silly fetch manifest strip-ansi@^6.0.0
1546 silly packumentCache full:https://registry.npmjs.org/strip-ansi cache-miss
1547 silly fetch manifest ansi-styles@^4.0.0
1548 silly packumentCache full:https://registry.npmjs.org/ansi-styles cache-miss
1549 silly fetch manifest string-width@^4.1.0
1550 silly packumentCache full:https://registry.npmjs.org/string-width cache-hit
1551 http cache https://registry.npmjs.org/strip-ansi 5ms (cache hit)
1552 silly packumentCache full:https://registry.npmjs.org/strip-ansi set size:44998 disposed:false
1553 http cache https://registry.npmjs.org/ansi-styles 7ms (cache hit)
1554 silly packumentCache full:https://registry.npmjs.org/ansi-styles set size:63233 disposed:false
1555 silly placeDep ROOT @inquirer/checkbox@4.3.2 OK for: @inquirer/prompts@7.10.1 want: ^4.3.2
1556 silly placeDep ROOT @inquirer/editor@4.2.23 OK for: @inquirer/prompts@7.10.1 want: ^4.2.23
1557 silly placeDep ROOT @inquirer/expand@4.0.23 OK for: @inquirer/prompts@7.10.1 want: ^4.0.23
1558 silly placeDep ROOT @inquirer/input@4.3.1 OK for: @inquirer/prompts@7.10.1 want: ^4.3.1
1559 silly placeDep ROOT @inquirer/number@3.0.23 OK for: @inquirer/prompts@7.10.1 want: ^3.0.23
1560 silly placeDep ROOT @inquirer/password@4.0.23 OK for: @inquirer/prompts@7.10.1 want: ^4.0.23
1561 silly placeDep ROOT @inquirer/rawlist@4.1.11 OK for: @inquirer/prompts@7.10.1 want: ^4.1.11
1562 silly placeDep ROOT @inquirer/search@3.2.2 OK for: @inquirer/prompts@7.10.1 want: ^3.2.2
1563 silly placeDep ROOT @inquirer/select@4.4.2 OK for: @inquirer/prompts@7.10.1 want: ^4.4.2
1564 silly fetch manifest @inquirer/external-editor@^1.0.3
1565 silly packumentCache full:https://registry.npmjs.org/@inquirer%2fexternal-editor cache-miss
1566 http cache https://registry.npmjs.org/@inquirer%2fexternal-editor 3ms (cache hit)
1567 silly packumentCache full:https://registry.npmjs.org/@inquirer%2fexternal-editor set size:33131 disposed:false
1568 silly placeDep ROOT @inquirer/external-editor@1.0.3 OK for: @inquirer/editor@4.2.23 want: ^1.0.3
1569 silly fetch manifest chardet@^2.1.1
1570 silly packumentCache full:https://registry.npmjs.org/chardet cache-miss
1571 silly fetch manifest iconv-lite@^0.7.0
1572 silly packumentCache full:https://registry.npmjs.org/iconv-lite cache-miss
1573 http cache https://registry.npmjs.org/chardet 5ms (cache hit)
1574 silly packumentCache full:https://registry.npmjs.org/chardet set size:70553 disposed:false
1575 http cache https://registry.npmjs.org/iconv-lite 6ms (cache hit)
1576 silly packumentCache full:https://registry.npmjs.org/iconv-lite set size:120557 disposed:false
1577 silly placeDep ROOT chardet@2.1.1 OK for: @inquirer/external-editor@1.0.3 want: ^2.1.1
1578 silly placeDep ROOT iconv-lite@0.7.2 OK for: @inquirer/external-editor@1.0.3 want: ^0.7.0
1579 silly fetch manifest safer-buffer@>= 2.1.2 < 3.0.0
1580 silly packumentCache full:https://registry.npmjs.org/safer-buffer cache-miss
1581 http cache https://registry.npmjs.org/safer-buffer 3ms (cache hit)
1582 silly packumentCache full:https://registry.npmjs.org/safer-buffer set size:18521 disposed:false
1583 silly placeDep ROOT @jridgewell/resolve-uri@3.1.2 OK for: @jridgewell/trace-mapping@0.3.31 want: ^3.1.0
1584 silly placeDep ROOT @hono/node-server@1.19.14 OK for: @modelcontextprotocol/sdk@1.26.0 want: ^1.19.9
1585 silly placeDep ROOT hono@4.12.14 OK for: @hono/node-server@1.19.14 want: ^4
1586 silly placeDep ROOT content-type@1.0.5 OK for: @modelcontextprotocol/sdk@1.26.0 want: ^1.0.5
1587 silly placeDep ROOT cors@2.8.6 OK for: @modelcontextprotocol/sdk@1.26.0 want: ^2.8.5
1588 silly placeDep ROOT cross-spawn@7.0.6 OK for: @modelcontextprotocol/sdk@1.26.0 want: ^7.0.5
1589 silly placeDep ROOT eventsource@3.0.7 OK for: @modelcontextprotocol/sdk@1.26.0 want: ^3.0.2
1590 silly placeDep ROOT eventsource-parser@3.0.6 OK for: @modelcontextprotocol/sdk@1.26.0 want: ^3.0.0
1591 silly placeDep ROOT express@5.2.1 OK for: @modelcontextprotocol/sdk@1.26.0 want: ^5.2.1
1592 silly placeDep ROOT express-rate-limit@8.3.2 OK for: @modelcontextprotocol/sdk@1.26.0 want: ^8.2.1
1593 silly placeDep ROOT jose@6.2.2 OK for: @modelcontextprotocol/sdk@1.26.0 want: ^6.1.3
1594 silly placeDep ROOT json-schema-typed@8.0.2 OK for: @modelcontextprotocol/sdk@1.26.0 want: ^8.0.2
1595 silly placeDep ROOT pkce-challenge@5.0.1 OK for: @modelcontextprotocol/sdk@1.26.0 want: ^5.0.0
1596 silly placeDep ROOT raw-body@3.0.2 OK for: @modelcontextprotocol/sdk@1.26.0 want: ^3.0.0
1597 silly placeDep ROOT zod-to-json-schema@3.25.2 OK for: @modelcontextprotocol/sdk@1.26.0 want: ^3.25.1
1598 silly fetch manifest object-assign@^4
1599 silly packumentCache full:https://registry.npmjs.org/object-assign cache-miss
1600 silly fetch manifest vary@^1
1601 silly packumentCache full:https://registry.npmjs.org/vary cache-miss
1602 silly fetch manifest which@^2.0.1
1603 silly packumentCache full:https://registry.npmjs.org/which cache-miss
1604 silly fetch manifest path-key@^3.1.0
1605 silly packumentCache full:https://registry.npmjs.org/path-key cache-miss
1606 silly fetch manifest shebang-command@^2.0.0
1607 silly packumentCache full:https://registry.npmjs.org/shebang-command cache-miss
1608 silly fetch manifest eventsource-parser@^3.0.1
1609 silly packumentCache full:https://registry.npmjs.org/eventsource-parser cache-hit
1610 silly fetch manifest qs@^6.14.0
1611 silly packumentCache full:https://registry.npmjs.org/qs cache-miss
1612 silly fetch manifest depd@^2.0.0
1613 silly packumentCache full:https://registry.npmjs.org/depd cache-miss
1614 silly fetch manifest etag@^1.8.1
1615 silly packumentCache full:https://registry.npmjs.org/etag cache-miss
1616 silly fetch manifest once@^1.4.0
1617 silly packumentCache full:https://registry.npmjs.org/once cache-miss
1618 silly fetch manifest send@^1.1.0
1619 silly packumentCache full:https://registry.npmjs.org/send cache-miss
1620 silly fetch manifest vary@^1.1.2
1621 silly packumentCache full:https://registry.npmjs.org/vary cache-miss
1622 silly fetch manifest fresh@^2.0.0
1623 silly packumentCache full:https://registry.npmjs.org/fresh cache-miss
1624 silly fetch manifest cookie@^0.7.1
1625 silly packumentCache full:https://registry.npmjs.org/cookie cache-miss
1626 silly fetch manifest router@^2.2.0
1627 silly packumentCache full:https://registry.npmjs.org/router cache-miss
1628 silly fetch manifest accepts@^2.0.0
1629 silly packumentCache full:https://registry.npmjs.org/accepts cache-miss
1630 http cache https://registry.npmjs.org/object-assign 34ms (cache hit)
1631 silly packumentCache full:https://registry.npmjs.org/object-assign set size:28988 disposed:false
1632 silly fetch manifest type-is@^2.0.1
1633 silly packumentCache full:https://registry.npmjs.org/type-is cache-miss
1634 http cache https://registry.npmjs.org/once 33ms (cache hit)
1635 silly packumentCache full:https://registry.npmjs.org/once set size:11752 disposed:false
1636 silly fetch manifest parseurl@^1.3.3
1637 silly packumentCache full:https://registry.npmjs.org/parseurl cache-miss
1638 http cache https://registry.npmjs.org/shebang-command 36ms (cache hit)
1639 silly packumentCache full:https://registry.npmjs.org/shebang-command set size:8525 disposed:false
1640 silly fetch manifest statuses@^2.0.1
1641 silly packumentCache full:https://registry.npmjs.org/statuses cache-miss
1642 http cache https://registry.npmjs.org/depd 36ms (cache hit)
1643 silly packumentCache full:https://registry.npmjs.org/depd set size:40182 disposed:false
1644 silly fetch manifest encodeurl@^2.0.0
1645 silly packumentCache full:https://registry.npmjs.org/encodeurl cache-miss
1646 http cache https://registry.npmjs.org/vary 39ms (cache hit)
1647 silly packumentCache full:https://registry.npmjs.org/vary set size:16018 disposed:false
1648 silly fetch manifest mime-types@^3.0.0
1649 silly packumentCache full:https://registry.npmjs.org/mime-types cache-miss
1650 http cache https://registry.npmjs.org/which 40ms (cache hit)
1651 silly packumentCache full:https://registry.npmjs.org/which set size:67747 disposed:false
1652 silly fetch manifest proxy-addr@^2.0.7
1653 silly packumentCache full:https://registry.npmjs.org/proxy-addr cache-miss
1654 http cache https://registry.npmjs.org/path-key 41ms (cache hit)
1655 silly packumentCache full:https://registry.npmjs.org/path-key set size:16975 disposed:false
1656 silly fetch manifest body-parser@^2.2.1
1657 silly packumentCache full:https://registry.npmjs.org/body-parser cache-miss
1658 http cache https://registry.npmjs.org/qs 43ms (cache hit)
1659 silly packumentCache full:https://registry.npmjs.org/qs set size:353582 disposed:false
1660 silly fetch manifest escape-html@^1.0.3
1661 silly packumentCache full:https://registry.npmjs.org/escape-html cache-miss
1662 http cache https://registry.npmjs.org/send 46ms (cache hit)
1663 silly packumentCache full:https://registry.npmjs.org/send set size:152810 disposed:false
1664 silly fetch manifest http-errors@^2.0.0
1665 silly packumentCache full:https://registry.npmjs.org/http-errors cache-miss
1666 http cache https://registry.npmjs.org/etag 49ms (cache hit)
1667 silly packumentCache full:https://registry.npmjs.org/etag set size:30032 disposed:false
1668 silly fetch manifest on-finished@^2.4.1
1669 silly packumentCache full:https://registry.npmjs.org/on-finished cache-miss
1670 http cache https://registry.npmjs.org/vary 49ms (cache hit)
1671 silly packumentCache full:https://registry.npmjs.org/vary set size:16018 disposed:false
1672 silly packumentCache full:https://registry.npmjs.org/vary dispose
1673 silly fetch manifest finalhandler@^2.1.0
1674 silly packumentCache full:https://registry.npmjs.org/finalhandler cache-miss
1675 http cache https://registry.npmjs.org/fresh 49ms (cache hit)
1676 silly packumentCache full:https://registry.npmjs.org/fresh set size:25427 disposed:false
1677 silly fetch manifest range-parser@^1.2.1
1678 silly packumentCache full:https://registry.npmjs.org/range-parser cache-miss
1679 http cache https://registry.npmjs.org/cookie 51ms (cache hit)
1680 silly packumentCache full:https://registry.npmjs.org/cookie set size:72891 disposed:false
1681 silly fetch manifest serve-static@^2.2.0
1682 silly packumentCache full:https://registry.npmjs.org/serve-static cache-miss
1683 http cache https://registry.npmjs.org/accepts 51ms (cache hit)
1684 silly packumentCache full:https://registry.npmjs.org/accepts set size:77054 disposed:false
1685 silly fetch manifest cookie-signature@^1.2.1
1686 silly packumentCache full:https://registry.npmjs.org/cookie-signature cache-miss
1687 http cache https://registry.npmjs.org/router 56ms (cache hit)
1688 silly packumentCache full:https://registry.npmjs.org/router set size:116499 disposed:false
1689 silly fetch manifest merge-descriptors@^2.0.0
1690 silly packumentCache full:https://registry.npmjs.org/merge-descriptors cache-miss
1691 http cache https://registry.npmjs.org/parseurl 38ms (cache hit)
1692 silly packumentCache full:https://registry.npmjs.org/parseurl set size:24148 disposed:false
1693 silly fetch manifest content-disposition@^1.0.0
1694 silly packumentCache full:https://registry.npmjs.org/content-disposition cache-miss
1695 http cache https://registry.npmjs.org/type-is 42ms (cache hit)
1696 silly packumentCache full:https://registry.npmjs.org/type-is set size:86196 disposed:false
1697 silly fetch manifest ip-address@10.1.0
1698 silly packumentCache full:https://registry.npmjs.org/ip-address cache-miss
1699 http cache https://registry.npmjs.org/encodeurl 41ms (cache hit)
1700 silly packumentCache full:https://registry.npmjs.org/encodeurl set size:12296 disposed:false
1701 silly fetch manifest bytes@~3.1.2
1702 silly packumentCache full:https://registry.npmjs.org/bytes cache-miss
1703 http cache https://registry.npmjs.org/mime-types 41ms (cache hit)
1704 silly packumentCache full:https://registry.npmjs.org/mime-types set size:139110 disposed:false
1705 silly fetch manifest unpipe@~1.0.0
1706 silly packumentCache full:https://registry.npmjs.org/unpipe cache-miss
1707 http cache https://registry.npmjs.org/statuses 45ms (cache hit)
1708 silly packumentCache full:https://registry.npmjs.org/statuses set size:37117 disposed:false
1709 silly fetch manifest http-errors@~2.0.1
1710 silly packumentCache full:https://registry.npmjs.org/http-errors cache-miss
1711 http cache https://registry.npmjs.org/proxy-addr 43ms (cache hit)
1712 silly packumentCache full:https://registry.npmjs.org/proxy-addr set size:61619 disposed:false
1713 http cache https://registry.npmjs.org/escape-html 37ms (cache hit)
1714 silly packumentCache full:https://registry.npmjs.org/escape-html set size:7345 disposed:false
1715 http cache https://registry.npmjs.org/body-parser 43ms (cache hit)
1716 silly packumentCache full:https://registry.npmjs.org/body-parser set size:216830 disposed:false
1717 http cache https://registry.npmjs.org/http-errors 37ms (cache hit)
1718 silly packumentCache full:https://registry.npmjs.org/http-errors set size:71987 disposed:false
1719 http cache https://registry.npmjs.org/finalhandler 36ms (cache hit)
1720 silly packumentCache full:https://registry.npmjs.org/finalhandler set size:79291 disposed:false
1721 http cache https://registry.npmjs.org/on-finished 38ms (cache hit)
1722 silly packumentCache full:https://registry.npmjs.org/on-finished set size:23212 disposed:false
1723 http cache https://registry.npmjs.org/range-parser 36ms (cache hit)
1724 silly packumentCache full:https://registry.npmjs.org/range-parser set size:22228 disposed:false
1725 http cache https://registry.npmjs.org/serve-static 35ms (cache hit)
1726 silly packumentCache full:https://registry.npmjs.org/serve-static set size:150391 disposed:false
1727 http cache https://registry.npmjs.org/cookie-signature 35ms (cache hit)
1728 silly packumentCache full:https://registry.npmjs.org/cookie-signature set size:21777 disposed:false
1729 http cache https://registry.npmjs.org/merge-descriptors 33ms (cache hit)
1730 silly packumentCache full:https://registry.npmjs.org/merge-descriptors set size:16527 disposed:false
1731 http cache https://registry.npmjs.org/content-disposition 23ms (cache hit)
1732 silly packumentCache full:https://registry.npmjs.org/content-disposition set size:36665 disposed:false
1733 http cache https://registry.npmjs.org/ip-address 24ms (cache hit)
1734 silly packumentCache full:https://registry.npmjs.org/ip-address set size:135050 disposed:false
1735 http cache https://registry.npmjs.org/bytes 23ms (cache hit)
1736 silly packumentCache full:https://registry.npmjs.org/bytes set size:37018 disposed:false
1737 http cache https://registry.npmjs.org/unpipe 23ms (cache hit)
1738 silly packumentCache full:https://registry.npmjs.org/unpipe set size:3609 disposed:false
1739 http cache https://registry.npmjs.org/http-errors 23ms (cache hit)
1740 silly packumentCache full:https://registry.npmjs.org/http-errors set size:71987 disposed:false
1741 silly packumentCache full:https://registry.npmjs.org/http-errors dispose
1742 silly placeDep ROOT fast-deep-equal@3.1.3 OK for: ajv@8.18.0 want: ^3.1.3
1743 silly placeDep ROOT fast-uri@3.1.0 OK for: ajv@8.18.0 want: ^3.0.1
1744 silly placeDep ROOT json-schema-traverse@1.0.0 OK for: ajv@8.18.0 want: ^1.0.0
1745 silly placeDep ROOT require-from-string@2.0.2 OK for: ajv@8.18.0 want: ^2.0.2
1746 silly placeDep ROOT @algolia/abtesting@1.14.1 OK for: algoliasearch@5.48.1 want: 1.14.1
1747 silly placeDep ROOT @algolia/client-abtesting@5.48.1 OK for: algoliasearch@5.48.1 want: 5.48.1
1748 silly placeDep ROOT @algolia/client-analytics@5.48.1 OK for: algoliasearch@5.48.1 want: 5.48.1
1749 silly placeDep ROOT @algolia/client-common@5.48.1 OK for: algoliasearch@5.48.1 want: 5.48.1
1750 silly placeDep ROOT @algolia/client-insights@5.48.1 OK for: algoliasearch@5.48.1 want: 5.48.1
1751 silly placeDep ROOT @algolia/client-personalization@5.48.1 OK for: algoliasearch@5.48.1 want: 5.48.1
1752 silly placeDep ROOT @algolia/client-query-suggestions@5.48.1 OK for: algoliasearch@5.48.1 want: 5.48.1
1753 silly placeDep ROOT @algolia/client-search@5.48.1 OK for: algoliasearch@5.48.1 want: 5.48.1
1754 silly placeDep ROOT @algolia/ingestion@1.48.1 OK for: algoliasearch@5.48.1 want: 1.48.1
1755 silly placeDep ROOT @algolia/monitoring@1.48.1 OK for: algoliasearch@5.48.1 want: 1.48.1
1756 silly placeDep ROOT @algolia/recommend@5.48.1 OK for: algoliasearch@5.48.1 want: 5.48.1
1757 silly placeDep ROOT @algolia/requester-browser-xhr@5.48.1 OK for: algoliasearch@5.48.1 want: 5.48.1
1758 silly placeDep ROOT @algolia/requester-fetch@5.48.1 OK for: algoliasearch@5.48.1 want: 5.48.1
1759 silly placeDep ROOT @algolia/requester-node-http@5.48.1 OK for: algoliasearch@5.48.1 want: 5.48.1
1760 silly placeDep ROOT css-select@6.0.0 OK for: beasties@0.4.1 want: ^6.0.0
1761 silly placeDep ROOT css-what@7.0.0 OK for: beasties@0.4.1 want: ^7.0.0
1762 silly placeDep ROOT dom-serializer@2.0.0 OK for: beasties@0.4.1 want: ^2.0.0
1763 silly placeDep ROOT domhandler@5.0.3 OK for: beasties@0.4.1 want: ^5.0.3
1764 silly placeDep ROOT htmlparser2@10.1.0 OK for: beasties@0.4.1 want: ^10.0.0
1765 silly placeDep ROOT postcss@8.5.10 OK for: beasties@0.4.1 want: ^8.4.49
1766 silly placeDep ROOT postcss-media-query-parser@0.2.3 OK for: beasties@0.4.1 want: ^0.2.3
1767 silly placeDep ROOT postcss-safe-parser@7.0.1 OK for: beasties@0.4.1 want: ^7.0.1
1768 silly fetch manifest boolbase@^1.0.0
1769 silly packumentCache full:https://registry.npmjs.org/boolbase cache-miss
1770 silly fetch manifest domutils@^3.2.2
1771 silly packumentCache full:https://registry.npmjs.org/domutils cache-miss
1772 silly fetch manifest nth-check@^2.1.1
1773 silly packumentCache full:https://registry.npmjs.org/nth-check cache-miss
1774 silly fetch manifest entities@^4.2.0
1775 silly packumentCache full:https://registry.npmjs.org/entities cache-hit
1776 silly fetch manifest domhandler@^5.0.2
1777 silly packumentCache full:https://registry.npmjs.org/domhandler cache-miss
1778 silly fetch manifest domelementtype@^2.3.0
1779 silly packumentCache full:https://registry.npmjs.org/domelementtype cache-miss
1780 silly fetch manifest domelementtype@^2.3.0
1781 silly packumentCache full:https://registry.npmjs.org/domelementtype cache-miss
1782 silly fetch manifest domutils@^3.2.2
1783 silly packumentCache full:https://registry.npmjs.org/domutils cache-miss
1784 silly fetch manifest entities@^7.0.1
1785 silly packumentCache full:https://registry.npmjs.org/entities cache-hit
1786 silly fetch manifest domelementtype@^2.3.0
1787 silly packumentCache full:https://registry.npmjs.org/domelementtype cache-miss
1788 silly fetch manifest nanoid@^3.3.11
1789 silly packumentCache full:https://registry.npmjs.org/nanoid cache-miss
1790 silly fetch manifest source-map-js@^1.2.1
1791 silly packumentCache full:https://registry.npmjs.org/source-map-js cache-miss
1792 http cache https://registry.npmjs.org/domhandler 11ms (cache hit)
1793 silly packumentCache full:https://registry.npmjs.org/domhandler set size:78187 disposed:false
1794 http cache https://registry.npmjs.org/source-map-js 11ms (cache hit)
1795 silly packumentCache full:https://registry.npmjs.org/source-map-js set size:62640 disposed:false
1796 http fetch GET 200 https://registry.npmjs.org/domelementtype 40ms (cache miss)
1797 silly packumentCache full:https://registry.npmjs.org/domelementtype set size:undefined disposed:false
1798 http fetch GET 200 https://registry.npmjs.org/domutils 44ms (cache miss)
1799 silly packumentCache full:https://registry.npmjs.org/domutils set size:undefined disposed:false
1800 http fetch GET 200 https://registry.npmjs.org/domelementtype 48ms (cache miss)
1801 silly packumentCache full:https://registry.npmjs.org/domelementtype set size:undefined disposed:false
1802 http fetch GET 200 https://registry.npmjs.org/domelementtype 48ms (cache miss)
1803 silly packumentCache full:https://registry.npmjs.org/domelementtype set size:undefined disposed:false
1804 http fetch GET 200 https://registry.npmjs.org/nth-check 55ms (cache miss)
1805 silly packumentCache full:https://registry.npmjs.org/nth-check set size:undefined disposed:false
1806 http fetch GET 200 https://registry.npmjs.org/domutils 55ms (cache miss)
1807 silly packumentCache full:https://registry.npmjs.org/domutils set size:undefined disposed:false
1808 http fetch GET 200 https://registry.npmjs.org/boolbase 59ms (cache miss)
1809 silly packumentCache full:https://registry.npmjs.org/boolbase set size:undefined disposed:false
1810 http fetch GET 200 https://registry.npmjs.org/nanoid 58ms (cache miss)
1811 silly packumentCache full:https://registry.npmjs.org/nanoid set size:undefined disposed:false
1812 silly fetch manifest browserslist@>= 4.21.0
1813 silly packumentCache full:https://registry.npmjs.org/browserslist cache-miss
1814 http cache https://registry.npmjs.org/browserslist 4ms (cache hit)
1815 silly packumentCache full:https://registry.npmjs.org/browserslist set size:504681 disposed:false
1816 silly placeDep ROOT baseline-browser-mapping@2.10.19 OK for: browserslist@4.28.2 want: ^2.10.12
1817 silly placeDep ROOT caniuse-lite@1.0.30001788 OK for: browserslist@4.28.2 want: ^1.0.30001782
1818 silly placeDep ROOT electron-to-chromium@1.5.339 OK for: browserslist@4.28.2 want: ^1.5.328
1819 silly placeDep ROOT node-releases@2.0.37 OK for: browserslist@4.28.2 want: ^2.0.36
1820 silly placeDep ROOT update-browserslist-db@1.2.3 OK for: browserslist@4.28.2 want: ^1.2.3
1821 silly fetch manifest escalade@^3.2.0
1822 silly packumentCache full:https://registry.npmjs.org/escalade cache-hit
1823 silly placeDep ROOT readdirp@5.0.0 OK for: chokidar@5.0.0 want: ^5.0.0
1824 silly placeDep ROOT object-assign@4.1.1 OK for: cors@2.8.6 want: ^4
1825 silly placeDep ROOT vary@1.1.2 OK for: cors@2.8.6 want: ^1
1826 silly placeDep ROOT path-key@3.1.1 OK for: cross-spawn@7.0.6 want: ^3.1.0
1827 silly placeDep ROOT shebang-command@2.0.0 OK for: cross-spawn@7.0.6 want: ^2.0.0
1828 silly placeDep ROOT which@2.0.2 OK for: cross-spawn@7.0.6 want: ^2.0.1
1829 silly fetch manifest shebang-regex@^3.0.0
1830 silly packumentCache full:https://registry.npmjs.org/shebang-regex cache-miss
1831 silly fetch manifest isexe@^2.0.0
1832 silly packumentCache full:https://registry.npmjs.org/isexe cache-miss
1833 http cache https://registry.npmjs.org/isexe 5ms (cache hit)
1834 silly packumentCache full:https://registry.npmjs.org/isexe set size:31756 disposed:false
1835 http cache https://registry.npmjs.org/shebang-regex 6ms (cache hit)
1836 silly packumentCache full:https://registry.npmjs.org/shebang-regex set size:9763 disposed:false
1837 silly placeDep ROOT boolbase@1.0.0 OK for: css-select@6.0.0 want: ^1.0.0
1838 silly placeDep ROOT domutils@3.2.2 OK for: css-select@6.0.0 want: ^3.2.2
1839 silly placeDep ROOT nth-check@2.1.1 OK for: css-select@6.0.0 want: ^2.1.1
1840 silly placeDep ROOT ms@2.1.3 OK for: debug@4.4.3 want: ^2.1.3
1841 silly placeDep ROOT domelementtype@2.3.0 OK for: dom-serializer@2.0.0 want: ^2.3.0
1842 silly placeDep ROOT entities@4.5.0 OK for: dom-serializer@2.0.0 want: ^4.2.0
1843 silly placeDep ROOT @esbuild/aix-ppc64@0.27.3 OK for: esbuild@0.27.3 want: 0.27.3
1844 silly placeDep ROOT @esbuild/android-arm@0.27.3 OK for: esbuild@0.27.3 want: 0.27.3
1845 silly placeDep ROOT @esbuild/android-arm64@0.27.3 OK for: esbuild@0.27.3 want: 0.27.3
1846 silly placeDep ROOT @esbuild/android-x64@0.27.3 OK for: esbuild@0.27.3 want: 0.27.3
1847 silly placeDep ROOT @esbuild/darwin-arm64@0.27.3 OK for: esbuild@0.27.3 want: 0.27.3
1848 silly placeDep ROOT @esbuild/darwin-x64@0.27.3 OK for: esbuild@0.27.3 want: 0.27.3
1849 silly placeDep ROOT @esbuild/freebsd-arm64@0.27.3 OK for: esbuild@0.27.3 want: 0.27.3
1850 silly placeDep ROOT @esbuild/freebsd-x64@0.27.3 OK for: esbuild@0.27.3 want: 0.27.3
1851 silly placeDep ROOT @esbuild/linux-arm@0.27.3 OK for: esbuild@0.27.3 want: 0.27.3
1852 silly placeDep ROOT @esbuild/linux-arm64@0.27.3 OK for: esbuild@0.27.3 want: 0.27.3
1853 silly placeDep ROOT @esbuild/linux-ia32@0.27.3 OK for: esbuild@0.27.3 want: 0.27.3
1854 silly placeDep ROOT @esbuild/linux-loong64@0.27.3 OK for: esbuild@0.27.3 want: 0.27.3
1855 silly placeDep ROOT @esbuild/linux-mips64el@0.27.3 OK for: esbuild@0.27.3 want: 0.27.3
1856 silly placeDep ROOT @esbuild/linux-ppc64@0.27.3 OK for: esbuild@0.27.3 want: 0.27.3
1857 silly placeDep ROOT @esbuild/linux-riscv64@0.27.3 OK for: esbuild@0.27.3 want: 0.27.3
1858 silly placeDep ROOT @esbuild/linux-s390x@0.27.3 OK for: esbuild@0.27.3 want: 0.27.3
1859 silly placeDep ROOT @esbuild/linux-x64@0.27.3 OK for: esbuild@0.27.3 want: 0.27.3
1860 silly placeDep ROOT @esbuild/netbsd-arm64@0.27.3 OK for: esbuild@0.27.3 want: 0.27.3
1861 silly placeDep ROOT @esbuild/netbsd-x64@0.27.3 OK for: esbuild@0.27.3 want: 0.27.3
1862 silly placeDep ROOT @esbuild/openbsd-arm64@0.27.3 OK for: esbuild@0.27.3 want: 0.27.3
1863 silly placeDep ROOT @esbuild/openbsd-x64@0.27.3 OK for: esbuild@0.27.3 want: 0.27.3
1864 silly placeDep ROOT @esbuild/openharmony-arm64@0.27.3 OK for: esbuild@0.27.3 want: 0.27.3
1865 silly placeDep ROOT @esbuild/sunos-x64@0.27.3 OK for: esbuild@0.27.3 want: 0.27.3
1866 silly placeDep ROOT @esbuild/win32-arm64@0.27.3 OK for: esbuild@0.27.3 want: 0.27.3
1867 silly placeDep ROOT @esbuild/win32-ia32@0.27.3 OK for: esbuild@0.27.3 want: 0.27.3
1868 silly placeDep ROOT @esbuild/win32-x64@0.27.3 OK for: esbuild@0.27.3 want: 0.27.3
1869 silly placeDep ROOT accepts@2.0.0 OK for: express@5.2.1 want: ^2.0.0
1870 silly placeDep ROOT body-parser@2.2.2 OK for: express@5.2.1 want: ^2.2.1
1871 silly placeDep ROOT content-disposition@1.1.0 OK for: express@5.2.1 want: ^1.0.0
1872 silly placeDep ROOT cookie@0.7.2 OK for: express@5.2.1 want: ^0.7.1
1873 silly placeDep ROOT cookie-signature@1.2.2 OK for: express@5.2.1 want: ^1.2.1
1874 silly placeDep ROOT depd@2.0.0 OK for: express@5.2.1 want: ^2.0.0
1875 silly placeDep ROOT encodeurl@2.0.0 OK for: express@5.2.1 want: ^2.0.0
1876 silly placeDep ROOT escape-html@1.0.3 OK for: express@5.2.1 want: ^1.0.3
1877 silly placeDep ROOT etag@1.8.1 OK for: express@5.2.1 want: ^1.8.1
1878 silly placeDep ROOT finalhandler@2.1.1 OK for: express@5.2.1 want: ^2.1.0
1879 silly placeDep ROOT fresh@2.0.0 OK for: express@5.2.1 want: ^2.0.0
1880 silly placeDep ROOT http-errors@2.0.1 OK for: express@5.2.1 want: ^2.0.0
1881 silly placeDep ROOT merge-descriptors@2.0.0 OK for: express@5.2.1 want: ^2.0.0
1882 silly placeDep ROOT mime-types@3.0.2 OK for: express@5.2.1 want: ^3.0.0
1883 silly placeDep ROOT on-finished@2.4.1 OK for: express@5.2.1 want: ^2.4.1
1884 silly placeDep ROOT once@1.4.0 OK for: express@5.2.1 want: ^1.4.0
1885 silly placeDep ROOT parseurl@1.3.3 OK for: express@5.2.1 want: ^1.3.3
1886 silly placeDep ROOT proxy-addr@2.0.7 OK for: express@5.2.1 want: ^2.0.7
1887 silly placeDep ROOT qs@6.15.1 OK for: express@5.2.1 want: ^6.14.0
1888 silly placeDep ROOT range-parser@1.2.1 OK for: express@5.2.1 want: ^1.2.1
1889 silly placeDep ROOT router@2.2.0 OK for: express@5.2.1 want: ^2.2.0
1890 silly placeDep ROOT send@1.2.1 OK for: express@5.2.1 want: ^1.1.0
1891 silly placeDep ROOT serve-static@2.2.1 OK for: express@5.2.1 want: ^2.2.0
1892 silly placeDep ROOT statuses@2.0.2 OK for: express@5.2.1 want: ^2.0.1
1893 silly placeDep ROOT type-is@2.0.1 OK for: express@5.2.1 want: ^2.0.1
1894 silly fetch manifest negotiator@^1.0.0
1895 silly packumentCache full:https://registry.npmjs.org/negotiator cache-miss
1896 silly fetch manifest bytes@^3.1.2
1897 silly packumentCache full:https://registry.npmjs.org/bytes cache-hit
1898 silly fetch manifest qs@^6.14.1
1899 silly packumentCache full:https://registry.npmjs.org/qs cache-hit
1900 silly fetch manifest inherits@~2.0.4
1901 silly packumentCache full:https://registry.npmjs.org/inherits cache-miss
1902 silly fetch manifest setprototypeof@~1.2.0
1903 silly packumentCache full:https://registry.npmjs.org/setprototypeof cache-miss
1904 silly fetch manifest statuses@~2.0.2
1905 silly packumentCache full:https://registry.npmjs.org/statuses cache-hit
1906 silly fetch manifest toidentifier@~1.0.1
1907 silly packumentCache full:https://registry.npmjs.org/toidentifier cache-miss
1908 silly fetch manifest mime-db@^1.54.0
1909 silly packumentCache full:https://registry.npmjs.org/mime-db cache-miss
1910 silly fetch manifest ee-first@1.1.1
1911 silly packumentCache full:https://registry.npmjs.org/ee-first cache-miss
1912 silly fetch manifest wrappy@1
1913 silly packumentCache full:https://registry.npmjs.org/wrappy cache-miss
1914 silly fetch manifest forwarded@0.2.0
1915 silly packumentCache full:https://registry.npmjs.org/forwarded cache-miss
1916 silly fetch manifest ipaddr.js@1.9.1
1917 silly packumentCache full:https://registry.npmjs.org/ipaddr.js cache-miss
1918 silly fetch manifest side-channel@^1.1.0
1919 silly packumentCache full:https://registry.npmjs.org/side-channel cache-miss
1920 silly fetch manifest is-promise@^4.0.0
1921 silly packumentCache full:https://registry.npmjs.org/is-promise cache-miss
1922 silly fetch manifest path-to-regexp@^8.0.0
1923 silly packumentCache full:https://registry.npmjs.org/path-to-regexp cache-miss
1924 silly fetch manifest statuses@^2.0.2
1925 silly packumentCache full:https://registry.npmjs.org/statuses cache-hit
1926 silly fetch manifest media-typer@^1.1.0
1927 silly packumentCache full:https://registry.npmjs.org/media-typer cache-miss
1928 http cache https://registry.npmjs.org/negotiator 22ms (cache hit)
1929 silly packumentCache full:https://registry.npmjs.org/negotiator set size:48046 disposed:false
1930 http cache https://registry.npmjs.org/inherits 22ms (cache hit)
1931 silly packumentCache full:https://registry.npmjs.org/inherits set size:12925 disposed:false
1932 http cache https://registry.npmjs.org/setprototypeof 23ms (cache hit)
1933 silly packumentCache full:https://registry.npmjs.org/setprototypeof set size:14532 disposed:false
1934 http cache https://registry.npmjs.org/mime-db 23ms (cache hit)
1935 silly packumentCache full:https://registry.npmjs.org/mime-db set size:164953 disposed:false
1936 http cache https://registry.npmjs.org/ee-first 23ms (cache hit)
1937 silly packumentCache full:https://registry.npmjs.org/ee-first set size:15327 disposed:false
1938 http cache https://registry.npmjs.org/toidentifier 25ms (cache hit)
1939 silly packumentCache full:https://registry.npmjs.org/toidentifier set size:12006 disposed:false
1940 http cache https://registry.npmjs.org/forwarded 23ms (cache hit)
1941 silly packumentCache full:https://registry.npmjs.org/forwarded set size:11229 disposed:false
1942 http cache https://registry.npmjs.org/wrappy 24ms (cache hit)
1943 silly packumentCache full:https://registry.npmjs.org/wrappy set size:7682 disposed:false
1944 http cache https://registry.npmjs.org/is-promise 24ms (cache hit)
1945 silly packumentCache full:https://registry.npmjs.org/is-promise set size:18599 disposed:false
1946 http cache https://registry.npmjs.org/ipaddr.js 26ms (cache hit)
1947 silly packumentCache full:https://registry.npmjs.org/ipaddr.js set size:67857 disposed:false
1948 http cache https://registry.npmjs.org/side-channel 26ms (cache hit)
1949 silly packumentCache full:https://registry.npmjs.org/side-channel set size:24660 disposed:false
1950 http cache https://registry.npmjs.org/media-typer 25ms (cache hit)
1951 silly packumentCache full:https://registry.npmjs.org/media-typer set size:20873 disposed:false
1952 http cache https://registry.npmjs.org/path-to-regexp 27ms (cache hit)
1953 silly packumentCache full:https://registry.npmjs.org/path-to-regexp set size:216334 disposed:false
1954 silly placeDep ROOT negotiator@1.0.0 OK for: accepts@2.0.0 want: ^1.0.0
1955 silly placeDep ROOT bytes@3.1.2 OK for: body-parser@2.2.2 want: ^3.1.2
1956 silly placeDep ROOT ip-address@10.1.0 OK for: express-rate-limit@8.3.2 want: 10.1.0
1957 silly placeDep node_modules/htmlparser2 entities@7.0.1 OK for: htmlparser2@10.1.0 want: ^7.0.1
1958 silly placeDep ROOT inherits@2.0.4 OK for: http-errors@2.0.1 want: ~2.0.4
1959 silly placeDep ROOT setprototypeof@1.2.0 OK for: http-errors@2.0.1 want: ~1.2.0
1960 silly placeDep ROOT toidentifier@1.0.1 OK for: http-errors@2.0.1 want: ~1.0.1
1961 silly placeDep ROOT agent-base@7.1.4 OK for: https-proxy-agent@7.0.6 want: ^7.1.2
1962 silly placeDep ROOT safer-buffer@2.1.2 OK for: iconv-lite@0.7.2 want: >= 2.1.2 < 3.0.0
1963 silly placeDep ROOT @istanbuljs/schema@0.1.6 OK for: istanbul-lib-instrument@6.0.3 want: ^0.1.3
1964 silly placeDep ROOT istanbul-lib-coverage@3.2.2 OK for: istanbul-lib-instrument@6.0.3 want: ^3.2.0
1965 silly fetch manifest @noble/hashes@^1.8.0 || ^2.0.0
1966 silly packumentCache full:https://registry.npmjs.org/@noble%2fhashes cache-miss
1967 http fetch GET 200 https://registry.npmjs.org/@noble%2fhashes 57ms (cache miss)
1968 silly packumentCache full:https://registry.npmjs.org/@noble%2fhashes set size:undefined disposed:false
1969 silly placeDep ROOT @acemir/cssom@0.9.31 OK for: jsdom@28.1.0 want: ^0.9.31
1970 silly placeDep ROOT @asamuzakjp/dom-selector@6.8.1 OK for: jsdom@28.1.0 want: ^6.8.1
1971 silly placeDep ROOT @bramus/specificity@2.4.2 OK for: jsdom@28.1.0 want: ^2.4.2
1972 silly placeDep ROOT @exodus/bytes@1.15.0 OK for: jsdom@28.1.0 want: ^1.11.0
1973 silly placeDep ROOT cssstyle@6.2.0 OK for: jsdom@28.1.0 want: ^6.0.1
1974 silly placeDep ROOT data-urls@7.0.0 OK for: jsdom@28.1.0 want: ^7.0.0
1975 silly placeDep ROOT decimal.js@10.6.0 OK for: jsdom@28.1.0 want: ^10.6.0
1976 silly placeDep ROOT html-encoding-sniffer@6.0.0 OK for: jsdom@28.1.0 want: ^6.0.0
1977 silly placeDep ROOT http-proxy-agent@7.0.2 OK for: jsdom@28.1.0 want: ^7.0.2
1978 silly placeDep ROOT is-potential-custom-element-name@1.0.1 OK for: jsdom@28.1.0 want: ^1.0.1
1979 silly placeDep ROOT parse5@8.0.0 OK for: jsdom@28.1.0 want: ^8.0.0
1980 silly placeDep ROOT saxes@6.0.0 OK for: jsdom@28.1.0 want: ^6.0.0
1981 silly placeDep ROOT symbol-tree@3.2.4 OK for: jsdom@28.1.0 want: ^3.2.4
1982 silly placeDep ROOT tough-cookie@6.0.1 OK for: jsdom@28.1.0 want: ^6.0.0
1983 silly placeDep ROOT w3c-xmlserializer@5.0.0 OK for: jsdom@28.1.0 want: ^5.0.0
1984 silly placeDep ROOT webidl-conversions@8.0.1 OK for: jsdom@28.1.0 want: ^8.0.1
1985 silly placeDep ROOT whatwg-mimetype@5.0.0 OK for: jsdom@28.1.0 want: ^5.0.0
1986 silly placeDep ROOT whatwg-url@16.0.1 OK for: jsdom@28.1.0 want: ^16.0.0
1987 silly placeDep ROOT xml-name-validator@5.0.0 OK for: jsdom@28.1.0 want: ^5.0.0
1988 silly fetch manifest bidi-js@^1.0.3
1989 silly packumentCache full:https://registry.npmjs.org/bidi-js cache-miss
1990 silly fetch manifest css-tree@^3.1.0
1991 silly packumentCache full:https://registry.npmjs.org/css-tree cache-miss
1992 silly fetch manifest lru-cache@^11.2.6
1993 silly packumentCache full:https://registry.npmjs.org/lru-cache cache-hit
1994 silly fetch manifest @asamuzakjp/nwsapi@^2.3.9
1995 silly packumentCache full:https://registry.npmjs.org/@asamuzakjp%2fnwsapi cache-miss
1996 silly fetch manifest css-tree@^3.0.0
1997 silly packumentCache full:https://registry.npmjs.org/css-tree cache-miss
1998 silly fetch manifest @asamuzakjp/css-color@^5.0.1
1999 silly packumentCache full:https://registry.npmjs.org/@asamuzakjp%2fcss-color cache-miss
2000 silly fetch manifest @csstools/css-syntax-patches-for-csstree@^1.0.28
2001 silly packumentCache full:https://registry.npmjs.org/@csstools%2fcss-syntax-patches-for-csstree cache-miss
2002 silly fetch manifest css-tree@^3.1.0
2003 silly packumentCache full:https://registry.npmjs.org/css-tree cache-miss
2004 silly fetch manifest lru-cache@^11.2.6
2005 silly packumentCache full:https://registry.npmjs.org/lru-cache cache-hit
2006 silly fetch manifest xmlchars@^2.2.0
2007 silly packumentCache full:https://registry.npmjs.org/xmlchars cache-miss
2008 silly fetch manifest tldts@^7.0.5
2009 silly packumentCache full:https://registry.npmjs.org/tldts cache-miss
2010 silly fetch manifest tr46@^6.0.0
2011 silly packumentCache full:https://registry.npmjs.org/tr46 cache-miss
2012 http fetch GET 200 https://registry.npmjs.org/bidi-js 39ms (cache miss)
2013 silly packumentCache full:https://registry.npmjs.org/bidi-js set size:undefined disposed:false
2014 http fetch GET 200 https://registry.npmjs.org/tr46 42ms (cache miss)
2015 silly packumentCache full:https://registry.npmjs.org/tr46 set size:undefined disposed:false
2016 http fetch GET 200 https://registry.npmjs.org/@asamuzakjp%2fcss-color 66ms (cache miss)
2017 silly packumentCache full:https://registry.npmjs.org/@asamuzakjp%2fcss-color set size:undefined disposed:false
2018 http fetch GET 200 https://registry.npmjs.org/tldts 93ms (cache miss)
2019 silly packumentCache full:https://registry.npmjs.org/tldts set size:undefined disposed:false
2020 http fetch GET 200 https://registry.npmjs.org/@csstools%2fcss-syntax-patches-for-csstree 201ms (cache miss)
2021 silly packumentCache full:https://registry.npmjs.org/@csstools%2fcss-syntax-patches-for-csstree set size:undefined disposed:false
2022 http fetch GET 200 https://registry.npmjs.org/css-tree 208ms (cache miss)
2023 silly packumentCache full:https://registry.npmjs.org/css-tree set size:undefined disposed:false
2024 http fetch GET 200 https://registry.npmjs.org/css-tree 214ms (cache miss)
2025 silly packumentCache full:https://registry.npmjs.org/css-tree set size:undefined disposed:false
2026 http fetch GET 200 https://registry.npmjs.org/css-tree 217ms (cache miss)
2027 silly packumentCache full:https://registry.npmjs.org/css-tree set size:undefined disposed:false
2028 http fetch GET 200 https://registry.npmjs.org/xmlchars 227ms (cache miss)
2029 silly packumentCache full:https://registry.npmjs.org/xmlchars set size:undefined disposed:false
2030 http fetch GET 200 https://registry.npmjs.org/@asamuzakjp%2fnwsapi 553ms (cache miss)
2031 silly packumentCache full:https://registry.npmjs.org/@asamuzakjp%2fnwsapi set size:undefined disposed:false
2032 silly placeDep ROOT @asamuzakjp/nwsapi@2.3.9 OK for: @asamuzakjp/dom-selector@6.8.1 want: ^2.3.9
2033 silly placeDep ROOT bidi-js@1.0.3 OK for: @asamuzakjp/dom-selector@6.8.1 want: ^1.0.3
2034 silly placeDep ROOT css-tree@3.2.1 OK for: @asamuzakjp/dom-selector@6.8.1 want: ^3.1.0
2035 silly placeDep node_modules/@asamuzakjp/dom-selector lru-cache@11.3.5 OK for: @asamuzakjp/dom-selector@6.8.1 want: ^11.2.6
2036 silly fetch manifest mdn-data@2.27.1
2037 silly packumentCache full:https://registry.npmjs.org/mdn-data cache-miss
2038 http fetch GET 200 https://registry.npmjs.org/mdn-data 45ms (cache miss)
2039 silly packumentCache full:https://registry.npmjs.org/mdn-data set size:undefined disposed:false
2040 silly placeDep ROOT mdn-data@2.27.1 OK for: css-tree@3.2.1 want: 2.27.1
2041 silly placeDep ROOT source-map-js@1.2.1 OK for: css-tree@3.2.1 want: ^1.2.1
2042 silly placeDep ROOT @asamuzakjp/css-color@5.1.11 OK for: cssstyle@6.2.0 want: ^5.0.1
2043 silly placeDep ROOT @csstools/css-syntax-patches-for-csstree@1.1.3 OK for: cssstyle@6.2.0 want: ^1.0.28
2044 silly placeDep node_modules/cssstyle lru-cache@11.3.5 OK for: cssstyle@6.2.0 want: ^11.2.6
2045 silly fetch manifest @asamuzakjp/generational-cache@^1.0.1
2046 silly packumentCache full:https://registry.npmjs.org/@asamuzakjp%2fgenerational-cache cache-miss
2047 silly fetch manifest @csstools/css-calc@^3.2.0
2048 silly packumentCache full:https://registry.npmjs.org/@csstools%2fcss-calc cache-miss
2049 silly fetch manifest @csstools/css-color-parser@^4.1.0
2050 silly packumentCache full:https://registry.npmjs.org/@csstools%2fcss-color-parser cache-miss
2051 silly fetch manifest @csstools/css-parser-algorithms@^4.0.0
2052 silly packumentCache full:https://registry.npmjs.org/@csstools%2fcss-parser-algorithms cache-miss
2053 silly fetch manifest @csstools/css-tokenizer@^4.0.0
2054 silly packumentCache full:https://registry.npmjs.org/@csstools%2fcss-tokenizer cache-miss
2055 http fetch GET 200 https://registry.npmjs.org/@csstools%2fcss-tokenizer 59ms (cache miss)
2056 silly packumentCache full:https://registry.npmjs.org/@csstools%2fcss-tokenizer set size:undefined disposed:false
2057 http fetch GET 200 https://registry.npmjs.org/@asamuzakjp%2fgenerational-cache 188ms (cache miss)
2058 silly packumentCache full:https://registry.npmjs.org/@asamuzakjp%2fgenerational-cache set size:undefined disposed:false
2059 http fetch GET 200 https://registry.npmjs.org/@csstools%2fcss-parser-algorithms 214ms (cache miss)
2060 silly packumentCache full:https://registry.npmjs.org/@csstools%2fcss-parser-algorithms set size:undefined disposed:false
2061 http fetch GET 200 https://registry.npmjs.org/@csstools%2fcss-calc 222ms (cache miss)
2062 silly packumentCache full:https://registry.npmjs.org/@csstools%2fcss-calc set size:undefined disposed:false
2063 http fetch GET 200 https://registry.npmjs.org/@csstools%2fcss-color-parser 609ms (cache miss)
2064 silly packumentCache full:https://registry.npmjs.org/@csstools%2fcss-color-parser set size:undefined disposed:false
2065 silly placeDep ROOT @asamuzakjp/generational-cache@1.0.1 OK for: @asamuzakjp/css-color@5.1.11 want: ^1.0.1
2066 silly placeDep ROOT @csstools/css-calc@3.2.0 OK for: @asamuzakjp/css-color@5.1.11 want: ^3.2.0
2067 silly placeDep ROOT @csstools/css-parser-algorithms@4.0.0 OK for: @csstools/css-calc@3.2.0 want: ^4.0.0
2068 silly placeDep ROOT @csstools/css-tokenizer@4.0.0 OK for: @csstools/css-parser-algorithms@4.0.0 want: ^4.0.0
2069 silly placeDep ROOT @csstools/css-color-parser@4.1.0 OK for: @asamuzakjp/css-color@5.1.11 want: ^4.1.0
2070 silly fetch manifest @csstools/color-helpers@^6.0.2
2071 silly packumentCache full:https://registry.npmjs.org/@csstools%2fcolor-helpers cache-miss
2072 http fetch GET 200 https://registry.npmjs.org/@csstools%2fcolor-helpers 941ms (cache miss)
2073 silly packumentCache full:https://registry.npmjs.org/@csstools%2fcolor-helpers set size:undefined disposed:false
2074 silly placeDep ROOT @csstools/color-helpers@6.0.2 OK for: @csstools/css-color-parser@4.1.0 want: ^6.0.2
2075 silly placeDep ROOT cli-truncate@5.2.0 OK for: listr2@9.0.5 want: ^5.0.0
2076 silly placeDep ROOT colorette@2.0.20 OK for: listr2@9.0.5 want: ^2.0.20
2077 silly placeDep ROOT eventemitter3@5.0.4 OK for: listr2@9.0.5 want: ^5.0.1
2078 silly placeDep ROOT log-update@6.1.0 OK for: listr2@9.0.5 want: ^6.1.0
2079 silly placeDep ROOT rfdc@1.4.1 OK for: listr2@9.0.5 want: ^1.4.1
2080 silly placeDep node_modules/listr2 wrap-ansi@9.0.2 OK for: listr2@9.0.5 want: ^9.0.0
2081 silly fetch manifest slice-ansi@^8.0.0
2082 silly packumentCache full:https://registry.npmjs.org/slice-ansi cache-miss
2083 silly fetch manifest string-width@^8.2.0
2084 silly packumentCache full:https://registry.npmjs.org/string-width cache-hit
2085 silly fetch manifest slice-ansi@^7.1.0
2086 silly packumentCache full:https://registry.npmjs.org/slice-ansi cache-miss
2087 silly fetch manifest strip-ansi@^7.1.0
2088 silly packumentCache full:https://registry.npmjs.org/strip-ansi cache-hit
2089 silly fetch manifest ansi-escapes@^7.0.0
2090 silly packumentCache full:https://registry.npmjs.org/ansi-escapes cache-miss
2091 silly fetch manifest strip-ansi@^7.1.0
2092 silly packumentCache full:https://registry.npmjs.org/strip-ansi cache-hit
2093 silly fetch manifest ansi-styles@^6.2.1
2094 silly packumentCache full:https://registry.npmjs.org/ansi-styles cache-hit
2095 silly fetch manifest string-width@^7.0.0
2096 silly packumentCache full:https://registry.npmjs.org/string-width cache-hit
2097 http cache https://registry.npmjs.org/slice-ansi 29ms (cache hit)
2098 silly packumentCache full:https://registry.npmjs.org/slice-ansi set size:36418 disposed:false
2099 http cache https://registry.npmjs.org/ansi-escapes 31ms (cache hit)
2100 silly packumentCache full:https://registry.npmjs.org/ansi-escapes set size:70915 disposed:false
2101 http cache https://registry.npmjs.org/slice-ansi 34ms (cache hit)
2102 silly packumentCache full:https://registry.npmjs.org/slice-ansi set size:36418 disposed:false
2103 silly packumentCache full:https://registry.npmjs.org/slice-ansi dispose
2104 silly placeDep ROOT slice-ansi@8.0.0 OK for: cli-truncate@5.2.0 want: ^8.0.0
2105 silly placeDep ROOT string-width@8.2.0 OK for: cli-truncate@5.2.0 want: ^8.2.0
2106 silly fetch manifest ansi-styles@^6.2.3
2107 silly packumentCache full:https://registry.npmjs.org/ansi-styles cache-hit
2108 silly fetch manifest is-fullwidth-code-point@^5.1.0
2109 silly packumentCache full:https://registry.npmjs.org/is-fullwidth-code-point cache-miss
2110 silly fetch manifest get-east-asian-width@^1.5.0
2111 silly packumentCache full:https://registry.npmjs.org/get-east-asian-width cache-miss
2112 silly fetch manifest strip-ansi@^7.1.2
2113 silly packumentCache full:https://registry.npmjs.org/strip-ansi cache-hit
2114 http cache https://registry.npmjs.org/is-fullwidth-code-point 7ms (cache hit)
2115 silly packumentCache full:https://registry.npmjs.org/is-fullwidth-code-point set size:14578 disposed:false
2116 http cache https://registry.npmjs.org/get-east-asian-width 7ms (cache hit)
2117 silly packumentCache full:https://registry.npmjs.org/get-east-asian-width set size:18337 disposed:false
2118 silly placeDep ROOT @harperfast/extended-iterable@1.0.3 OK for: lmdb@3.5.1 want: ^1.0.3
2119 silly placeDep ROOT @lmdb/lmdb-darwin-arm64@3.5.1 OK for: lmdb@3.5.1 want: 3.5.1
2120 silly placeDep ROOT @lmdb/lmdb-darwin-x64@3.5.1 OK for: lmdb@3.5.1 want: 3.5.1
2121 silly placeDep ROOT @lmdb/lmdb-linux-arm@3.5.1 OK for: lmdb@3.5.1 want: 3.5.1
2122 silly placeDep ROOT @lmdb/lmdb-linux-arm64@3.5.1 OK for: lmdb@3.5.1 want: 3.5.1
2123 silly placeDep ROOT @lmdb/lmdb-linux-x64@3.5.1 OK for: lmdb@3.5.1 want: 3.5.1
2124 silly placeDep ROOT @lmdb/lmdb-win32-arm64@3.5.1 OK for: lmdb@3.5.1 want: 3.5.1
2125 silly placeDep ROOT @lmdb/lmdb-win32-x64@3.5.1 OK for: lmdb@3.5.1 want: 3.5.1
2126 silly placeDep ROOT msgpackr@1.11.9 OK for: lmdb@3.5.1 want: ^1.11.2
2127 silly placeDep ROOT node-addon-api@6.1.0 OK for: lmdb@3.5.1 want: ^6.1.0
2128 silly placeDep ROOT node-gyp-build-optional-packages@5.2.2 OK for: lmdb@3.5.1 want: 5.2.2
2129 silly placeDep ROOT ordered-binary@1.6.1 OK for: lmdb@3.5.1 want: ^1.5.3
2130 silly placeDep ROOT weak-lru-cache@1.2.2 OK for: lmdb@3.5.1 want: ^1.2.2
2131 silly fetch manifest msgpackr-extract@^3.0.2
2132 silly packumentCache full:https://registry.npmjs.org/msgpackr-extract cache-miss
2133 silly fetch manifest detect-libc@^2.0.1
2134 silly packumentCache full:https://registry.npmjs.org/detect-libc cache-miss
2135 http fetch GET 200 https://registry.npmjs.org/detect-libc 40ms (cache miss)
2136 silly packumentCache full:https://registry.npmjs.org/detect-libc set size:undefined disposed:false
2137 http fetch GET 200 https://registry.npmjs.org/msgpackr-extract 57ms (cache miss)
2138 silly packumentCache full:https://registry.npmjs.org/msgpackr-extract set size:undefined disposed:false
2139 silly placeDep ROOT ansi-escapes@7.3.0 OK for: log-update@6.1.0 want: ^7.0.0
2140 silly placeDep ROOT cli-cursor@5.0.0 OK for: log-update@6.1.0 want: ^5.0.0
2141 silly placeDep node_modules/log-update slice-ansi@7.1.2 OK for: log-update@6.1.0 want: ^7.1.0
2142 silly placeDep ROOT strip-ansi@7.2.0 OK for: log-update@6.1.0 want: ^7.1.0
2143 silly placeDep node_modules/log-update wrap-ansi@9.0.2 OK for: log-update@6.1.0 want: ^9.0.0
2144 silly fetch manifest environment@^1.0.0
2145 silly packumentCache full:https://registry.npmjs.org/environment cache-miss
2146 silly fetch manifest restore-cursor@^5.0.0
2147 silly packumentCache full:https://registry.npmjs.org/restore-cursor cache-miss
2148 silly fetch manifest is-fullwidth-code-point@^5.0.0
2149 silly packumentCache full:https://registry.npmjs.org/is-fullwidth-code-point cache-hit
2150 silly fetch manifest ansi-regex@^6.2.2
2151 silly packumentCache full:https://registry.npmjs.org/ansi-regex cache-miss
2152 http cache https://registry.npmjs.org/environment 5ms (cache hit)
2153 silly packumentCache full:https://registry.npmjs.org/environment set size:13915 disposed:false
2154 http cache https://registry.npmjs.org/restore-cursor 6ms (cache hit)
2155 silly packumentCache full:https://registry.npmjs.org/restore-cursor set size:17895 disposed:false
2156 http cache https://registry.npmjs.org/ansi-regex 6ms (cache hit)
2157 silly packumentCache full:https://registry.npmjs.org/ansi-regex set size:43572 disposed:false
2158 silly placeDep ROOT environment@1.1.0 OK for: ansi-escapes@7.3.0 want: ^1.0.0
2159 silly placeDep ROOT restore-cursor@5.1.0 OK for: cli-cursor@5.0.0 want: ^5.0.0
2160 silly fetch manifest onetime@^7.0.0
2161 silly packumentCache full:https://registry.npmjs.org/onetime cache-miss
2162 http cache https://registry.npmjs.org/onetime 3ms (cache hit)
2163 silly packumentCache full:https://registry.npmjs.org/onetime set size:32314 disposed:false
2164 silly placeDep ROOT yallist@3.1.1 OK for: lru-cache@5.1.1 want: ^3.0.2
2165 silly placeDep ROOT mime-db@1.54.0 OK for: mime-types@3.0.2 want: ^1.54.0
2166 silly placeDep ROOT msgpackr-extract@3.0.3 OK for: msgpackr@1.11.9 want: ^3.0.2
2167 silly fetch manifest @msgpackr-extract/msgpackr-extract-darwin-arm64@3.0.3
2168 silly packumentCache full:https://registry.npmjs.org/@msgpackr-extract%2fmsgpackr-extract-darwin-arm64 cache-miss
2169 silly fetch manifest @msgpackr-extract/msgpackr-extract-darwin-x64@3.0.3
2170 silly packumentCache full:https://registry.npmjs.org/@msgpackr-extract%2fmsgpackr-extract-darwin-x64 cache-miss
2171 silly fetch manifest @msgpackr-extract/msgpackr-extract-linux-arm@3.0.3
2172 silly packumentCache full:https://registry.npmjs.org/@msgpackr-extract%2fmsgpackr-extract-linux-arm cache-miss
2173 silly fetch manifest @msgpackr-extract/msgpackr-extract-linux-arm64@3.0.3
2174 silly packumentCache full:https://registry.npmjs.org/@msgpackr-extract%2fmsgpackr-extract-linux-arm64 cache-miss
2175 silly fetch manifest @msgpackr-extract/msgpackr-extract-linux-x64@3.0.3
2176 silly packumentCache full:https://registry.npmjs.org/@msgpackr-extract%2fmsgpackr-extract-linux-x64 cache-miss
2177 silly fetch manifest @msgpackr-extract/msgpackr-extract-win32-x64@3.0.3
2178 silly packumentCache full:https://registry.npmjs.org/@msgpackr-extract%2fmsgpackr-extract-win32-x64 cache-miss
2179 http fetch GET 200 https://registry.npmjs.org/@msgpackr-extract%2fmsgpackr-extract-linux-arm 187ms (cache miss)
2180 silly packumentCache full:https://registry.npmjs.org/@msgpackr-extract%2fmsgpackr-extract-linux-arm set size:undefined disposed:false
2181 http fetch GET 200 https://registry.npmjs.org/@msgpackr-extract%2fmsgpackr-extract-darwin-arm64 222ms (cache miss)
2182 silly packumentCache full:https://registry.npmjs.org/@msgpackr-extract%2fmsgpackr-extract-darwin-arm64 set size:undefined disposed:false
2183 http fetch GET 200 https://registry.npmjs.org/@msgpackr-extract%2fmsgpackr-extract-linux-arm64 378ms (cache miss)
2184 silly packumentCache full:https://registry.npmjs.org/@msgpackr-extract%2fmsgpackr-extract-linux-arm64 set size:undefined disposed:false
2185 http fetch GET 200 https://registry.npmjs.org/@msgpackr-extract%2fmsgpackr-extract-darwin-x64 380ms (cache miss)
2186 silly packumentCache full:https://registry.npmjs.org/@msgpackr-extract%2fmsgpackr-extract-darwin-x64 set size:undefined disposed:false
2187 http fetch GET 200 https://registry.npmjs.org/@msgpackr-extract%2fmsgpackr-extract-linux-x64 415ms (cache miss)
2188 silly packumentCache full:https://registry.npmjs.org/@msgpackr-extract%2fmsgpackr-extract-linux-x64 set size:undefined disposed:false
2189 http fetch GET 200 https://registry.npmjs.org/@msgpackr-extract%2fmsgpackr-extract-win32-x64 558ms (cache miss)
2190 silly packumentCache full:https://registry.npmjs.org/@msgpackr-extract%2fmsgpackr-extract-win32-x64 set size:undefined disposed:false
2191 silly placeDep ROOT @msgpackr-extract/msgpackr-extract-darwin-arm64@3.0.3 OK for: msgpackr-extract@3.0.3 want: 3.0.3
2192 silly placeDep ROOT @msgpackr-extract/msgpackr-extract-darwin-x64@3.0.3 OK for: msgpackr-extract@3.0.3 want: 3.0.3
2193 silly placeDep ROOT @msgpackr-extract/msgpackr-extract-linux-arm@3.0.3 OK for: msgpackr-extract@3.0.3 want: 3.0.3
2194 silly placeDep ROOT @msgpackr-extract/msgpackr-extract-linux-arm64@3.0.3 OK for: msgpackr-extract@3.0.3 want: 3.0.3
2195 silly placeDep ROOT @msgpackr-extract/msgpackr-extract-linux-x64@3.0.3 OK for: msgpackr-extract@3.0.3 want: 3.0.3
2196 silly placeDep ROOT @msgpackr-extract/msgpackr-extract-win32-x64@3.0.3 OK for: msgpackr-extract@3.0.3 want: 3.0.3
2197 silly placeDep ROOT detect-libc@2.1.2 OK for: node-gyp-build-optional-packages@5.2.2 want: ^2.0.1
2198 silly placeDep ROOT hosted-git-info@9.0.2 OK for: npm-package-arg@13.0.2 want: ^9.0.0
2199 silly placeDep ROOT proc-log@6.1.0 OK for: npm-package-arg@13.0.2 want: ^6.0.0
2200 silly placeDep ROOT validate-npm-package-name@7.0.2 OK for: npm-package-arg@13.0.2 want: ^7.0.0
2201 silly fetch manifest lru-cache@^11.1.0
2202 silly packumentCache full:https://registry.npmjs.org/lru-cache cache-hit
2203 silly placeDep node_modules/hosted-git-info lru-cache@11.3.5 OK for: hosted-git-info@9.0.2 want: ^11.1.0
2204 silly placeDep ROOT ee-first@1.1.1 OK for: on-finished@2.4.1 want: 1.1.1
2205 silly placeDep ROOT wrappy@1.0.2 OK for: once@1.4.0 want: 1
2206 silly placeDep ROOT chalk@5.6.2 OK for: ora@9.3.0 want: ^5.6.2
2207 silly placeDep ROOT cli-spinners@3.4.0 OK for: ora@9.3.0 want: ^3.2.0
2208 silly placeDep ROOT is-interactive@2.0.0 OK for: ora@9.3.0 want: ^2.0.0
2209 silly placeDep ROOT is-unicode-supported@2.1.0 OK for: ora@9.3.0 want: ^2.1.0
2210 silly placeDep ROOT log-symbols@7.0.1 OK for: ora@9.3.0 want: ^7.0.1
2211 silly placeDep ROOT stdin-discarder@0.3.2 OK for: ora@9.3.0 want: ^0.3.1
2212 silly fetch manifest yoctocolors@^2.1.1
2213 silly packumentCache full:https://registry.npmjs.org/yoctocolors cache-miss
2214 http cache https://registry.npmjs.org/yoctocolors 4ms (cache hit)
2215 silly packumentCache full:https://registry.npmjs.org/yoctocolors set size:25767 disposed:false
2216 silly placeDep ROOT yoctocolors@2.1.2 OK for: log-symbols@7.0.1 want: ^2.1.1
2217 silly placeDep ROOT @npmcli/git@7.0.2 OK for: pacote@21.3.1 want: ^7.0.0
2218 silly placeDep ROOT @npmcli/installed-package-contents@4.0.0 OK for: pacote@21.3.1 want: ^4.0.0
2219 silly placeDep ROOT @npmcli/package-json@7.0.5 OK for: pacote@21.3.1 want: ^7.0.0
2220 silly placeDep ROOT @npmcli/promise-spawn@9.0.1 OK for: pacote@21.3.1 want: ^9.0.0
2221 silly placeDep ROOT @npmcli/run-script@10.0.4 OK for: pacote@21.3.1 want: ^10.0.0
2222 silly placeDep ROOT cacache@20.0.4 OK for: pacote@21.3.1 want: ^20.0.0
2223 silly placeDep ROOT fs-minipass@3.0.3 OK for: pacote@21.3.1 want: ^3.0.0
2224 silly placeDep ROOT minipass@7.1.3 OK for: pacote@21.3.1 want: ^7.0.2
2225 silly placeDep ROOT npm-packlist@10.0.4 OK for: pacote@21.3.1 want: ^10.0.1
2226 silly placeDep ROOT npm-pick-manifest@11.0.3 OK for: pacote@21.3.1 want: ^11.0.1
2227 silly placeDep ROOT npm-registry-fetch@19.1.1 OK for: pacote@21.3.1 want: ^19.0.0
2228 silly placeDep ROOT promise-retry@2.0.1 OK for: pacote@21.3.1 want: ^2.0.1
2229 silly placeDep ROOT sigstore@4.1.0 OK for: pacote@21.3.1 want: ^4.0.0
2230 silly placeDep ROOT ssri@13.0.1 OK for: pacote@21.3.1 want: ^13.0.0
2231 silly placeDep ROOT tar@7.5.13 OK for: pacote@21.3.1 want: ^7.4.3
2232 silly fetch manifest which@^6.0.0
2233 silly packumentCache full:https://registry.npmjs.org/which cache-hit
2234 silly fetch manifest lru-cache@^11.2.1
2235 silly packumentCache full:https://registry.npmjs.org/lru-cache cache-hit
2236 silly fetch manifest @gar/promise-retry@^1.0.0
2237 silly packumentCache full:https://registry.npmjs.org/@gar%2fpromise-retry cache-miss
2238 silly fetch manifest npm-bundled@^5.0.0
2239 silly packumentCache full:https://registry.npmjs.org/npm-bundled cache-miss
2240 silly fetch manifest npm-normalize-package-bin@^5.0.0
2241 silly packumentCache full:https://registry.npmjs.org/npm-normalize-package-bin cache-miss
2242 silly fetch manifest glob@^13.0.0
2243 silly packumentCache full:https://registry.npmjs.org/glob cache-miss
2244 silly fetch manifest spdx-expression-parse@^4.0.0
2245 silly packumentCache full:https://registry.npmjs.org/spdx-expression-parse cache-miss
2246 silly fetch manifest json-parse-even-better-errors@^5.0.0
2247 silly packumentCache full:https://registry.npmjs.org/json-parse-even-better-errors cache-miss
2248 silly fetch manifest which@^6.0.0
2249 silly packumentCache full:https://registry.npmjs.org/which cache-hit
2250 silly fetch manifest node-gyp@^12.1.0
2251 silly packumentCache full:https://registry.npmjs.org/node-gyp cache-miss
2252 silly fetch manifest @npmcli/node-gyp@^5.0.0
2253 silly packumentCache full:https://registry.npmjs.org/@npmcli%2fnode-gyp cache-miss
2254 silly fetch manifest glob@^13.0.0
2255 silly packumentCache full:https://registry.npmjs.org/glob cache-miss
2256 silly fetch manifest p-map@^7.0.2
2257 silly packumentCache full:https://registry.npmjs.org/p-map cache-miss
2258 silly fetch manifest minipass@^7.0.3
2259 silly packumentCache full:https://registry.npmjs.org/minipass cache-hit
2260 silly fetch manifest @npmcli/fs@^5.0.0
2261 silly packumentCache full:https://registry.npmjs.org/@npmcli%2ffs cache-miss
2262 silly fetch manifest minipass-flush@^1.0.5
2263 silly packumentCache full:https://registry.npmjs.org/minipass-flush cache-miss
2264 silly fetch manifest minipass-collect@^2.0.1
2265 silly packumentCache full:https://registry.npmjs.org/minipass-collect cache-miss
2266 silly fetch manifest minipass-pipeline@^1.2.4
2267 silly packumentCache full:https://registry.npmjs.org/minipass-pipeline cache-miss
2268 silly fetch manifest ignore-walk@^8.0.0
2269 silly packumentCache full:https://registry.npmjs.org/ignore-walk cache-miss
2270 http cache https://registry.npmjs.org/@gar%2fpromise-retry 39ms (cache hit)
2271 silly packumentCache full:https://registry.npmjs.org/@gar%2fpromise-retry set size:11490 disposed:false
2272 silly fetch manifest npm-install-checks@^8.0.0
2273 silly packumentCache full:https://registry.npmjs.org/npm-install-checks cache-miss
2274 http cache https://registry.npmjs.org/json-parse-even-better-errors 41ms (cache hit)
2275 silly packumentCache full:https://registry.npmjs.org/json-parse-even-better-errors set size:34514 disposed:false
2276 silly fetch manifest npm-normalize-package-bin@^5.0.0
2277 silly packumentCache full:https://registry.npmjs.org/npm-normalize-package-bin cache-miss
2278 http cache https://registry.npmjs.org/glob 43ms (cache hit)
2279 silly packumentCache full:https://registry.npmjs.org/glob set size:469465 disposed:false
2280 silly fetch manifest minizlib@^3.0.1
2281 silly packumentCache full:https://registry.npmjs.org/minizlib cache-miss
2282 http cache https://registry.npmjs.org/npm-bundled 48ms (cache hit)
2283 silly packumentCache full:https://registry.npmjs.org/npm-bundled set size:41376 disposed:false
2284 silly fetch manifest jsonparse@^1.3.1
2285 silly packumentCache full:https://registry.npmjs.org/jsonparse cache-miss
2286 http cache https://registry.npmjs.org/npm-normalize-package-bin 49ms (cache hit)
2287 silly packumentCache full:https://registry.npmjs.org/npm-normalize-package-bin set size:21739 disposed:false
2288 silly fetch manifest @npmcli/redact@^4.0.0
2289 silly packumentCache full:https://registry.npmjs.org/@npmcli%2fredact cache-miss
2290 http cache https://registry.npmjs.org/spdx-expression-parse 50ms (cache hit)
2291 silly packumentCache full:https://registry.npmjs.org/spdx-expression-parse set size:29500 disposed:false
2292 silly fetch manifest minipass-fetch@^5.0.0
2293 silly packumentCache full:https://registry.npmjs.org/minipass-fetch cache-miss
2294 http cache https://registry.npmjs.org/@npmcli%2fnode-gyp 49ms (cache hit)
2295 silly packumentCache full:https://registry.npmjs.org/@npmcli%2fnode-gyp set size:21937 disposed:false
2296 silly fetch manifest make-fetch-happen@^15.0.0
2297 silly packumentCache full:https://registry.npmjs.org/make-fetch-happen cache-miss
2298 http cache https://registry.npmjs.org/p-map 49ms (cache hit)
2299 silly packumentCache full:https://registry.npmjs.org/p-map set size:52373 disposed:false
2300 silly fetch manifest err-code@^2.0.2
2301 silly packumentCache full:https://registry.npmjs.org/err-code cache-miss
2302 http cache https://registry.npmjs.org/node-gyp 54ms (cache hit)
2303 silly packumentCache full:https://registry.npmjs.org/node-gyp set size:315451 disposed:false
2304 silly fetch manifest retry@^0.12.0
2305 silly packumentCache full:https://registry.npmjs.org/retry cache-miss
2306 http cache https://registry.npmjs.org/@npmcli%2ffs 53ms (cache hit)
2307 silly packumentCache full:https://registry.npmjs.org/@npmcli%2ffs set size:40494 disposed:false
2308 silly fetch manifest @sigstore/bundle@^4.0.0
2309 silly packumentCache full:https://registry.npmjs.org/@sigstore%2fbundle cache-miss
2310 http cache https://registry.npmjs.org/glob 58ms (cache hit)
2311 silly packumentCache full:https://registry.npmjs.org/glob set size:469465 disposed:false
2312 silly packumentCache full:https://registry.npmjs.org/glob dispose
2313 silly fetch manifest @sigstore/core@^3.1.0
2314 silly packumentCache full:https://registry.npmjs.org/@sigstore%2fcore cache-miss
2315 http cache https://registry.npmjs.org/minipass-pipeline 57ms (cache hit)
2316 silly packumentCache full:https://registry.npmjs.org/minipass-pipeline set size:32257 disposed:false
2317 silly fetch manifest @sigstore/protobuf-specs@^0.5.0
2318 silly packumentCache full:https://registry.npmjs.org/@sigstore%2fprotobuf-specs cache-miss
2319 http cache https://registry.npmjs.org/minipass-collect 59ms (cache hit)
2320 silly packumentCache full:https://registry.npmjs.org/minipass-collect set size:12471 disposed:false
2321 silly fetch manifest @sigstore/sign@^4.1.0
2322 silly packumentCache full:https://registry.npmjs.org/@sigstore%2fsign cache-miss
2323 http cache https://registry.npmjs.org/ignore-walk 59ms (cache hit)
2324 silly packumentCache full:https://registry.npmjs.org/ignore-walk set size:68297 disposed:false
2325 silly fetch manifest @sigstore/tuf@^4.0.1
2326 silly packumentCache full:https://registry.npmjs.org/@sigstore%2ftuf cache-miss
2327 http cache https://registry.npmjs.org/minipass-flush 61ms (cache hit)
2328 silly packumentCache full:https://registry.npmjs.org/minipass-flush set size:21037 disposed:false
2329 silly fetch manifest @sigstore/verify@^3.1.0
2330 silly packumentCache full:https://registry.npmjs.org/@sigstore%2fverify cache-miss
2331 http cache https://registry.npmjs.org/npm-normalize-package-bin 40ms (cache hit)
2332 silly packumentCache full:https://registry.npmjs.org/npm-normalize-package-bin set size:21739 disposed:false
2333 silly packumentCache full:https://registry.npmjs.org/npm-normalize-package-bin dispose
2334 silly fetch manifest @isaacs/fs-minipass@^4.0.0
2335 silly packumentCache full:https://registry.npmjs.org/@isaacs%2ffs-minipass cache-miss
2336 http cache https://registry.npmjs.org/npm-install-checks 43ms (cache hit)
2337 silly packumentCache full:https://registry.npmjs.org/npm-install-checks set size:59253 disposed:false
2338 silly fetch manifest chownr@^3.0.0
2339 silly packumentCache full:https://registry.npmjs.org/chownr cache-miss
2340 http cache https://registry.npmjs.org/minizlib 38ms (cache hit)
2341 silly packumentCache full:https://registry.npmjs.org/minizlib set size:62862 disposed:false
2342 silly fetch manifest minizlib@^3.1.0
2343 silly packumentCache full:https://registry.npmjs.org/minizlib cache-hit
2344 silly fetch manifest yallist@^5.0.0
2345 silly packumentCache full:https://registry.npmjs.org/yallist cache-hit
2346 http cache https://registry.npmjs.org/minipass-fetch 35ms (cache hit)
2347 silly packumentCache full:https://registry.npmjs.org/minipass-fetch set size:106224 disposed:false
2348 http cache https://registry.npmjs.org/jsonparse 39ms (cache hit)
2349 silly packumentCache full:https://registry.npmjs.org/jsonparse set size:15932 disposed:false
2350 http cache https://registry.npmjs.org/err-code 34ms (cache hit)
2351 silly packumentCache full:https://registry.npmjs.org/err-code set size:29518 disposed:false
2352 http cache https://registry.npmjs.org/@npmcli%2fredact 39ms (cache hit)
2353 silly packumentCache full:https://registry.npmjs.org/@npmcli%2fredact set size:30493 disposed:false
2354 http cache https://registry.npmjs.org/retry 32ms (cache hit)
2355 silly packumentCache full:https://registry.npmjs.org/retry set size:31161 disposed:false
2356 http cache https://registry.npmjs.org/make-fetch-happen 39ms (cache hit)
2357 silly packumentCache full:https://registry.npmjs.org/make-fetch-happen set size:373687 disposed:false
2358 http cache https://registry.npmjs.org/@sigstore%2fbundle 34ms (cache hit)
2359 silly packumentCache full:https://registry.npmjs.org/@sigstore%2fbundle set size:23167 disposed:false
2360 http cache https://registry.npmjs.org/@sigstore%2fcore 32ms (cache hit)
2361 silly packumentCache full:https://registry.npmjs.org/@sigstore%2fcore set size:15387 disposed:false
2362 http cache https://registry.npmjs.org/@sigstore%2fprotobuf-specs 31ms (cache hit)
2363 silly packumentCache full:https://registry.npmjs.org/@sigstore%2fprotobuf-specs set size:27957 disposed:false
2364 http cache https://registry.npmjs.org/@sigstore%2ftuf 30ms (cache hit)
2365 silly packumentCache full:https://registry.npmjs.org/@sigstore%2ftuf set size:39378 disposed:false
2366 http cache https://registry.npmjs.org/@sigstore%2fsign 32ms (cache hit)
2367 silly packumentCache full:https://registry.npmjs.org/@sigstore%2fsign set size:39638 disposed:false
2368 http cache https://registry.npmjs.org/@sigstore%2fverify 30ms (cache hit)
2369 silly packumentCache full:https://registry.npmjs.org/@sigstore%2fverify set size:21996 disposed:false
2370 http cache https://registry.npmjs.org/chownr 17ms (cache hit)
2371 silly packumentCache full:https://registry.npmjs.org/chownr set size:22157 disposed:false
2372 http cache https://registry.npmjs.org/@isaacs%2ffs-minipass 19ms (cache hit)
2373 silly packumentCache full:https://registry.npmjs.org/@isaacs%2ffs-minipass set size:7912 disposed:false
2374 silly placeDep ROOT @gar/promise-retry@1.0.3 OK for: @npmcli/git@7.0.2 want: ^1.0.0
2375 silly placeDep node_modules/@npmcli/git lru-cache@11.3.5 OK for: @npmcli/git@7.0.2 want: ^11.2.1
2376 silly placeDep node_modules/@npmcli/git which@6.0.1 OK for: @npmcli/git@7.0.2 want: ^6.0.0
2377 silly fetch manifest isexe@^4.0.0
2378 silly packumentCache full:https://registry.npmjs.org/isexe cache-hit
2379 silly placeDep ROOT npm-bundled@5.0.0 OK for: @npmcli/installed-package-contents@4.0.0 want: ^5.0.0
2380 silly placeDep ROOT npm-normalize-package-bin@5.0.0 OK for: @npmcli/installed-package-contents@4.0.0 want: ^5.0.0
2381 silly placeDep ROOT glob@13.0.6 OK for: @npmcli/package-json@7.0.5 want: ^13.0.0
2382 silly placeDep ROOT json-parse-even-better-errors@5.0.0 OK for: @npmcli/package-json@7.0.5 want: ^5.0.0
2383 silly placeDep ROOT spdx-expression-parse@4.0.0 OK for: @npmcli/package-json@7.0.5 want: ^4.0.0
2384 silly fetch manifest minimatch@^10.2.2
2385 silly packumentCache full:https://registry.npmjs.org/minimatch cache-miss
2386 silly fetch manifest path-scurry@^2.0.2
2387 silly packumentCache full:https://registry.npmjs.org/path-scurry cache-miss
2388 silly fetch manifest spdx-exceptions@^2.1.0
2389 silly packumentCache full:https://registry.npmjs.org/spdx-exceptions cache-miss
2390 silly fetch manifest spdx-license-ids@^3.0.0
2391 silly packumentCache full:https://registry.npmjs.org/spdx-license-ids cache-miss
2392 http cache https://registry.npmjs.org/minimatch 7ms (cache hit)
2393 silly packumentCache full:https://registry.npmjs.org/minimatch set size:375282 disposed:false
2394 http cache https://registry.npmjs.org/path-scurry 10ms (cache hit)
2395 silly packumentCache full:https://registry.npmjs.org/path-scurry set size:117612 disposed:false
2396 http cache https://registry.npmjs.org/spdx-exceptions 11ms (cache hit)
2397 silly packumentCache full:https://registry.npmjs.org/spdx-exceptions set size:21227 disposed:false
2398 http cache https://registry.npmjs.org/spdx-license-ids 11ms (cache hit)
2399 silly packumentCache full:https://registry.npmjs.org/spdx-license-ids set size:81601 disposed:false
2400 silly placeDep node_modules/@npmcli/promise-spawn which@6.0.1 OK for: @npmcli/promise-spawn@9.0.1 want: ^6.0.0
2401 silly placeDep ROOT @npmcli/node-gyp@5.0.0 OK for: @npmcli/run-script@10.0.4 want: ^5.0.0
2402 silly placeDep ROOT node-gyp@12.2.0 OK for: @npmcli/run-script@10.0.4 want: ^12.1.0
2403 silly fetch manifest env-paths@^2.2.0
2404 silly packumentCache full:https://registry.npmjs.org/env-paths cache-miss
2405 silly fetch manifest exponential-backoff@^3.1.1
2406 silly packumentCache full:https://registry.npmjs.org/exponential-backoff cache-miss
2407 silly fetch manifest graceful-fs@^4.2.6
2408 silly packumentCache full:https://registry.npmjs.org/graceful-fs cache-hit
2409 silly fetch manifest nopt@^9.0.0
2410 silly packumentCache full:https://registry.npmjs.org/nopt cache-miss
2411 http cache https://registry.npmjs.org/env-paths 7ms (cache hit)
2412 silly packumentCache full:https://registry.npmjs.org/env-paths set size:26913 disposed:false
2413 http cache https://registry.npmjs.org/exponential-backoff 7ms (cache hit)
2414 silly packumentCache full:https://registry.npmjs.org/exponential-backoff set size:56105 disposed:false
2415 http cache https://registry.npmjs.org/nopt 8ms (cache hit)
2416 silly packumentCache full:https://registry.npmjs.org/nopt set size:71534 disposed:false
2417 silly placeDep ROOT @npmcli/fs@5.0.0 OK for: cacache@20.0.4 want: ^5.0.0
2418 silly placeDep node_modules/cacache lru-cache@11.3.5 OK for: cacache@20.0.4 want: ^11.1.0
2419 silly placeDep ROOT minipass-collect@2.0.1 OK for: cacache@20.0.4 want: ^2.0.1
2420 silly placeDep ROOT minipass-flush@1.0.7 OK for: cacache@20.0.4 want: ^1.0.5
2421 silly placeDep ROOT minipass-pipeline@1.2.4 OK for: cacache@20.0.4 want: ^1.2.4
2422 silly placeDep ROOT p-map@7.0.4 OK for: cacache@20.0.4 want: ^7.0.2
2423 silly fetch manifest minipass@^3.0.0
2424 silly packumentCache full:https://registry.npmjs.org/minipass cache-hit
2425 silly fetch manifest minipass@^3.0.0
2426 silly packumentCache full:https://registry.npmjs.org/minipass cache-hit
2427 silly placeDep ROOT minimatch@10.2.5 OK for: glob@13.0.6 want: ^10.2.2
2428 silly placeDep ROOT path-scurry@2.0.2 OK for: glob@13.0.6 want: ^2.0.2
2429 silly fetch manifest brace-expansion@^5.0.5
2430 silly packumentCache full:https://registry.npmjs.org/brace-expansion cache-miss
2431 silly fetch manifest lru-cache@^11.0.0
2432 silly packumentCache full:https://registry.npmjs.org/lru-cache cache-hit
2433 http cache https://registry.npmjs.org/brace-expansion 3ms (cache hit)
2434 silly packumentCache full:https://registry.npmjs.org/brace-expansion set size:65768 disposed:false
2435 silly placeDep ROOT brace-expansion@5.0.5 OK for: minimatch@10.2.5 want: ^5.0.5
2436 silly fetch manifest balanced-match@^4.0.2
2437 silly packumentCache full:https://registry.npmjs.org/balanced-match cache-miss
2438 http cache https://registry.npmjs.org/balanced-match 3ms (cache hit)
2439 silly packumentCache full:https://registry.npmjs.org/balanced-match set size:39082 disposed:false
2440 silly placeDep ROOT balanced-match@4.0.4 OK for: brace-expansion@5.0.5 want: ^4.0.2
2441 silly placeDep node_modules/minipass-flush minipass@3.3.6 OK for: minipass-flush@1.0.7 want: ^3.0.0
2442 silly fetch manifest yallist@^4.0.0
2443 silly packumentCache full:https://registry.npmjs.org/yallist cache-hit
2444 silly placeDep node_modules/minipass-pipeline minipass@3.3.6 OK for: minipass-pipeline@1.2.4 want: ^3.0.0
2445 silly placeDep ROOT env-paths@2.2.1 OK for: node-gyp@12.2.0 want: ^2.2.0
2446 silly placeDep ROOT exponential-backoff@3.1.3 OK for: node-gyp@12.2.0 want: ^3.1.1
2447 silly placeDep ROOT graceful-fs@4.2.11 OK for: node-gyp@12.2.0 want: ^4.2.6
2448 silly placeDep ROOT make-fetch-happen@15.0.5 OK for: node-gyp@12.2.0 want: ^15.0.0
2449 silly placeDep ROOT nopt@9.0.0 OK for: node-gyp@12.2.0 want: ^9.0.0
2450 silly placeDep node_modules/node-gyp which@6.0.1 OK for: node-gyp@12.2.0 want: ^6.0.0
2451 silly fetch manifest @npmcli/agent@^4.0.0
2452 silly packumentCache full:https://registry.npmjs.org/@npmcli%2fagent cache-miss
2453 silly fetch manifest http-cache-semantics@^4.1.1
2454 silly packumentCache full:https://registry.npmjs.org/http-cache-semantics cache-miss
2455 silly fetch manifest abbrev@^4.0.0
2456 silly packumentCache full:https://registry.npmjs.org/abbrev cache-miss
2457 http cache https://registry.npmjs.org/@npmcli%2fagent 7ms (cache hit)
2458 silly packumentCache full:https://registry.npmjs.org/@npmcli%2fagent set size:28377 disposed:false
2459 http cache https://registry.npmjs.org/http-cache-semantics 8ms (cache hit)
2460 silly packumentCache full:https://registry.npmjs.org/http-cache-semantics set size:66288 disposed:false
2461 http cache https://registry.npmjs.org/abbrev 10ms (cache hit)
2462 silly packumentCache full:https://registry.npmjs.org/abbrev set size:21720 disposed:false
2463 silly placeDep ROOT @npmcli/agent@4.0.0 OK for: make-fetch-happen@15.0.5 want: ^4.0.0
2464 silly placeDep ROOT @npmcli/redact@4.0.0 OK for: make-fetch-happen@15.0.5 want: ^4.0.0
2465 silly placeDep ROOT http-cache-semantics@4.2.0 OK for: make-fetch-happen@15.0.5 want: ^4.1.1
2466 silly placeDep ROOT minipass-fetch@5.0.2 OK for: make-fetch-happen@15.0.5 want: ^5.0.0
2467 silly fetch manifest socks-proxy-agent@^8.0.3
2468 silly packumentCache full:https://registry.npmjs.org/socks-proxy-agent cache-miss
2469 silly fetch manifest minipass-sized@^2.0.0
2470 silly packumentCache full:https://registry.npmjs.org/minipass-sized cache-miss
2471 http cache https://registry.npmjs.org/minipass-sized 4ms (cache hit)
2472 silly packumentCache full:https://registry.npmjs.org/minipass-sized set size:14420 disposed:false
2473 http cache https://registry.npmjs.org/socks-proxy-agent 5ms (cache hit)
2474 silly packumentCache full:https://registry.npmjs.org/socks-proxy-agent set size:104740 disposed:false
2475 silly placeDep node_modules/@npmcli/agent lru-cache@11.3.5 OK for: @npmcli/agent@4.0.0 want: ^11.2.1
2476 silly placeDep ROOT socks-proxy-agent@8.0.5 OK for: @npmcli/agent@4.0.0 want: ^8.0.3
2477 silly fetch manifest socks@^2.8.3
2478 silly packumentCache full:https://registry.npmjs.org/socks cache-miss
2479 http cache https://registry.npmjs.org/socks 3ms (cache hit)
2480 silly packumentCache full:https://registry.npmjs.org/socks set size:168523 disposed:false
2481 silly placeDep ROOT minipass-sized@2.0.0 OK for: minipass-fetch@5.0.2 want: ^2.0.0
2482 silly placeDep ROOT minizlib@3.1.0 OK for: minipass-fetch@5.0.2 want: ^3.0.1
2483 silly placeDep ROOT abbrev@4.0.0 OK for: nopt@9.0.0 want: ^4.0.0
2484 silly placeDep ROOT ignore-walk@8.0.0 OK for: npm-packlist@10.0.4 want: ^8.0.0
2485 silly placeDep ROOT npm-install-checks@8.0.0 OK for: npm-pick-manifest@11.0.3 want: ^8.0.0
2486 silly placeDep ROOT jsonparse@1.3.1 OK for: npm-registry-fetch@19.1.1 want: ^1.3.1
2487 silly placeDep node_modules/parse5 entities@6.0.1 OK for: parse5@8.0.0 want: ^6.0.0
2488 silly placeDep node_modules/parse5-html-rewriting-stream entities@6.0.1 OK for: parse5-html-rewriting-stream@8.0.0 want: ^6.0.0
2489 silly placeDep ROOT parse5-sax-parser@8.0.0 OK for: parse5-html-rewriting-stream@8.0.0 want: ^8.0.0
2490 silly placeDep node_modules/path-scurry lru-cache@11.3.5 OK for: path-scurry@2.0.2 want: ^11.0.0
2491 silly placeDep ROOT @napi-rs/nice@1.1.1 OK for: piscina@5.1.4 want: ^1.0.4
2492 silly fetch manifest @napi-rs/nice-darwin-x64@1.1.1
2493 silly packumentCache full:https://registry.npmjs.org/@napi-rs%2fnice-darwin-x64 cache-miss
2494 silly fetch manifest @napi-rs/nice-darwin-arm64@1.1.1
2495 silly packumentCache full:https://registry.npmjs.org/@napi-rs%2fnice-darwin-arm64 cache-miss
2496 silly fetch manifest @napi-rs/nice-linux-x64-gnu@1.1.1
2497 silly packumentCache full:https://registry.npmjs.org/@napi-rs%2fnice-linux-x64-gnu cache-miss
2498 silly fetch manifest @napi-rs/nice-win32-x64-msvc@1.1.1
2499 silly packumentCache full:https://registry.npmjs.org/@napi-rs%2fnice-win32-x64-msvc cache-miss
2500 silly fetch manifest @napi-rs/nice-linux-x64-musl@1.1.1
2501 silly packumentCache full:https://registry.npmjs.org/@napi-rs%2fnice-linux-x64-musl cache-miss
2502 silly fetch manifest @napi-rs/nice-linux-arm64-gnu@1.1.1
2503 silly packumentCache full:https://registry.npmjs.org/@napi-rs%2fnice-linux-arm64-gnu cache-miss
2504 silly fetch manifest @napi-rs/nice-win32-ia32-msvc@1.1.1
2505 silly packumentCache full:https://registry.npmjs.org/@napi-rs%2fnice-win32-ia32-msvc cache-miss
2506 silly fetch manifest @napi-rs/nice-linux-arm-gnueabihf@1.1.1
2507 silly packumentCache full:https://registry.npmjs.org/@napi-rs%2fnice-linux-arm-gnueabihf cache-miss
2508 silly fetch manifest @napi-rs/nice-android-arm64@1.1.1
2509 silly packumentCache full:https://registry.npmjs.org/@napi-rs%2fnice-android-arm64 cache-miss
2510 silly fetch manifest @napi-rs/nice-freebsd-x64@1.1.1
2511 silly packumentCache full:https://registry.npmjs.org/@napi-rs%2fnice-freebsd-x64 cache-miss
2512 silly fetch manifest @napi-rs/nice-linux-arm64-musl@1.1.1
2513 silly packumentCache full:https://registry.npmjs.org/@napi-rs%2fnice-linux-arm64-musl cache-miss
2514 silly fetch manifest @napi-rs/nice-android-arm-eabi@1.1.1
2515 silly packumentCache full:https://registry.npmjs.org/@napi-rs%2fnice-android-arm-eabi cache-miss
2516 silly fetch manifest @napi-rs/nice-win32-arm64-msvc@1.1.1
2517 silly packumentCache full:https://registry.npmjs.org/@napi-rs%2fnice-win32-arm64-msvc cache-miss
2518 silly fetch manifest @napi-rs/nice-linux-ppc64-gnu@1.1.1
2519 silly packumentCache full:https://registry.npmjs.org/@napi-rs%2fnice-linux-ppc64-gnu cache-miss
2520 silly fetch manifest @napi-rs/nice-linux-s390x-gnu@1.1.1
2521 silly packumentCache full:https://registry.npmjs.org/@napi-rs%2fnice-linux-s390x-gnu cache-miss
2522 http fetch GET 200 https://registry.npmjs.org/@napi-rs%2fnice-freebsd-x64 190ms (cache miss)
2523 silly packumentCache full:https://registry.npmjs.org/@napi-rs%2fnice-freebsd-x64 set size:undefined disposed:false
2524 silly fetch manifest @napi-rs/nice-linux-riscv64-gnu@1.1.1
2525 silly packumentCache full:https://registry.npmjs.org/@napi-rs%2fnice-linux-riscv64-gnu cache-miss
2526 http fetch GET 200 https://registry.npmjs.org/@napi-rs%2fnice-linux-arm-gnueabihf 357ms (cache miss)
2527 silly packumentCache full:https://registry.npmjs.org/@napi-rs%2fnice-linux-arm-gnueabihf set size:undefined disposed:false
2528 silly fetch manifest @napi-rs/nice-openharmony-arm64@1.1.1
2529 silly packumentCache full:https://registry.npmjs.org/@napi-rs%2fnice-openharmony-arm64 cache-miss
2530 http fetch GET 200 https://registry.npmjs.org/@napi-rs%2fnice-linux-x64-musl 391ms (cache miss)
2531 silly packumentCache full:https://registry.npmjs.org/@napi-rs%2fnice-linux-x64-musl set size:undefined disposed:false
2532 http fetch GET 200 https://registry.npmjs.org/@napi-rs%2fnice-darwin-arm64 524ms (cache miss)
2533 silly packumentCache full:https://registry.npmjs.org/@napi-rs%2fnice-darwin-arm64 set size:undefined disposed:false
2534 http fetch GET 200 https://registry.npmjs.org/@napi-rs%2fnice-linux-x64-gnu 525ms (cache miss)
2535 silly packumentCache full:https://registry.npmjs.org/@napi-rs%2fnice-linux-x64-gnu set size:undefined disposed:false
2536 http fetch GET 200 https://registry.npmjs.org/@napi-rs%2fnice-win32-arm64-msvc 529ms (cache miss)
2537 silly packumentCache full:https://registry.npmjs.org/@napi-rs%2fnice-win32-arm64-msvc set size:undefined disposed:false
2538 http fetch GET 200 https://registry.npmjs.org/@napi-rs%2fnice-linux-arm64-musl 537ms (cache miss)
2539 silly packumentCache full:https://registry.npmjs.org/@napi-rs%2fnice-linux-arm64-musl set size:undefined disposed:false
2540 http fetch GET 200 https://registry.npmjs.org/@napi-rs%2fnice-win32-ia32-msvc 566ms (cache miss)
2541 silly packumentCache full:https://registry.npmjs.org/@napi-rs%2fnice-win32-ia32-msvc set size:undefined disposed:false
2542 http fetch GET 200 https://registry.npmjs.org/@napi-rs%2fnice-linux-arm64-gnu 567ms (cache miss)
2543 silly packumentCache full:https://registry.npmjs.org/@napi-rs%2fnice-linux-arm64-gnu set size:undefined disposed:false
2544 http fetch GET 200 https://registry.npmjs.org/@napi-rs%2fnice-win32-x64-msvc 698ms (cache miss)
2545 silly packumentCache full:https://registry.npmjs.org/@napi-rs%2fnice-win32-x64-msvc set size:undefined disposed:false
2546 http fetch GET 200 https://registry.npmjs.org/@napi-rs%2fnice-linux-riscv64-gnu 522ms (cache miss)
2547 silly packumentCache full:https://registry.npmjs.org/@napi-rs%2fnice-linux-riscv64-gnu set size:undefined disposed:false
2548 http fetch GET 200 https://registry.npmjs.org/@napi-rs%2fnice-android-arm-eabi 864ms (cache miss)
2549 silly packumentCache full:https://registry.npmjs.org/@napi-rs%2fnice-android-arm-eabi set size:undefined disposed:false
2550 http fetch GET 200 https://registry.npmjs.org/@napi-rs%2fnice-android-arm64 866ms (cache miss)
2551 silly packumentCache full:https://registry.npmjs.org/@napi-rs%2fnice-android-arm64 set size:undefined disposed:false
2552 http fetch GET 200 https://registry.npmjs.org/@napi-rs%2fnice-darwin-x64 877ms (cache miss)
2553 silly packumentCache full:https://registry.npmjs.org/@napi-rs%2fnice-darwin-x64 set size:undefined disposed:false
2554 http fetch GET 200 https://registry.npmjs.org/@napi-rs%2fnice-openharmony-arm64 523ms (cache miss)
2555 silly packumentCache full:https://registry.npmjs.org/@napi-rs%2fnice-openharmony-arm64 set size:undefined disposed:false
2556 http fetch GET 200 https://registry.npmjs.org/@napi-rs%2fnice-linux-ppc64-gnu 934ms (cache miss)
2557 silly packumentCache full:https://registry.npmjs.org/@napi-rs%2fnice-linux-ppc64-gnu set size:undefined disposed:false
2558 http fetch GET 200 https://registry.npmjs.org/@napi-rs%2fnice-linux-s390x-gnu 937ms (cache miss)
2559 silly packumentCache full:https://registry.npmjs.org/@napi-rs%2fnice-linux-s390x-gnu set size:undefined disposed:false
2560 silly placeDep ROOT @napi-rs/nice-android-arm-eabi@1.1.1 OK for: @napi-rs/nice@1.1.1 want: 1.1.1
2561 silly placeDep ROOT @napi-rs/nice-android-arm64@1.1.1 OK for: @napi-rs/nice@1.1.1 want: 1.1.1
2562 silly placeDep ROOT @napi-rs/nice-darwin-arm64@1.1.1 OK for: @napi-rs/nice@1.1.1 want: 1.1.1
2563 silly placeDep ROOT @napi-rs/nice-darwin-x64@1.1.1 OK for: @napi-rs/nice@1.1.1 want: 1.1.1
2564 silly placeDep ROOT @napi-rs/nice-freebsd-x64@1.1.1 OK for: @napi-rs/nice@1.1.1 want: 1.1.1
2565 silly placeDep ROOT @napi-rs/nice-linux-arm-gnueabihf@1.1.1 OK for: @napi-rs/nice@1.1.1 want: 1.1.1
2566 silly placeDep ROOT @napi-rs/nice-linux-arm64-gnu@1.1.1 OK for: @napi-rs/nice@1.1.1 want: 1.1.1
2567 silly placeDep ROOT @napi-rs/nice-linux-arm64-musl@1.1.1 OK for: @napi-rs/nice@1.1.1 want: 1.1.1
2568 silly placeDep ROOT @napi-rs/nice-linux-ppc64-gnu@1.1.1 OK for: @napi-rs/nice@1.1.1 want: 1.1.1
2569 silly placeDep ROOT @napi-rs/nice-linux-riscv64-gnu@1.1.1 OK for: @napi-rs/nice@1.1.1 want: 1.1.1
2570 silly placeDep ROOT @napi-rs/nice-linux-s390x-gnu@1.1.1 OK for: @napi-rs/nice@1.1.1 want: 1.1.1
2571 silly placeDep ROOT @napi-rs/nice-linux-x64-gnu@1.1.1 OK for: @napi-rs/nice@1.1.1 want: 1.1.1
2572 silly placeDep ROOT @napi-rs/nice-linux-x64-musl@1.1.1 OK for: @napi-rs/nice@1.1.1 want: 1.1.1
2573 silly placeDep ROOT @napi-rs/nice-openharmony-arm64@1.1.1 OK for: @napi-rs/nice@1.1.1 want: 1.1.1
2574 silly placeDep ROOT @napi-rs/nice-win32-arm64-msvc@1.1.1 OK for: @napi-rs/nice@1.1.1 want: 1.1.1
2575 silly placeDep ROOT @napi-rs/nice-win32-ia32-msvc@1.1.1 OK for: @napi-rs/nice@1.1.1 want: 1.1.1
2576 silly placeDep ROOT @napi-rs/nice-win32-x64-msvc@1.1.1 OK for: @napi-rs/nice@1.1.1 want: 1.1.1
2577 silly placeDep ROOT nanoid@3.3.11 OK for: postcss@8.5.10 want: ^3.3.11
2578 silly placeDep ROOT err-code@2.0.3 OK for: promise-retry@2.0.1 want: ^2.0.2
2579 silly placeDep ROOT retry@0.12.0 OK for: promise-retry@2.0.1 want: ^0.12.0
2580 silly placeDep ROOT forwarded@0.2.0 OK for: proxy-addr@2.0.7 want: 0.2.0
2581 silly placeDep ROOT ipaddr.js@1.9.1 OK for: proxy-addr@2.0.7 want: 1.9.1
2582 silly placeDep ROOT side-channel@1.1.0 OK for: qs@6.15.1 want: ^1.1.0
2583 silly fetch manifest es-errors@^1.3.0
2584 silly packumentCache full:https://registry.npmjs.org/es-errors cache-miss
2585 silly fetch manifest object-inspect@^1.13.3
2586 silly packumentCache full:https://registry.npmjs.org/object-inspect cache-miss
2587 silly fetch manifest side-channel-list@^1.0.0
2588 silly packumentCache full:https://registry.npmjs.org/side-channel-list cache-miss
2589 silly fetch manifest side-channel-map@^1.0.1
2590 silly packumentCache full:https://registry.npmjs.org/side-channel-map cache-miss
2591 silly fetch manifest side-channel-weakmap@^1.0.2
2592 silly packumentCache full:https://registry.npmjs.org/side-channel-weakmap cache-miss
2593 http cache https://registry.npmjs.org/object-inspect 7ms (cache hit)
2594 silly packumentCache full:https://registry.npmjs.org/object-inspect set size:101912 disposed:false
2595 http cache https://registry.npmjs.org/es-errors 10ms (cache hit)
2596 silly packumentCache full:https://registry.npmjs.org/es-errors set size:16918 disposed:false
2597 http cache https://registry.npmjs.org/side-channel-list 9ms (cache hit)
2598 silly packumentCache full:https://registry.npmjs.org/side-channel-list set size:9021 disposed:false
2599 http cache https://registry.npmjs.org/side-channel-map 10ms (cache hit)
2600 silly packumentCache full:https://registry.npmjs.org/side-channel-map set size:9126 disposed:false
2601 http cache https://registry.npmjs.org/side-channel-weakmap 11ms (cache hit)
2602 silly packumentCache full:https://registry.npmjs.org/side-channel-weakmap set size:12620 disposed:false
2603 silly placeDep ROOT unpipe@1.0.0 OK for: raw-body@3.0.2 want: ~1.0.0
2604 silly placeDep ROOT onetime@7.0.0 OK for: restore-cursor@5.1.0 want: ^7.0.0
2605 silly fetch manifest mimic-function@^5.0.0
2606 silly packumentCache full:https://registry.npmjs.org/mimic-function cache-miss
2607 http cache https://registry.npmjs.org/mimic-function 2ms (cache hit)
2608 silly packumentCache full:https://registry.npmjs.org/mimic-function set size:6356 disposed:false
2609 silly placeDep ROOT mimic-function@5.0.1 OK for: onetime@7.0.0 want: ^5.0.0
2610 silly placeDep ROOT @oxc-project/types@0.113.0 OK for: rolldown@1.0.0-rc.4 want: =0.113.0
2611 silly placeDep ROOT @rolldown/binding-android-arm64@1.0.0-rc.4 OK for: rolldown@1.0.0-rc.4 want: 1.0.0-rc.4
2612 silly placeDep ROOT @rolldown/binding-darwin-arm64@1.0.0-rc.4 OK for: rolldown@1.0.0-rc.4 want: 1.0.0-rc.4
2613 silly placeDep ROOT @rolldown/binding-darwin-x64@1.0.0-rc.4 OK for: rolldown@1.0.0-rc.4 want: 1.0.0-rc.4
2614 silly placeDep ROOT @rolldown/binding-freebsd-x64@1.0.0-rc.4 OK for: rolldown@1.0.0-rc.4 want: 1.0.0-rc.4
2615 silly placeDep ROOT @rolldown/binding-linux-arm-gnueabihf@1.0.0-rc.4 OK for: rolldown@1.0.0-rc.4 want: 1.0.0-rc.4
2616 silly placeDep ROOT @rolldown/binding-linux-arm64-gnu@1.0.0-rc.4 OK for: rolldown@1.0.0-rc.4 want: 1.0.0-rc.4
2617 silly placeDep ROOT @rolldown/binding-linux-arm64-musl@1.0.0-rc.4 OK for: rolldown@1.0.0-rc.4 want: 1.0.0-rc.4
2618 silly placeDep ROOT @rolldown/binding-linux-x64-gnu@1.0.0-rc.4 OK for: rolldown@1.0.0-rc.4 want: 1.0.0-rc.4
2619 silly placeDep ROOT @rolldown/binding-linux-x64-musl@1.0.0-rc.4 OK for: rolldown@1.0.0-rc.4 want: 1.0.0-rc.4
2620 silly placeDep ROOT @rolldown/binding-openharmony-arm64@1.0.0-rc.4 OK for: rolldown@1.0.0-rc.4 want: 1.0.0-rc.4
2621 silly placeDep ROOT @rolldown/binding-wasm32-wasi@1.0.0-rc.4 OK for: rolldown@1.0.0-rc.4 want: 1.0.0-rc.4
2622 silly placeDep ROOT @rolldown/binding-win32-arm64-msvc@1.0.0-rc.4 OK for: rolldown@1.0.0-rc.4 want: 1.0.0-rc.4
2623 silly placeDep ROOT @rolldown/binding-win32-x64-msvc@1.0.0-rc.4 OK for: rolldown@1.0.0-rc.4 want: 1.0.0-rc.4
2624 silly placeDep ROOT @rolldown/pluginutils@1.0.0-rc.4 OK for: rolldown@1.0.0-rc.4 want: 1.0.0-rc.4
2625 silly fetch manifest @napi-rs/wasm-runtime@^1.1.1
2626 silly packumentCache full:https://registry.npmjs.org/@napi-rs%2fwasm-runtime cache-miss
2627 http fetch GET 200 https://registry.npmjs.org/@napi-rs%2fwasm-runtime 58ms (cache miss)
2628 silly packumentCache full:https://registry.npmjs.org/@napi-rs%2fwasm-runtime set size:undefined disposed:false
2629 silly fetch manifest @emnapi/core@^1.7.1
2630 silly packumentCache full:https://registry.npmjs.org/@emnapi%2fcore cache-miss
2631 http fetch GET 200 https://registry.npmjs.org/@emnapi%2fcore 48ms (cache miss)
2632 silly packumentCache full:https://registry.npmjs.org/@emnapi%2fcore set size:undefined disposed:false
2633 silly fetch manifest @emnapi/runtime@^1.7.1
2634 silly packumentCache full:https://registry.npmjs.org/@emnapi%2fruntime cache-miss
2635 http fetch GET 200 https://registry.npmjs.org/@emnapi%2fruntime 48ms (cache miss)
2636 silly packumentCache full:https://registry.npmjs.org/@emnapi%2fruntime set size:undefined disposed:false
2637 silly placeDep ROOT @napi-rs/wasm-runtime@1.1.4 OK for: @rolldown/binding-wasm32-wasi@1.0.0-rc.4 want: ^1.1.1
2638 silly placeDep ROOT @emnapi/core@1.10.0 OK for: @napi-rs/wasm-runtime@1.1.4 want: ^1.7.1
2639 silly placeDep ROOT @emnapi/runtime@1.10.0 OK for: @napi-rs/wasm-runtime@1.1.4 want: ^1.7.1
2640 silly fetch manifest @tybys/wasm-util@^0.10.1
2641 silly packumentCache full:https://registry.npmjs.org/@tybys%2fwasm-util cache-miss
2642 silly fetch manifest @emnapi/wasi-threads@1.2.1
2643 silly packumentCache full:https://registry.npmjs.org/@emnapi%2fwasi-threads cache-miss
2644 http fetch GET 200 https://registry.npmjs.org/@tybys%2fwasm-util 49ms (cache miss)
2645 silly packumentCache full:https://registry.npmjs.org/@tybys%2fwasm-util set size:undefined disposed:false
2646 http fetch GET 200 https://registry.npmjs.org/@emnapi%2fwasi-threads 69ms (cache miss)
2647 silly packumentCache full:https://registry.npmjs.org/@emnapi%2fwasi-threads set size:undefined disposed:false
2648 silly placeDep ROOT @emnapi/wasi-threads@1.2.1 OK for: @emnapi/core@1.10.0 want: 1.2.1
2649 silly placeDep ROOT @tybys/wasm-util@0.10.1 OK for: @napi-rs/wasm-runtime@1.1.4 want: ^0.10.1
2650 silly placeDep ROOT is-promise@4.0.0 OK for: router@2.2.0 want: ^4.0.0
2651 silly placeDep ROOT path-to-regexp@8.4.2 OK for: router@2.2.0 want: ^8.0.0
2652 silly placeDep ROOT @parcel/watcher@2.5.6 OK for: sass@1.97.3 want: ^2.4.1
2653 silly placeDep node_modules/sass chokidar@4.0.3 OK for: sass@1.97.3 want: ^4.0.0
2654 silly placeDep ROOT immutable@5.1.5 OK for: sass@1.97.3 want: ^5.0.2
2655 silly fetch manifest is-glob@^4.0.3
2656 silly packumentCache full:https://registry.npmjs.org/is-glob cache-miss
2657 silly fetch manifest node-addon-api@^7.0.0
2658 silly packumentCache full:https://registry.npmjs.org/node-addon-api cache-miss
2659 silly fetch manifest @parcel/watcher-darwin-x64@2.5.6
2660 silly packumentCache full:https://registry.npmjs.org/@parcel%2fwatcher-darwin-x64 cache-miss
2661 silly fetch manifest @parcel/watcher-darwin-arm64@2.5.6
2662 silly packumentCache full:https://registry.npmjs.org/@parcel%2fwatcher-darwin-arm64 cache-miss
2663 silly fetch manifest @parcel/watcher-win32-x64@2.5.6
2664 silly packumentCache full:https://registry.npmjs.org/@parcel%2fwatcher-win32-x64 cache-miss
2665 silly fetch manifest @parcel/watcher-win32-arm64@2.5.6
2666 silly packumentCache full:https://registry.npmjs.org/@parcel%2fwatcher-win32-arm64 cache-miss
2667 silly fetch manifest @parcel/watcher-win32-ia32@2.5.6
2668 silly packumentCache full:https://registry.npmjs.org/@parcel%2fwatcher-win32-ia32 cache-miss
2669 silly fetch manifest @parcel/watcher-linux-x64-glibc@2.5.6
2670 silly packumentCache full:https://registry.npmjs.org/@parcel%2fwatcher-linux-x64-glibc cache-miss
2671 silly fetch manifest @parcel/watcher-linux-x64-musl@2.5.6
2672 silly packumentCache full:https://registry.npmjs.org/@parcel%2fwatcher-linux-x64-musl cache-miss
2673 silly fetch manifest @parcel/watcher-linux-arm64-glibc@2.5.6
2674 silly packumentCache full:https://registry.npmjs.org/@parcel%2fwatcher-linux-arm64-glibc cache-miss
2675 silly fetch manifest @parcel/watcher-linux-arm64-musl@2.5.6
2676 silly packumentCache full:https://registry.npmjs.org/@parcel%2fwatcher-linux-arm64-musl cache-miss
2677 silly fetch manifest @parcel/watcher-linux-arm-glibc@2.5.6
2678 silly packumentCache full:https://registry.npmjs.org/@parcel%2fwatcher-linux-arm-glibc cache-miss
2679 silly fetch manifest @parcel/watcher-linux-arm-musl@2.5.6
2680 silly packumentCache full:https://registry.npmjs.org/@parcel%2fwatcher-linux-arm-musl cache-miss
2681 silly fetch manifest @parcel/watcher-android-arm64@2.5.6
2682 silly packumentCache full:https://registry.npmjs.org/@parcel%2fwatcher-android-arm64 cache-miss
2683 silly fetch manifest @parcel/watcher-freebsd-x64@2.5.6
2684 silly packumentCache full:https://registry.npmjs.org/@parcel%2fwatcher-freebsd-x64 cache-miss
2685 http cache https://registry.npmjs.org/node-addon-api 18ms (cache hit)
2686 silly packumentCache full:https://registry.npmjs.org/node-addon-api set size:347062 disposed:false
2687 silly fetch manifest readdirp@^4.0.1
2688 silly packumentCache full:https://registry.npmjs.org/readdirp cache-miss
2689 http cache https://registry.npmjs.org/readdirp 4ms (cache hit)
2690 silly packumentCache full:https://registry.npmjs.org/readdirp set size:107589 disposed:false
2691 http fetch GET 200 https://registry.npmjs.org/is-glob 57ms (cache miss)
2692 silly packumentCache full:https://registry.npmjs.org/is-glob set size:undefined disposed:false
2693 http fetch GET 200 https://registry.npmjs.org/@parcel%2fwatcher-android-arm64 56ms (cache miss)
2694 silly packumentCache full:https://registry.npmjs.org/@parcel%2fwatcher-android-arm64 set size:undefined disposed:false
2695 http fetch GET 200 https://registry.npmjs.org/@parcel%2fwatcher-win32-x64 61ms (cache miss)
2696 silly packumentCache full:https://registry.npmjs.org/@parcel%2fwatcher-win32-x64 set size:undefined disposed:false
2697 http fetch GET 200 https://registry.npmjs.org/@parcel%2fwatcher-win32-arm64 61ms (cache miss)
2698 silly packumentCache full:https://registry.npmjs.org/@parcel%2fwatcher-win32-arm64 set size:undefined disposed:false
2699 http fetch GET 200 https://registry.npmjs.org/@parcel%2fwatcher-linux-arm-musl 60ms (cache miss)
2700 silly packumentCache full:https://registry.npmjs.org/@parcel%2fwatcher-linux-arm-musl set size:undefined disposed:false
2701 http fetch GET 200 https://registry.npmjs.org/@parcel%2fwatcher-linux-arm-glibc 61ms (cache miss)
2702 silly packumentCache full:https://registry.npmjs.org/@parcel%2fwatcher-linux-arm-glibc set size:undefined disposed:false
2703 http fetch GET 200 https://registry.npmjs.org/@parcel%2fwatcher-linux-x64-glibc 78ms (cache miss)
2704 silly packumentCache full:https://registry.npmjs.org/@parcel%2fwatcher-linux-x64-glibc set size:undefined disposed:false
2705 http fetch GET 200 https://registry.npmjs.org/@parcel%2fwatcher-freebsd-x64 201ms (cache miss)
2706 silly packumentCache full:https://registry.npmjs.org/@parcel%2fwatcher-freebsd-x64 set size:undefined disposed:false
2707 http fetch GET 200 https://registry.npmjs.org/@parcel%2fwatcher-darwin-arm64 223ms (cache miss)
2708 silly packumentCache full:https://registry.npmjs.org/@parcel%2fwatcher-darwin-arm64 set size:undefined disposed:false
2709 http fetch GET 200 https://registry.npmjs.org/@parcel%2fwatcher-linux-x64-musl 233ms (cache miss)
2710 silly packumentCache full:https://registry.npmjs.org/@parcel%2fwatcher-linux-x64-musl set size:undefined disposed:false
2711 http fetch GET 200 https://registry.npmjs.org/@parcel%2fwatcher-win32-ia32 234ms (cache miss)
2712 silly packumentCache full:https://registry.npmjs.org/@parcel%2fwatcher-win32-ia32 set size:undefined disposed:false
2713 http fetch GET 200 https://registry.npmjs.org/@parcel%2fwatcher-linux-arm64-glibc 394ms (cache miss)
2714 silly packumentCache full:https://registry.npmjs.org/@parcel%2fwatcher-linux-arm64-glibc set size:undefined disposed:false
2715 http fetch GET 200 https://registry.npmjs.org/@parcel%2fwatcher-darwin-x64 418ms (cache miss)
2716 silly packumentCache full:https://registry.npmjs.org/@parcel%2fwatcher-darwin-x64 set size:undefined disposed:false
2717 http fetch GET 200 https://registry.npmjs.org/@parcel%2fwatcher-linux-arm64-musl 559ms (cache miss)
2718 silly packumentCache full:https://registry.npmjs.org/@parcel%2fwatcher-linux-arm64-musl set size:undefined disposed:false
2719 silly placeDep ROOT @parcel/watcher-android-arm64@2.5.6 OK for: @parcel/watcher@2.5.6 want: 2.5.6
2720 silly placeDep ROOT @parcel/watcher-darwin-arm64@2.5.6 OK for: @parcel/watcher@2.5.6 want: 2.5.6
2721 silly placeDep ROOT @parcel/watcher-darwin-x64@2.5.6 OK for: @parcel/watcher@2.5.6 want: 2.5.6
2722 silly placeDep ROOT @parcel/watcher-freebsd-x64@2.5.6 OK for: @parcel/watcher@2.5.6 want: 2.5.6
2723 silly placeDep ROOT @parcel/watcher-linux-arm-glibc@2.5.6 OK for: @parcel/watcher@2.5.6 want: 2.5.6
2724 silly placeDep ROOT @parcel/watcher-linux-arm-musl@2.5.6 OK for: @parcel/watcher@2.5.6 want: 2.5.6
2725 silly placeDep ROOT @parcel/watcher-linux-arm64-glibc@2.5.6 OK for: @parcel/watcher@2.5.6 want: 2.5.6
2726 silly placeDep ROOT @parcel/watcher-linux-arm64-musl@2.5.6 OK for: @parcel/watcher@2.5.6 want: 2.5.6
2727 silly placeDep ROOT @parcel/watcher-linux-x64-glibc@2.5.6 OK for: @parcel/watcher@2.5.6 want: 2.5.6
2728 silly placeDep ROOT @parcel/watcher-linux-x64-musl@2.5.6 OK for: @parcel/watcher@2.5.6 want: 2.5.6
2729 silly placeDep ROOT @parcel/watcher-win32-arm64@2.5.6 OK for: @parcel/watcher@2.5.6 want: 2.5.6
2730 silly placeDep ROOT @parcel/watcher-win32-ia32@2.5.6 OK for: @parcel/watcher@2.5.6 want: 2.5.6
2731 silly placeDep ROOT @parcel/watcher-win32-x64@2.5.6 OK for: @parcel/watcher@2.5.6 want: 2.5.6
2732 silly placeDep ROOT is-glob@4.0.3 OK for: @parcel/watcher@2.5.6 want: ^4.0.3
2733 silly placeDep node_modules/@parcel/watcher node-addon-api@7.1.1 OK for: @parcel/watcher@2.5.6 want: ^7.0.0
2734 silly fetch manifest is-extglob@^2.1.1
2735 silly packumentCache full:https://registry.npmjs.org/is-extglob cache-miss
2736 http fetch GET 200 https://registry.npmjs.org/is-extglob 91ms (cache miss)
2737 silly packumentCache full:https://registry.npmjs.org/is-extglob set size:undefined disposed:false
2738 silly placeDep ROOT is-extglob@2.1.1 OK for: is-glob@4.0.3 want: ^2.1.1
2739 silly placeDep ROOT xmlchars@2.2.0 OK for: saxes@6.0.0 want: ^2.2.0
2740 silly placeDep ROOT shebang-regex@3.0.0 OK for: shebang-command@2.0.0 want: ^3.0.0
2741 silly placeDep ROOT es-errors@1.3.0 OK for: side-channel@1.1.0 want: ^1.3.0
2742 silly placeDep ROOT object-inspect@1.13.4 OK for: side-channel@1.1.0 want: ^1.13.3
2743 silly placeDep ROOT side-channel-list@1.0.1 OK for: side-channel@1.1.0 want: ^1.0.0
2744 silly placeDep ROOT side-channel-map@1.0.1 OK for: side-channel@1.1.0 want: ^1.0.1
2745 silly placeDep ROOT side-channel-weakmap@1.0.2 OK for: side-channel@1.1.0 want: ^1.0.2
2746 silly fetch manifest call-bound@^1.0.2
2747 silly packumentCache full:https://registry.npmjs.org/call-bound cache-miss
2748 silly fetch manifest get-intrinsic@^1.2.5
2749 silly packumentCache full:https://registry.npmjs.org/get-intrinsic cache-miss
2750 silly fetch manifest call-bound@^1.0.2
2751 silly packumentCache full:https://registry.npmjs.org/call-bound cache-miss
2752 silly fetch manifest get-intrinsic@^1.2.5
2753 silly packumentCache full:https://registry.npmjs.org/get-intrinsic cache-miss
2754 http cache https://registry.npmjs.org/get-intrinsic 7ms (cache hit)
2755 silly packumentCache full:https://registry.npmjs.org/get-intrinsic set size:60985 disposed:false
2756 http cache https://registry.npmjs.org/call-bound 8ms (cache hit)
2757 silly packumentCache full:https://registry.npmjs.org/call-bound set size:15317 disposed:false
2758 http cache https://registry.npmjs.org/call-bound 9ms (cache hit)
2759 silly packumentCache full:https://registry.npmjs.org/call-bound set size:15317 disposed:false
2760 silly packumentCache full:https://registry.npmjs.org/call-bound dispose
2761 http cache https://registry.npmjs.org/get-intrinsic 10ms (cache hit)
2762 silly packumentCache full:https://registry.npmjs.org/get-intrinsic set size:60985 disposed:false
2763 silly packumentCache full:https://registry.npmjs.org/get-intrinsic dispose
2764 silly placeDep ROOT call-bound@1.0.4 OK for: side-channel-map@1.0.1 want: ^1.0.2
2765 silly placeDep ROOT get-intrinsic@1.3.0 OK for: side-channel-map@1.0.1 want: ^1.2.5
2766 silly fetch manifest call-bind-apply-helpers@^1.0.2
2767 silly packumentCache full:https://registry.npmjs.org/call-bind-apply-helpers cache-miss
2768 silly fetch manifest get-intrinsic@^1.3.0
2769 silly packumentCache full:https://registry.npmjs.org/get-intrinsic cache-hit
2770 silly fetch manifest gopd@^1.2.0
2771 silly packumentCache full:https://registry.npmjs.org/gopd cache-miss
2772 silly fetch manifest hasown@^2.0.2
2773 silly packumentCache full:https://registry.npmjs.org/hasown cache-miss
2774 silly fetch manifest get-proto@^1.0.1
2775 silly packumentCache full:https://registry.npmjs.org/get-proto cache-miss
2776 silly fetch manifest has-symbols@^1.1.0
2777 silly packumentCache full:https://registry.npmjs.org/has-symbols cache-miss
2778 silly fetch manifest function-bind@^1.1.2
2779 silly packumentCache full:https://registry.npmjs.org/function-bind cache-miss
2780 silly fetch manifest es-object-atoms@^1.1.1
2781 silly packumentCache full:https://registry.npmjs.org/es-object-atoms cache-miss
2782 silly fetch manifest math-intrinsics@^1.1.0
2783 silly packumentCache full:https://registry.npmjs.org/math-intrinsics cache-miss
2784 silly fetch manifest es-define-property@^1.0.1
2785 silly packumentCache full:https://registry.npmjs.org/es-define-property cache-miss
2786 silly fetch manifest call-bind-apply-helpers@^1.0.2
2787 silly packumentCache full:https://registry.npmjs.org/call-bind-apply-helpers cache-miss
2788 http cache https://registry.npmjs.org/hasown 15ms (cache hit)
2789 silly packumentCache full:https://registry.npmjs.org/hasown set size:12476 disposed:false
2790 http cache https://registry.npmjs.org/call-bind-apply-helpers 17ms (cache hit)
2791 silly packumentCache full:https://registry.npmjs.org/call-bind-apply-helpers set size:12744 disposed:false
2792 http cache https://registry.npmjs.org/get-proto 17ms (cache hit)
2793 silly packumentCache full:https://registry.npmjs.org/get-proto set size:8300 disposed:false
2794 http cache https://registry.npmjs.org/gopd 19ms (cache hit)
2795 silly packumentCache full:https://registry.npmjs.org/gopd set size:11458 disposed:false
2796 http cache https://registry.npmjs.org/function-bind 19ms (cache hit)
2797 silly packumentCache full:https://registry.npmjs.org/function-bind set size:15733 disposed:false
2798 http cache https://registry.npmjs.org/es-object-atoms 18ms (cache hit)
2799 silly packumentCache full:https://registry.npmjs.org/es-object-atoms set size:15304 disposed:false
2800 http cache https://registry.npmjs.org/has-symbols 20ms (cache hit)
2801 silly packumentCache full:https://registry.npmjs.org/has-symbols set size:21550 disposed:false
2802 http cache https://registry.npmjs.org/math-intrinsics 20ms (cache hit)
2803 silly packumentCache full:https://registry.npmjs.org/math-intrinsics set size:9265 disposed:false
2804 http cache https://registry.npmjs.org/es-define-property 20ms (cache hit)
2805 silly packumentCache full:https://registry.npmjs.org/es-define-property set size:8542 disposed:false
2806 http cache https://registry.npmjs.org/call-bind-apply-helpers 19ms (cache hit)
2807 silly packumentCache full:https://registry.npmjs.org/call-bind-apply-helpers set size:12744 disposed:false
2808 silly packumentCache full:https://registry.npmjs.org/call-bind-apply-helpers dispose
2809 silly placeDep ROOT call-bind-apply-helpers@1.0.2 OK for: call-bound@1.0.4 want: ^1.0.2
2810 silly placeDep ROOT function-bind@1.1.2 OK for: call-bind-apply-helpers@1.0.2 want: ^1.1.2
2811 silly placeDep ROOT es-define-property@1.0.1 OK for: get-intrinsic@1.3.0 want: ^1.0.1
2812 silly placeDep ROOT es-object-atoms@1.1.1 OK for: get-intrinsic@1.3.0 want: ^1.1.1
2813 silly placeDep ROOT get-proto@1.0.1 OK for: get-intrinsic@1.3.0 want: ^1.0.1
2814 silly placeDep ROOT gopd@1.2.0 OK for: get-intrinsic@1.3.0 want: ^1.2.0
2815 silly placeDep ROOT has-symbols@1.1.0 OK for: get-intrinsic@1.3.0 want: ^1.1.0
2816 silly placeDep ROOT hasown@2.0.2 OK for: get-intrinsic@1.3.0 want: ^2.0.2
2817 silly placeDep ROOT math-intrinsics@1.1.0 OK for: get-intrinsic@1.3.0 want: ^1.1.0
2818 silly fetch manifest dunder-proto@^1.0.1
2819 silly packumentCache full:https://registry.npmjs.org/dunder-proto cache-miss
2820 http cache https://registry.npmjs.org/dunder-proto 5ms (cache hit)
2821 silly packumentCache full:https://registry.npmjs.org/dunder-proto set size:8256 disposed:false
2822 silly placeDep ROOT dunder-proto@1.0.1 OK for: get-proto@1.0.1 want: ^1.0.1
2823 silly placeDep ROOT @sigstore/bundle@4.0.0 OK for: sigstore@4.1.0 want: ^4.0.0
2824 silly placeDep ROOT @sigstore/core@3.2.0 OK for: sigstore@4.1.0 want: ^3.1.0
2825 silly placeDep ROOT @sigstore/protobuf-specs@0.5.1 OK for: sigstore@4.1.0 want: ^0.5.0
2826 silly placeDep ROOT @sigstore/sign@4.1.1 OK for: sigstore@4.1.0 want: ^4.1.0
2827 silly placeDep ROOT @sigstore/tuf@4.0.2 OK for: sigstore@4.1.0 want: ^4.0.1
2828 silly placeDep ROOT @sigstore/verify@3.1.0 OK for: sigstore@4.1.0 want: ^3.1.0
2829 silly fetch manifest tuf-js@^4.1.0
2830 silly packumentCache full:https://registry.npmjs.org/tuf-js cache-miss
2831 http cache https://registry.npmjs.org/tuf-js 4ms (cache hit)
2832 silly packumentCache full:https://registry.npmjs.org/tuf-js set size:67490 disposed:false
2833 silly placeDep ROOT tuf-js@4.1.0 OK for: @sigstore/tuf@4.0.2 want: ^4.1.0
2834 silly fetch manifest @tufjs/models@4.1.0
2835 silly packumentCache full:https://registry.npmjs.org/@tufjs%2fmodels cache-miss
2836 http cache https://registry.npmjs.org/@tufjs%2fmodels 4ms (cache hit)
2837 silly packumentCache full:https://registry.npmjs.org/@tufjs%2fmodels set size:31346 disposed:false
2838 silly placeDep ROOT ansi-styles@6.2.3 OK for: slice-ansi@8.0.0 want: ^6.2.3
2839 silly placeDep ROOT is-fullwidth-code-point@5.1.0 OK for: slice-ansi@8.0.0 want: ^5.1.0
2840 silly fetch manifest get-east-asian-width@^1.3.1
2841 silly packumentCache full:https://registry.npmjs.org/get-east-asian-width cache-hit
2842 silly placeDep ROOT get-east-asian-width@1.5.0 OK for: is-fullwidth-code-point@5.1.0 want: ^1.3.1
2843 silly placeDep ROOT socks@2.8.7 OK for: socks-proxy-agent@8.0.5 want: ^2.8.3
2844 silly fetch manifest smart-buffer@^4.2.0
2845 silly packumentCache full:https://registry.npmjs.org/smart-buffer cache-miss
2846 http cache https://registry.npmjs.org/smart-buffer 5ms (cache hit)
2847 silly packumentCache full:https://registry.npmjs.org/smart-buffer set size:87065 disposed:false
2848 silly placeDep ROOT smart-buffer@4.2.0 OK for: socks@2.8.7 want: ^4.2.0
2849 silly placeDep ROOT buffer-from@1.1.2 OK for: source-map-support@0.5.21 want: ^1.0.0
2850 silly placeDep node_modules/source-map-support source-map@0.6.1 OK for: source-map-support@0.5.21 want: ^0.6.0
2851 silly placeDep ROOT spdx-exceptions@2.5.0 OK for: spdx-expression-parse@4.0.0 want: ^2.1.0
2852 silly placeDep ROOT spdx-license-ids@3.0.23 OK for: spdx-expression-parse@4.0.0 want: ^3.0.0
2853 silly placeDep ROOT ansi-regex@6.2.2 OK for: strip-ansi@7.2.0 want: ^6.2.2
2854 silly placeDep ROOT @isaacs/fs-minipass@4.0.1 OK for: tar@7.5.13 want: ^4.0.0
2855 silly placeDep ROOT chownr@3.0.0 OK for: tar@7.5.13 want: ^3.0.0
2856 silly placeDep node_modules/tar yallist@5.0.0 OK for: tar@7.5.13 want: ^5.0.0
2857 silly placeDep ROOT fdir@6.5.0 OK for: tinyglobby@0.2.15 want: ^6.5.0
2858 silly placeDep ROOT tldts@7.0.28 OK for: tough-cookie@6.0.1 want: ^7.0.5
2859 silly fetch manifest tldts-core@^7.0.28
2860 silly packumentCache full:https://registry.npmjs.org/tldts-core cache-miss
2861 http fetch GET 200 https://registry.npmjs.org/tldts-core 354ms (cache miss)
2862 silly packumentCache full:https://registry.npmjs.org/tldts-core set size:undefined disposed:false
2863 silly placeDep ROOT tldts-core@7.0.28 OK for: tldts@7.0.28 want: ^7.0.28
2864 silly placeDep ROOT @tufjs/models@4.1.0 OK for: tuf-js@4.1.0 want: 4.1.0
2865 silly fetch manifest @tufjs/canonical-json@2.0.0
2866 silly packumentCache full:https://registry.npmjs.org/@tufjs%2fcanonical-json cache-miss
2867 http cache https://registry.npmjs.org/@tufjs%2fcanonical-json 6ms (cache hit)
2868 silly packumentCache full:https://registry.npmjs.org/@tufjs%2fcanonical-json set size:7336 disposed:false
2869 silly placeDep ROOT @tufjs/canonical-json@2.0.0 OK for: @tufjs/models@4.1.0 want: 2.0.0
2870 silly placeDep ROOT media-typer@1.1.0 OK for: type-is@2.0.1 want: ^1.1.0
2871 silly placeDep ROOT escalade@3.2.0 OK for: update-browserslist-db@1.2.3 want: ^3.2.0
2872 silly placeDep ROOT fsevents@2.3.3 OK for: vite@7.3.2 want: ~2.3.3
2873 silly placeDep ROOT rollup@4.60.1 OK for: vite@7.3.2 want: ^4.43.0
2874 silly fetch manifest @types/estree@1.0.8
2875 silly packumentCache full:https://registry.npmjs.org/@types%2festree cache-miss
2876 silly fetch manifest @rollup/rollup-darwin-arm64@4.60.1
2877 silly packumentCache full:https://registry.npmjs.org/@rollup%2frollup-darwin-arm64 cache-miss
2878 silly fetch manifest @rollup/rollup-android-arm64@4.60.1
2879 silly packumentCache full:https://registry.npmjs.org/@rollup%2frollup-android-arm64 cache-miss
2880 silly fetch manifest @rollup/rollup-win32-arm64-msvc@4.60.1
2881 silly packumentCache full:https://registry.npmjs.org/@rollup%2frollup-win32-arm64-msvc cache-miss
2882 silly fetch manifest @rollup/rollup-freebsd-arm64@4.60.1
2883 silly packumentCache full:https://registry.npmjs.org/@rollup%2frollup-freebsd-arm64 cache-miss
2884 silly fetch manifest @rollup/rollup-linux-arm64-gnu@4.60.1
2885 silly packumentCache full:https://registry.npmjs.org/@rollup%2frollup-linux-arm64-gnu cache-miss
2886 silly fetch manifest @rollup/rollup-linux-arm64-musl@4.60.1
2887 silly packumentCache full:https://registry.npmjs.org/@rollup%2frollup-linux-arm64-musl cache-miss
2888 silly fetch manifest @rollup/rollup-android-arm-eabi@4.60.1
2889 silly packumentCache full:https://registry.npmjs.org/@rollup%2frollup-android-arm-eabi cache-miss
2890 silly fetch manifest @rollup/rollup-linux-arm-gnueabihf@4.60.1
2891 silly packumentCache full:https://registry.npmjs.org/@rollup%2frollup-linux-arm-gnueabihf cache-miss
2892 silly fetch manifest @rollup/rollup-linux-arm-musleabihf@4.60.1
2893 silly packumentCache full:https://registry.npmjs.org/@rollup%2frollup-linux-arm-musleabihf cache-miss
2894 silly fetch manifest @rollup/rollup-win32-ia32-msvc@4.60.1
2895 silly packumentCache full:https://registry.npmjs.org/@rollup%2frollup-win32-ia32-msvc cache-miss
2896 silly fetch manifest @rollup/rollup-linux-loong64-gnu@4.60.1
2897 silly packumentCache full:https://registry.npmjs.org/@rollup%2frollup-linux-loong64-gnu cache-miss
2898 silly fetch manifest @rollup/rollup-linux-loong64-musl@4.60.1
2899 silly packumentCache full:https://registry.npmjs.org/@rollup%2frollup-linux-loong64-musl cache-miss
2900 silly fetch manifest @rollup/rollup-linux-riscv64-gnu@4.60.1
2901 silly packumentCache full:https://registry.npmjs.org/@rollup%2frollup-linux-riscv64-gnu cache-miss
2902 silly fetch manifest @rollup/rollup-linux-riscv64-musl@4.60.1
2903 silly packumentCache full:https://registry.npmjs.org/@rollup%2frollup-linux-riscv64-musl cache-miss
2904 http fetch GET 200 https://registry.npmjs.org/@types%2festree 50ms (cache miss)
2905 silly packumentCache full:https://registry.npmjs.org/@types%2festree set size:undefined disposed:false
2906 silly fetch manifest @rollup/rollup-linux-ppc64-gnu@4.60.1
2907 silly packumentCache full:https://registry.npmjs.org/@rollup%2frollup-linux-ppc64-gnu cache-miss
2908 http fetch GET 200 https://registry.npmjs.org/@rollup%2frollup-android-arm-eabi 60ms (cache miss)
2909 silly packumentCache full:https://registry.npmjs.org/@rollup%2frollup-android-arm-eabi set size:undefined disposed:false
2910 silly fetch manifest @rollup/rollup-linux-ppc64-musl@4.60.1
2911 silly packumentCache full:https://registry.npmjs.org/@rollup%2frollup-linux-ppc64-musl cache-miss
2912 http fetch GET 200 https://registry.npmjs.org/@rollup%2frollup-linux-riscv64-gnu 86ms (cache miss)
2913 silly packumentCache full:https://registry.npmjs.org/@rollup%2frollup-linux-riscv64-gnu set size:undefined disposed:false
2914 silly fetch manifest @rollup/rollup-linux-s390x-gnu@4.60.1
2915 silly packumentCache full:https://registry.npmjs.org/@rollup%2frollup-linux-s390x-gnu cache-miss
2916 http fetch GET 200 https://registry.npmjs.org/@rollup%2frollup-win32-arm64-msvc 89ms (cache miss)
2917 silly packumentCache full:https://registry.npmjs.org/@rollup%2frollup-win32-arm64-msvc set size:undefined disposed:false
2918 silly fetch manifest @rollup/rollup-darwin-x64@4.60.1
2919 silly packumentCache full:https://registry.npmjs.org/@rollup%2frollup-darwin-x64 cache-miss
2920 http fetch GET 200 https://registry.npmjs.org/@rollup%2frollup-linux-arm64-musl 93ms (cache miss)
2921 silly packumentCache full:https://registry.npmjs.org/@rollup%2frollup-linux-arm64-musl set size:undefined disposed:false
2922 silly fetch manifest @rollup/rollup-win32-x64-gnu@4.60.1
2923 silly packumentCache full:https://registry.npmjs.org/@rollup%2frollup-win32-x64-gnu cache-miss
2924 http fetch GET 200 https://registry.npmjs.org/@rollup%2frollup-android-arm64 102ms (cache miss)
2925 silly packumentCache full:https://registry.npmjs.org/@rollup%2frollup-android-arm64 set size:undefined disposed:false
2926 silly fetch manifest @rollup/rollup-win32-x64-msvc@4.60.1
2927 silly packumentCache full:https://registry.npmjs.org/@rollup%2frollup-win32-x64-msvc cache-miss
2928 http fetch GET 200 https://registry.npmjs.org/@rollup%2frollup-darwin-arm64 108ms (cache miss)
2929 silly packumentCache full:https://registry.npmjs.org/@rollup%2frollup-darwin-arm64 set size:undefined disposed:false
2930 silly fetch manifest @rollup/rollup-freebsd-x64@4.60.1
2931 silly packumentCache full:https://registry.npmjs.org/@rollup%2frollup-freebsd-x64 cache-miss
2932 http fetch GET 200 https://registry.npmjs.org/@rollup%2frollup-linux-ppc64-gnu 62ms (cache miss)
2933 silly packumentCache full:https://registry.npmjs.org/@rollup%2frollup-linux-ppc64-gnu set size:undefined disposed:false
2934 silly fetch manifest @rollup/rollup-linux-x64-gnu@4.60.1
2935 silly packumentCache full:https://registry.npmjs.org/@rollup%2frollup-linux-x64-gnu cache-miss
2936 http fetch GET 200 https://registry.npmjs.org/@rollup%2frollup-linux-arm-musleabihf 112ms (cache miss)
2937 silly packumentCache full:https://registry.npmjs.org/@rollup%2frollup-linux-arm-musleabihf set size:undefined disposed:false
2938 silly fetch manifest @rollup/rollup-linux-x64-musl@4.60.1
2939 silly packumentCache full:https://registry.npmjs.org/@rollup%2frollup-linux-x64-musl cache-miss
2940 http fetch GET 200 https://registry.npmjs.org/@rollup%2frollup-linux-ppc64-musl 53ms (cache miss)
2941 silly packumentCache full:https://registry.npmjs.org/@rollup%2frollup-linux-ppc64-musl set size:undefined disposed:false
2942 silly fetch manifest @rollup/rollup-openbsd-x64@4.60.1
2943 silly packumentCache full:https://registry.npmjs.org/@rollup%2frollup-openbsd-x64 cache-miss
2944 http fetch GET 200 https://registry.npmjs.org/@rollup%2frollup-linux-arm64-gnu 118ms (cache miss)
2945 silly packumentCache full:https://registry.npmjs.org/@rollup%2frollup-linux-arm64-gnu set size:undefined disposed:false
2946 silly fetch manifest @rollup/rollup-openharmony-arm64@4.60.1
2947 silly packumentCache full:https://registry.npmjs.org/@rollup%2frollup-openharmony-arm64 cache-miss
2948 http fetch GET 200 https://registry.npmjs.org/@rollup%2frollup-linux-s390x-gnu 60ms (cache miss)
2949 silly packumentCache full:https://registry.npmjs.org/@rollup%2frollup-linux-s390x-gnu set size:undefined disposed:false
2950 http fetch GET 200 https://registry.npmjs.org/@rollup%2frollup-win32-x64-gnu 59ms (cache miss)
2951 silly packumentCache full:https://registry.npmjs.org/@rollup%2frollup-win32-x64-gnu set size:undefined disposed:false
2952 http fetch GET 200 https://registry.npmjs.org/@rollup%2frollup-linux-arm-gnueabihf 156ms (cache miss)
2953 silly packumentCache full:https://registry.npmjs.org/@rollup%2frollup-linux-arm-gnueabihf set size:undefined disposed:false
2954 http fetch GET 200 https://registry.npmjs.org/@rollup%2frollup-openbsd-x64 51ms (cache miss)
2955 silly packumentCache full:https://registry.npmjs.org/@rollup%2frollup-openbsd-x64 set size:undefined disposed:false
2956 http fetch GET 200 https://registry.npmjs.org/@rollup%2frollup-linux-x64-gnu 63ms (cache miss)
2957 silly packumentCache full:https://registry.npmjs.org/@rollup%2frollup-linux-x64-gnu set size:undefined disposed:false
2958 http fetch GET 200 https://registry.npmjs.org/@rollup%2frollup-openharmony-arm64 65ms (cache miss)
2959 silly packumentCache full:https://registry.npmjs.org/@rollup%2frollup-openharmony-arm64 set size:undefined disposed:false
2960 http fetch GET 200 https://registry.npmjs.org/@rollup%2frollup-win32-x64-msvc 81ms (cache miss)
2961 silly packumentCache full:https://registry.npmjs.org/@rollup%2frollup-win32-x64-msvc set size:undefined disposed:false
2962 http fetch GET 200 https://registry.npmjs.org/@rollup%2frollup-darwin-x64 95ms (cache miss)
2963 silly packumentCache full:https://registry.npmjs.org/@rollup%2frollup-darwin-x64 set size:undefined disposed:false
2964 http fetch GET 200 https://registry.npmjs.org/@rollup%2frollup-linux-x64-musl 74ms (cache miss)
2965 silly packumentCache full:https://registry.npmjs.org/@rollup%2frollup-linux-x64-musl set size:undefined disposed:false
2966 http fetch GET 200 https://registry.npmjs.org/@rollup%2frollup-freebsd-x64 102ms (cache miss)
2967 silly packumentCache full:https://registry.npmjs.org/@rollup%2frollup-freebsd-x64 set size:undefined disposed:false
2968 http fetch GET 200 https://registry.npmjs.org/@rollup%2frollup-freebsd-arm64 218ms (cache miss)
2969 silly packumentCache full:https://registry.npmjs.org/@rollup%2frollup-freebsd-arm64 set size:undefined disposed:false
2970 http fetch GET 200 https://registry.npmjs.org/@rollup%2frollup-linux-riscv64-musl 272ms (cache miss)
2971 silly packumentCache full:https://registry.npmjs.org/@rollup%2frollup-linux-riscv64-musl set size:undefined disposed:false
2972 http fetch GET 200 https://registry.npmjs.org/@rollup%2frollup-win32-ia32-msvc 400ms (cache miss)
2973 silly packumentCache full:https://registry.npmjs.org/@rollup%2frollup-win32-ia32-msvc set size:undefined disposed:false
2974 http fetch GET 200 https://registry.npmjs.org/@rollup%2frollup-linux-loong64-gnu 596ms (cache miss)
2975 silly packumentCache full:https://registry.npmjs.org/@rollup%2frollup-linux-loong64-gnu set size:undefined disposed:false
2976 http fetch GET 200 https://registry.npmjs.org/@rollup%2frollup-linux-loong64-musl 937ms (cache miss)
2977 silly packumentCache full:https://registry.npmjs.org/@rollup%2frollup-linux-loong64-musl set size:undefined disposed:false
2978 silly placeDep ROOT @rollup/rollup-android-arm-eabi@4.60.1 OK for: rollup@4.60.1 want: 4.60.1
2979 silly placeDep ROOT @rollup/rollup-android-arm64@4.60.1 OK for: rollup@4.60.1 want: 4.60.1
2980 silly placeDep ROOT @rollup/rollup-darwin-arm64@4.60.1 OK for: rollup@4.60.1 want: 4.60.1
2981 silly placeDep ROOT @rollup/rollup-darwin-x64@4.60.1 OK for: rollup@4.60.1 want: 4.60.1
2982 silly placeDep ROOT @rollup/rollup-freebsd-arm64@4.60.1 OK for: rollup@4.60.1 want: 4.60.1
2983 silly placeDep ROOT @rollup/rollup-freebsd-x64@4.60.1 OK for: rollup@4.60.1 want: 4.60.1
2984 silly placeDep ROOT @rollup/rollup-linux-arm-gnueabihf@4.60.1 OK for: rollup@4.60.1 want: 4.60.1
2985 silly placeDep ROOT @rollup/rollup-linux-arm-musleabihf@4.60.1 OK for: rollup@4.60.1 want: 4.60.1
2986 silly placeDep ROOT @rollup/rollup-linux-arm64-gnu@4.60.1 OK for: rollup@4.60.1 want: 4.60.1
2987 silly placeDep ROOT @rollup/rollup-linux-arm64-musl@4.60.1 OK for: rollup@4.60.1 want: 4.60.1
2988 silly placeDep ROOT @rollup/rollup-linux-loong64-gnu@4.60.1 OK for: rollup@4.60.1 want: 4.60.1
2989 silly placeDep ROOT @rollup/rollup-linux-loong64-musl@4.60.1 OK for: rollup@4.60.1 want: 4.60.1
2990 silly placeDep ROOT @rollup/rollup-linux-ppc64-gnu@4.60.1 OK for: rollup@4.60.1 want: 4.60.1
2991 silly placeDep ROOT @rollup/rollup-linux-ppc64-musl@4.60.1 OK for: rollup@4.60.1 want: 4.60.1
2992 silly placeDep ROOT @rollup/rollup-linux-riscv64-gnu@4.60.1 OK for: rollup@4.60.1 want: 4.60.1
2993 silly placeDep ROOT @rollup/rollup-linux-riscv64-musl@4.60.1 OK for: rollup@4.60.1 want: 4.60.1
2994 silly placeDep ROOT @rollup/rollup-linux-s390x-gnu@4.60.1 OK for: rollup@4.60.1 want: 4.60.1
2995 silly placeDep ROOT @rollup/rollup-linux-x64-gnu@4.60.1 OK for: rollup@4.60.1 want: 4.60.1
2996 silly placeDep ROOT @rollup/rollup-linux-x64-musl@4.60.1 OK for: rollup@4.60.1 want: 4.60.1
2997 silly placeDep ROOT @rollup/rollup-openbsd-x64@4.60.1 OK for: rollup@4.60.1 want: 4.60.1
2998 silly placeDep ROOT @rollup/rollup-openharmony-arm64@4.60.1 OK for: rollup@4.60.1 want: 4.60.1
2999 silly placeDep ROOT @rollup/rollup-win32-arm64-msvc@4.60.1 OK for: rollup@4.60.1 want: 4.60.1
3000 silly placeDep ROOT @rollup/rollup-win32-ia32-msvc@4.60.1 OK for: rollup@4.60.1 want: 4.60.1
3001 silly placeDep ROOT @rollup/rollup-win32-x64-gnu@4.60.1 OK for: rollup@4.60.1 want: 4.60.1
3002 silly placeDep ROOT @rollup/rollup-win32-x64-msvc@4.60.1 OK for: rollup@4.60.1 want: 4.60.1
3003 silly placeDep ROOT @types/estree@1.0.8 OK for: rollup@4.60.1 want: 1.0.8
3004 silly fetch manifest msw@^2.4.9
3005 silly packumentCache full:https://registry.npmjs.org/msw cache-miss
3006 http fetch GET 200 https://registry.npmjs.org/msw 70ms (cache miss)
3007 silly packumentCache full:https://registry.npmjs.org/msw set size:undefined disposed:false
3008 silly fetch manifest typescript@>= 4.8.x
3009 silly packumentCache full:https://registry.npmjs.org/typescript cache-miss
3010 http cache https://registry.npmjs.org/typescript 37ms (cache hit)
3011 silly packumentCache full:https://registry.npmjs.org/typescript set size:15403176 disposed:false
3012 silly fetch manifest @vitejs/devtools@^0.1.0
3013 silly packumentCache full:https://registry.npmjs.org/@vitejs%2fdevtools cache-miss
3014 http fetch GET 200 https://registry.npmjs.org/@vitejs%2fdevtools 56ms (cache miss)
3015 silly packumentCache full:https://registry.npmjs.org/@vitejs%2fdevtools set size:undefined disposed:false
3016 silly fetch manifest esbuild@^0.27.0 || ^0.28.0
3017 silly packumentCache full:https://registry.npmjs.org/esbuild cache-miss
3018 http cache https://registry.npmjs.org/esbuild 6ms (cache hit)
3019 silly packumentCache full:https://registry.npmjs.org/esbuild set size:1254708 disposed:false
3020 silly fetch manifest less@^4.0.0
3021 silly packumentCache full:https://registry.npmjs.org/less cache-miss
3022 http cache https://registry.npmjs.org/less 5ms (cache hit)
3023 silly packumentCache full:https://registry.npmjs.org/less set size:461684 disposed:false
3024 silly fetch manifest sass@^1.70.0
3025 silly packumentCache full:https://registry.npmjs.org/sass cache-miss
3026 http cache https://registry.npmjs.org/sass 6ms (cache hit)
3027 silly packumentCache full:https://registry.npmjs.org/sass set size:726244 disposed:false
3028 silly fetch manifest postcss@^8.3.3
3029 silly packumentCache full:https://registry.npmjs.org/postcss cache-hit
3030 silly placeDep ROOT @vitest/expect@4.1.4 OK for: vitest@4.1.4 want: 4.1.4
3031 silly placeDep ROOT @vitest/mocker@4.1.4 OK for: vitest@4.1.4 want: 4.1.4
3032 silly placeDep ROOT @vitest/pretty-format@4.1.4 OK for: vitest@4.1.4 want: 4.1.4
3033 silly placeDep ROOT @vitest/runner@4.1.4 OK for: vitest@4.1.4 want: 4.1.4
3034 silly placeDep ROOT @vitest/snapshot@4.1.4 OK for: vitest@4.1.4 want: 4.1.4
3035 silly placeDep ROOT @vitest/spy@4.1.4 OK for: vitest@4.1.4 want: 4.1.4
3036 silly placeDep ROOT @vitest/utils@4.1.4 OK for: vitest@4.1.4 want: 4.1.4
3037 silly placeDep ROOT es-module-lexer@2.0.0 OK for: vitest@4.1.4 want: ^2.0.0
3038 silly placeDep ROOT expect-type@1.3.0 OK for: vitest@4.1.4 want: ^1.3.0
3039 silly placeDep ROOT obug@2.1.1 OK for: vitest@4.1.4 want: ^2.1.1
3040 silly placeDep ROOT pathe@2.0.3 OK for: vitest@4.1.4 want: ^2.0.3
3041 silly placeDep ROOT std-env@4.1.0 OK for: vitest@4.1.4 want: ^4.0.0-rc.1
3042 silly placeDep ROOT tinybench@2.9.0 OK for: vitest@4.1.4 want: ^2.9.0
3043 silly placeDep ROOT tinyexec@1.1.1 OK for: vitest@4.1.4 want: ^1.0.2
3044 silly placeDep ROOT tinyrainbow@3.1.0 OK for: vitest@4.1.4 want: ^3.1.0
3045 silly placeDep ROOT why-is-node-running@2.3.0 OK for: vitest@4.1.4 want: ^2.3.0
3046 silly fetch manifest @types/chai@^5.2.2
3047 silly packumentCache full:https://registry.npmjs.org/@types%2fchai cache-miss
3048 silly fetch manifest chai@^6.2.2
3049 silly packumentCache full:https://registry.npmjs.org/chai cache-miss
3050 silly fetch manifest estree-walker@^3.0.3
3051 silly packumentCache full:https://registry.npmjs.org/estree-walker cache-miss
3052 silly fetch manifest siginfo@^2.0.0
3053 silly packumentCache full:https://registry.npmjs.org/siginfo cache-miss
3054 silly fetch manifest stackback@0.0.2
3055 silly packumentCache full:https://registry.npmjs.org/stackback cache-miss
3056 http fetch GET 200 https://registry.npmjs.org/estree-walker 49ms (cache miss)
3057 silly packumentCache full:https://registry.npmjs.org/estree-walker set size:undefined disposed:false
3058 http fetch GET 200 https://registry.npmjs.org/stackback 48ms (cache miss)
3059 silly packumentCache full:https://registry.npmjs.org/stackback set size:undefined disposed:false
3060 http fetch GET 200 https://registry.npmjs.org/siginfo 49ms (cache miss)
3061 silly packumentCache full:https://registry.npmjs.org/siginfo set size:undefined disposed:false
3062 http fetch GET 200 https://registry.npmjs.org/chai 52ms (cache miss)
3063 silly packumentCache full:https://registry.npmjs.org/chai set size:undefined disposed:false
3064 http fetch GET 200 https://registry.npmjs.org/@types%2fchai 55ms (cache miss)
3065 silly packumentCache full:https://registry.npmjs.org/@types%2fchai set size:undefined disposed:false
3066 silly placeDep ROOT @types/chai@5.2.3 OK for: @vitest/expect@4.1.4 want: ^5.2.2
3067 silly placeDep ROOT chai@6.2.2 OK for: @vitest/expect@4.1.4 want: ^6.2.2
3068 silly fetch manifest @types/deep-eql@*
3069 silly packumentCache full:https://registry.npmjs.org/@types%2fdeep-eql cache-miss
3070 silly fetch manifest assertion-error@^2.0.1
3071 silly packumentCache full:https://registry.npmjs.org/assertion-error cache-miss
3072 http fetch GET 200 https://registry.npmjs.org/assertion-error 49ms (cache miss)
3073 silly packumentCache full:https://registry.npmjs.org/assertion-error set size:undefined disposed:false
3074 http fetch GET 200 https://registry.npmjs.org/@types%2fdeep-eql 54ms (cache miss)
3075 silly packumentCache full:https://registry.npmjs.org/@types%2fdeep-eql set size:undefined disposed:false
3076 silly placeDep ROOT @types/deep-eql@4.0.2 OK for: @types/chai@5.2.3 want: *
3077 silly placeDep ROOT assertion-error@2.0.1 OK for: @types/chai@5.2.3 want: ^2.0.1
3078 silly placeDep ROOT estree-walker@3.0.3 OK for: @vitest/mocker@4.1.4 want: ^3.0.3
3079 silly placeDep node_modules/@vitest/utils convert-source-map@2.0.0 OK for: @vitest/utils@4.1.4 want: ^2.0.0
3080 silly placeDep ROOT glob-to-regexp@0.4.1 OK for: watchpack@2.5.1 want: ^0.4.1
3081 silly placeDep ROOT tr46@6.0.0 OK for: whatwg-url@16.0.1 want: ^6.0.0
3082 silly fetch manifest punycode@^2.3.1
3083 silly packumentCache full:https://registry.npmjs.org/punycode cache-miss
3084 http fetch GET 200 https://registry.npmjs.org/punycode 66ms (cache miss)
3085 silly packumentCache full:https://registry.npmjs.org/punycode set size:undefined disposed:false
3086 silly placeDep ROOT punycode@2.3.1 OK for: tr46@6.0.0 want: ^2.3.1
3087 silly placeDep ROOT isexe@2.0.0 OK for: which@2.0.2 want: ^2.0.0
3088 silly placeDep ROOT siginfo@2.0.0 OK for: why-is-node-running@2.3.0 want: ^2.0.0
3089 silly placeDep ROOT stackback@0.0.2 OK for: why-is-node-running@2.3.0 want: 0.0.2
3090 silly placeDep node_modules/wrap-ansi ansi-styles@4.3.0 OK for: wrap-ansi@6.2.0 want: ^4.0.0
3091 silly placeDep node_modules/wrap-ansi string-width@4.2.3 OK for: wrap-ansi@6.2.0 want: ^4.1.0
3092 silly placeDep node_modules/wrap-ansi strip-ansi@6.0.1 OK for: wrap-ansi@6.2.0 want: ^6.0.0
3093 silly fetch manifest color-convert@^2.0.1
3094 silly packumentCache full:https://registry.npmjs.org/color-convert cache-miss
3095 silly fetch manifest strip-ansi@^6.0.1
3096 silly packumentCache full:https://registry.npmjs.org/strip-ansi cache-hit
3097 silly fetch manifest emoji-regex@^8.0.0
3098 silly packumentCache full:https://registry.npmjs.org/emoji-regex cache-miss
3099 silly fetch manifest is-fullwidth-code-point@^3.0.0
3100 silly packumentCache full:https://registry.npmjs.org/is-fullwidth-code-point cache-hit
3101 silly fetch manifest ansi-regex@^5.0.1
3102 silly packumentCache full:https://registry.npmjs.org/ansi-regex cache-hit
3103 http cache https://registry.npmjs.org/color-convert 6ms (cache hit)
3104 silly packumentCache full:https://registry.npmjs.org/color-convert set size:72663 disposed:false
3105 http cache https://registry.npmjs.org/emoji-regex 7ms (cache hit)
3106 silly packumentCache full:https://registry.npmjs.org/emoji-regex set size:89088 disposed:false
3107 silly placeDep ROOT cliui@9.0.1 OK for: yargs@18.0.0 want: ^9.0.1
3108 silly placeDep ROOT get-caller-file@2.0.5 OK for: yargs@18.0.0 want: ^2.0.5
3109 silly placeDep node_modules/yargs string-width@7.2.0 OK for: yargs@18.0.0 want: ^7.2.0
3110 silly placeDep ROOT y18n@5.0.8 OK for: yargs@18.0.0 want: ^5.0.5
3111 silly placeDep ROOT yargs-parser@22.0.0 OK for: yargs@18.0.0 want: ^22.0.0
3112 silly fetch manifest emoji-regex@^10.3.0
3113 silly packumentCache full:https://registry.npmjs.org/emoji-regex cache-hit
3114 silly placeDep node_modules/cliui string-width@7.2.0 OK for: cliui@9.0.1 want: ^7.2.0
3115 silly placeDep node_modules/cliui wrap-ansi@9.0.2 OK for: cliui@9.0.1 want: ^9.0.0
3116 silly placeDep node_modules/@npmcli/git isexe@4.0.0 OK for: which@6.0.1 want: ^4.0.0
3117 silly placeDep node_modules/@npmcli/promise-spawn isexe@4.0.0 OK for: which@6.0.1 want: ^4.0.0
3118 silly placeDep ROOT emoji-regex@10.6.0 OK for: string-width@7.2.0 want: ^10.3.0
3119 silly placeDep node_modules/listr2 string-width@7.2.0 OK for: wrap-ansi@9.0.2 want: ^7.0.0
3120 silly placeDep node_modules/log-update string-width@7.2.0 OK for: wrap-ansi@9.0.2 want: ^7.0.0
3121 silly placeDep node_modules/minipass-flush yallist@4.0.0 OK for: minipass@3.3.6 want: ^4.0.0
3122 silly placeDep node_modules/minipass-pipeline yallist@4.0.0 OK for: minipass@3.3.6 want: ^4.0.0
3123 silly placeDep node_modules/node-gyp isexe@4.0.0 OK for: which@6.0.1 want: ^4.0.0
3124 silly placeDep node_modules/sass readdirp@4.1.2 OK for: chokidar@4.0.3 want: ^4.0.1
3125 silly placeDep ROOT color-convert@2.0.1 OK for: ansi-styles@4.3.0 want: ^2.0.1
3126 silly fetch manifest color-name@~1.1.4
3127 silly packumentCache full:https://registry.npmjs.org/color-name cache-miss
3128 http cache https://registry.npmjs.org/color-name 11ms (cache hit)
3129 silly packumentCache full:https://registry.npmjs.org/color-name set size:19467 disposed:false
3130 silly placeDep ROOT color-name@1.1.4 OK for: color-convert@2.0.1 want: ~1.1.4
3131 silly placeDep node_modules/wrap-ansi emoji-regex@8.0.0 OK for: string-width@4.2.3 want: ^8.0.0
3132 silly placeDep node_modules/wrap-ansi is-fullwidth-code-point@3.0.0 OK for: string-width@4.2.3 want: ^3.0.0
3133 silly placeDep node_modules/wrap-ansi ansi-regex@5.0.1 OK for: strip-ansi@6.0.1 want: ^5.0.1
3134 silly reify moves {}
3135 silly audit bulk request {
3135 silly audit   '@angular/build': [ '21.2.7' ],
3135 silly audit   tslib: [ '2.8.1' ],
3135 silly audit   typescript: [ '5.9.3' ],
3135 silly audit   '@angular/compiler': [ '21.2.9' ],
3135 silly audit   '@angular/compiler-cli': [ '21.2.9' ],
3135 silly audit   '@angular/cli': [ '21.2.7' ],
3135 silly audit   '@angular/common': [ '21.2.9' ],
3135 silly audit   rxjs: [ '7.8.2' ],
3135 silly audit   '@angular/core': [ '21.2.9' ],
3135 silly audit   '@angular/forms': [ '21.2.9' ],
3135 silly audit   '@angular/platform-browser': [ '21.2.9' ],
3135 silly audit   '@angular/router': [ '21.2.9' ],
3135 silly audit   jsdom: [ '28.1.0' ],
3135 silly audit   prettier: [ '3.8.3' ],
3135 silly audit   vitest: [ '4.1.4' ],
3135 silly audit   '@ampproject/remapping': [ '2.3.0' ],
3135 silly audit   '@angular-devkit/architect': [ '0.2102.7' ],
3135 silly audit   '@babel/core': [ '7.29.0' ],
3135 silly audit   '@babel/helper-annotate-as-pure': [ '7.27.3' ],
3135 silly audit   '@babel/helper-split-export-declaration': [ '7.24.7' ],
3135 silly audit   '@inquirer/confirm': [ '5.1.21' ],
3135 silly audit   '@vitejs/plugin-basic-ssl': [ '2.1.4' ],
3135 silly audit   vite: [ '7.3.2' ],
3135 silly audit   beasties: [ '0.4.1' ],
3135 silly audit   browserslist: [ '4.28.2' ],
3135 silly audit   esbuild: [ '0.27.3' ],
3135 silly audit   'https-proxy-agent': [ '7.0.6' ],
3135 silly audit   'istanbul-lib-instrument': [ '6.0.3' ],
3135 silly audit   'jsonc-parser': [ '3.3.1' ],
3135 silly audit   listr2: [ '9.0.5' ],
3135 silly audit   lmdb: [ '3.5.1' ],
3135 silly audit   'magic-string': [ '0.30.21' ],
3135 silly audit   mrmime: [ '2.0.1' ],
3135 silly audit   'parse5-html-rewriting-stream': [ '8.0.0' ],
3135 silly audit   picomatch: [ '4.0.4' ],
3135 silly audit   piscina: [ '5.1.4' ],
3135 silly audit   rolldown: [ '1.0.0-rc.4' ],
3135 silly audit   sass: [ '1.97.3' ],
3135 silly audit   semver: [ '7.7.4', '6.3.1' ],
3135 silly audit   'source-map-support': [ '0.5.21' ],
3135 silly audit   tinyglobby: [ '0.2.15' ],
3135 silly audit   undici: [ '7.24.4' ],
3135 silly audit   watchpack: [ '2.5.1' ],
3135 silly audit   '@jridgewell/gen-mapping': [ '0.3.13' ],
3135 silly audit   '@jridgewell/trace-mapping': [ '0.3.31' ],
3135 silly audit   '@angular-devkit/core': [ '21.2.7' ],
3135 silly audit   ajv: [ '8.18.0' ],
3135 silly audit   'ajv-formats': [ '3.0.1' ],
3135 silly audit   'source-map': [ '0.7.6', '0.6.1' ],
3135 silly audit   '@angular-devkit/schematics': [ '21.2.7' ],
3135 silly audit   '@inquirer/prompts': [ '7.10.1' ],
3135 silly audit   '@listr2/prompt-adapter-inquirer': [ '3.0.5' ],
3135 silly audit   '@modelcontextprotocol/sdk': [ '1.26.0' ],
3135 silly audit   '@schematics/angular': [ '21.2.7' ],
3135 silly audit   '@yarnpkg/lockfile': [ '1.1.0' ],
3135 silly audit   algoliasearch: [ '5.48.1' ],
3135 silly audit   ini: [ '6.0.0' ],
3135 silly audit   'npm-package-arg': [ '13.0.2' ],
3135 silly audit   pacote: [ '21.3.1' ],
3135 silly audit   yargs: [ '18.0.0' ],
3135 silly audit   zod: [ '4.3.6' ],
3135 silly audit   ora: [ '9.3.0' ],
3135 silly audit   '@jridgewell/sourcemap-codec': [ '1.5.5' ],
3135 silly audit   chokidar: [ '5.0.0', '4.0.3' ],
3135 silly audit   'convert-source-map': [ '1.9.0', '2.0.0' ],
3135 silly audit   'reflect-metadata': [ '0.2.2' ],
3135 silly audit   '@standard-schema/spec': [ '1.1.0' ],
3135 silly audit   '@babel/code-frame': [ '7.29.0' ],
3135 silly audit   '@babel/generator': [ '7.29.1' ],
3135 silly audit   '@babel/helper-compilation-targets': [ '7.28.6' ],
3135 silly audit   '@babel/helper-module-transforms': [ '7.28.6' ],
3135 silly audit   '@babel/helpers': [ '7.29.2' ],
3135 silly audit   '@babel/parser': [ '7.29.2' ],
3135 silly audit   '@babel/template': [ '7.28.6' ],
3135 silly audit   '@babel/traverse': [ '7.29.0' ],
3135 silly audit   '@babel/types': [ '7.29.0' ],
3135 silly audit   '@jridgewell/remapping': [ '2.3.5' ],
3135 silly audit   debug: [ '4.4.3' ],
3135 silly audit   gensync: [ '1.0.0-beta.2' ],
3135 silly audit   json5: [ '2.2.3' ],
3135 silly audit   '@babel/helper-validator-identifier': [ '7.28.5' ],
3135 silly audit   'js-tokens': [ '4.0.0' ],
3135 silly audit   picocolors: [ '1.1.1' ],
3135 silly audit   jsesc: [ '3.1.0' ],
3135 silly audit   '@babel/compat-data': [ '7.29.0' ],
3135 silly audit   '@babel/helper-validator-option': [ '7.27.1' ],
3135 silly audit   'lru-cache': [ '5.1.1', '11.3.5' ],
3135 silly audit   '@babel/helper-module-imports': [ '7.28.6' ],
3135 silly audit   '@babel/helper-globals': [ '7.28.0' ],
3135 silly audit   '@babel/helper-string-parser': [ '7.27.1' ],
3135 silly audit   '@inquirer/core': [ '10.3.2' ],
3135 silly audit   '@inquirer/type': [ '3.0.10' ],
3135 silly audit   '@inquirer/ansi': [ '1.0.2' ],
3135 silly audit   '@inquirer/figures': [ '1.0.15' ],
3135 silly audit   'cli-width': [ '4.1.0' ],
3135 silly audit   'mute-stream': [ '2.0.0' ],
3135 silly audit   'signal-exit': [ '4.1.0' ],
3135 silly audit   'wrap-ansi': [ '6.2.0', '9.0.2' ],
3135 silly audit   'yoctocolors-cjs': [ '2.1.3' ],
3135 silly audit   '@inquirer/checkbox': [ '4.3.2' ],
3135 silly audit   '@inquirer/editor': [ '4.2.23' ],
3135 silly audit   '@inquirer/expand': [ '4.0.23' ],
3135 silly audit   '@inquirer/input': [ '4.3.1' ],
3135 silly audit   '@inquirer/number': [ '3.0.23' ],
3135 silly audit   '@inquirer/password': [ '4.0.23' ],
3135 silly audit   '@inquirer/rawlist': [ '4.1.11' ],
3135 silly audit   '@inquirer/search': [ '3.2.2' ],
3135 silly audit   '@inquirer/select': [ '4.4.2' ],
3135 silly audit   '@inquirer/external-editor': [ '1.0.3' ],
3135 silly audit   chardet: [ '2.1.1' ],
3135 silly audit   'iconv-lite': [ '0.7.2' ],
3135 silly audit   '@jridgewell/resolve-uri': [ '3.1.2' ],
3135 silly audit   '@hono/node-server': [ '1.19.14' ],
3135 silly audit   hono: [ '4.12.14' ],
3135 silly audit   'content-type': [ '1.0.5' ],
3135 silly audit   cors: [ '2.8.6' ],
3135 silly audit   'cross-spawn': [ '7.0.6' ],
3135 silly audit   eventsource: [ '3.0.7' ],
3135 silly audit   'eventsource-parser': [ '3.0.6' ],
3135 silly audit   express: [ '5.2.1' ],
3135 silly audit   'express-rate-limit': [ '8.3.2' ],
3135 silly audit   jose: [ '6.2.2' ],
3135 silly audit   'json-schema-typed': [ '8.0.2' ],
3135 silly audit   'pkce-challenge': [ '5.0.1' ],
3135 silly audit   'raw-body': [ '3.0.2' ],
3135 silly audit   'zod-to-json-schema': [ '3.25.2' ],
3135 silly audit   'fast-deep-equal': [ '3.1.3' ],
3135 silly audit   'fast-uri': [ '3.1.0' ],
3135 silly audit   'json-schema-traverse': [ '1.0.0' ],
3135 silly audit   'require-from-string': [ '2.0.2' ],
3135 silly audit   '@algolia/abtesting': [ '1.14.1' ],
3135 silly audit   '@algolia/client-abtesting': [ '5.48.1' ],
3135 silly audit   '@algolia/client-analytics': [ '5.48.1' ],
3135 silly audit   '@algolia/client-common': [ '5.48.1' ],
3135 silly audit   '@algolia/client-insights': [ '5.48.1' ],
3135 silly audit   '@algolia/client-personalization': [ '5.48.1' ],
3135 silly audit   '@algolia/client-query-suggestions': [ '5.48.1' ],
3135 silly audit   '@algolia/client-search': [ '5.48.1' ],
3135 silly audit   '@algolia/ingestion': [ '1.48.1' ],
3135 silly audit   '@algolia/monitoring': [ '1.48.1' ],
3135 silly audit   '@algolia/recommend': [ '5.48.1' ],
3135 silly audit   '@algolia/requester-browser-xhr': [ '5.48.1' ],
3135 silly audit   '@algolia/requester-fetch': [ '5.48.1' ],
3135 silly audit   '@algolia/requester-node-http': [ '5.48.1' ],
3135 silly audit   'css-select': [ '6.0.0' ],
3135 silly audit   'css-what': [ '7.0.0' ],
3135 silly audit   'dom-serializer': [ '2.0.0' ],
3135 silly audit   domhandler: [ '5.0.3' ],
3135 silly audit   htmlparser2: [ '10.1.0' ],
3135 silly audit   postcss: [ '8.5.10' ],
3135 silly audit   'postcss-media-query-parser': [ '0.2.3' ],
3135 silly audit   'postcss-safe-parser': [ '7.0.1' ],
3135 silly audit   'baseline-browser-mapping': [ '2.10.19' ],
3135 silly audit   'caniuse-lite': [ '1.0.30001788' ],
3135 silly audit   'electron-to-chromium': [ '1.5.339' ],
3135 silly audit   'node-releases': [ '2.0.37' ],
3135 silly audit   'update-browserslist-db': [ '1.2.3' ],
3135 silly audit   readdirp: [ '5.0.0', '4.1.2' ],
3135 silly audit   'object-assign': [ '4.1.1' ],
3135 silly audit   vary: [ '1.1.2' ],
3135 silly audit   'path-key': [ '3.1.1' ],
3135 silly audit   'shebang-command': [ '2.0.0' ],
3135 silly audit   which: [ '2.0.2', '6.0.1' ],
3135 silly audit   boolbase: [ '1.0.0' ],
3135 silly audit   domutils: [ '3.2.2' ],
3135 silly audit   'nth-check': [ '2.1.1' ],
3135 silly audit   ms: [ '2.1.3' ],
3135 silly audit   domelementtype: [ '2.3.0' ],
3135 silly audit   entities: [ '4.5.0', '7.0.1', '6.0.1' ],
3135 silly audit   '@esbuild/aix-ppc64': [ '0.27.3' ],
3135 silly audit   '@esbuild/android-arm': [ '0.27.3' ],
3135 silly audit   '@esbuild/android-arm64': [ '0.27.3' ],
3135 silly audit   '@esbuild/android-x64': [ '0.27.3' ],
3135 silly audit   '@esbuild/darwin-arm64': [ '0.27.3' ],
3135 silly audit   '@esbuild/darwin-x64': [ '0.27.3' ],
3135 silly audit   '@esbuild/freebsd-arm64': [ '0.27.3' ],
3135 silly audit   '@esbuild/freebsd-x64': [ '0.27.3' ],
3135 silly audit   '@esbuild/linux-arm': [ '0.27.3' ],
3135 silly audit   '@esbuild/linux-arm64': [ '0.27.3' ],
3135 silly audit   '@esbuild/linux-ia32': [ '0.27.3' ],
3135 silly audit   '@esbuild/linux-loong64': [ '0.27.3' ],
3135 silly audit   '@esbuild/linux-mips64el': [ '0.27.3' ],
3135 silly audit   '@esbuild/linux-ppc64': [ '0.27.3' ],
3135 silly audit   '@esbuild/linux-riscv64': [ '0.27.3' ],
3135 silly audit   '@esbuild/linux-s390x': [ '0.27.3' ],
3135 silly audit   '@esbuild/linux-x64': [ '0.27.3' ],
3135 silly audit   '@esbuild/netbsd-arm64': [ '0.27.3' ],
3135 silly audit   '@esbuild/netbsd-x64': [ '0.27.3' ],
3135 silly audit   '@esbuild/openbsd-arm64': [ '0.27.3' ],
3135 silly audit   '@esbuild/openbsd-x64': [ '0.27.3' ],
3135 silly audit   '@esbuild/openharmony-arm64': [ '0.27.3' ],
3135 silly audit   '@esbuild/sunos-x64': [ '0.27.3' ],
3135 silly audit   '@esbuild/win32-arm64': [ '0.27.3' ],
3135 silly audit   '@esbuild/win32-ia32': [ '0.27.3' ],
3135 silly audit   '@esbuild/win32-x64': [ '0.27.3' ],
3135 silly audit   accepts: [ '2.0.0' ],
3135 silly audit   'body-parser': [ '2.2.2' ],
3135 silly audit   'content-disposition': [ '1.1.0' ],
3135 silly audit   cookie: [ '0.7.2' ],
3135 silly audit   'cookie-signature': [ '1.2.2' ],
3135 silly audit   depd: [ '2.0.0' ],
3135 silly audit   encodeurl: [ '2.0.0' ],
3135 silly audit   'escape-html': [ '1.0.3' ],
3135 silly audit   etag: [ '1.8.1' ],
3135 silly audit   finalhandler: [ '2.1.1' ],
3135 silly audit   fresh: [ '2.0.0' ],
3135 silly audit   'http-errors': [ '2.0.1' ],
3135 silly audit   'merge-descriptors': [ '2.0.0' ],
3135 silly audit   'mime-types': [ '3.0.2' ],
3135 silly audit   'on-finished': [ '2.4.1' ],
3135 silly audit   once: [ '1.4.0' ],
3135 silly audit   parseurl: [ '1.3.3' ],
3135 silly audit   'proxy-addr': [ '2.0.7' ],
3135 silly audit   qs: [ '6.15.1' ],
3135 silly audit   'range-parser': [ '1.2.1' ],
3135 silly audit   router: [ '2.2.0' ],
3135 silly audit   send: [ '1.2.1' ],
3135 silly audit   'serve-static': [ '2.2.1' ],
3135 silly audit   statuses: [ '2.0.2' ],
3135 silly audit   'type-is': [ '2.0.1' ],
3135 silly audit   negotiator: [ '1.0.0' ],
3135 silly audit   bytes: [ '3.1.2' ],
3135 silly audit   'ip-address': [ '10.1.0' ],
3135 silly audit   inherits: [ '2.0.4' ],
3135 silly audit   setprototypeof: [ '1.2.0' ],
3135 silly audit   toidentifier: [ '1.0.1' ],
3135 silly audit   'agent-base': [ '7.1.4' ],
3135 silly audit   'safer-buffer': [ '2.1.2' ],
3135 silly audit   '@istanbuljs/schema': [ '0.1.6' ],
3135 silly audit   'istanbul-lib-coverage': [ '3.2.2' ],
3135 silly audit   '@acemir/cssom': [ '0.9.31' ],
3135 silly audit   '@asamuzakjp/dom-selector': [ '6.8.1' ],
3135 silly audit   '@bramus/specificity': [ '2.4.2' ],
3135 silly audit   '@exodus/bytes': [ '1.15.0' ],
3135 silly audit   cssstyle: [ '6.2.0' ],
3135 silly audit   'data-urls': [ '7.0.0' ],
3135 silly audit   'decimal.js': [ '10.6.0' ],
3135 silly audit   'html-encoding-sniffer': [ '6.0.0' ],
3135 silly audit   'http-proxy-agent': [ '7.0.2' ],
3135 silly audit   'is-potential-custom-element-name': [ '1.0.1' ],
3135 silly audit   parse5: [ '8.0.0' ],
3135 silly audit   saxes: [ '6.0.0' ],
3135 silly audit   'symbol-tree': [ '3.2.4' ],
3135 silly audit   'tough-cookie': [ '6.0.1' ],
3135 silly audit   'w3c-xmlserializer': [ '5.0.0' ],
3135 silly audit   'webidl-conversions': [ '8.0.1' ],
3135 silly audit   'whatwg-mimetype': [ '5.0.0' ],
3135 silly audit   'whatwg-url': [ '16.0.1' ],
3135 silly audit   'xml-name-validator': [ '5.0.0' ],
3135 silly audit   '@asamuzakjp/nwsapi': [ '2.3.9' ],
3135 silly audit   'bidi-js': [ '1.0.3' ],
3135 silly audit   'css-tree': [ '3.2.1' ],
3135 silly audit   'mdn-data': [ '2.27.1' ],
3135 silly audit   'source-map-js': [ '1.2.1' ],
3135 silly audit   '@asamuzakjp/css-color': [ '5.1.11' ],
3135 silly audit   '@csstools/css-syntax-patches-for-csstree': [ '1.1.3' ],
3135 silly audit   '@asamuzakjp/generational-cache': [ '1.0.1' ],
3135 silly audit   '@csstools/css-calc': [ '3.2.0' ],
3135 silly audit   '@csstools/css-parser-algorithms': [ '4.0.0' ],
3135 silly audit   '@csstools/css-tokenizer': [ '4.0.0' ],
3135 silly audit   '@csstools/css-color-parser': [ '4.1.0' ],
3135 silly audit   '@csstools/color-helpers': [ '6.0.2' ],
3135 silly audit   'cli-truncate': [ '5.2.0' ],
3135 silly audit   colorette: [ '2.0.20' ],
3135 silly audit   eventemitter3: [ '5.0.4' ],
3135 silly audit   'log-update': [ '6.1.0' ],
3135 silly audit   rfdc: [ '1.4.1' ],
3135 silly audit   'slice-ansi': [ '8.0.0', '7.1.2' ],
3135 silly audit   'string-width': [ '8.2.0', '4.2.3', '7.2.0' ],
3135 silly audit   '@harperfast/extended-iterable': [ '1.0.3' ],
3135 silly audit   '@lmdb/lmdb-darwin-arm64': [ '3.5.1' ],
3135 silly audit   '@lmdb/lmdb-darwin-x64': [ '3.5.1' ],
3135 silly audit   '@lmdb/lmdb-linux-arm': [ '3.5.1' ],
3135 silly audit   '@lmdb/lmdb-linux-arm64': [ '3.5.1' ],
3135 silly audit   '@lmdb/lmdb-linux-x64': [ '3.5.1' ],
3135 silly audit   '@lmdb/lmdb-win32-arm64': [ '3.5.1' ],
3135 silly audit   '@lmdb/lmdb-win32-x64': [ '3.5.1' ],
3135 silly audit   msgpackr: [ '1.11.9' ],
3135 silly audit   'node-addon-api': [ '6.1.0', '7.1.1' ],
3135 silly audit   'node-gyp-build-optional-packages': [ '5.2.2' ],
3135 silly audit   'ordered-binary': [ '1.6.1' ],
3135 silly audit   'weak-lru-cache': [ '1.2.2' ],
3135 silly audit   'ansi-escapes': [ '7.3.0' ],
3135 silly audit   'cli-cursor': [ '5.0.0' ],
3135 silly audit   'strip-ansi': [ '7.2.0', '6.0.1' ],
3135 silly audit   environment: [ '1.1.0' ],
3135 silly audit   'restore-cursor': [ '5.1.0' ],
3135 silly audit   yallist: [ '3.1.1', '5.0.0', '4.0.0' ],
3135 silly audit   'mime-db': [ '1.54.0' ],
3135 silly audit   'msgpackr-extract': [ '3.0.3' ],
3135 silly audit   '@msgpackr-extract/msgpackr-extract-darwin-arm64': [ '3.0.3' ],
3135 silly audit   '@msgpackr-extract/msgpackr-extract-darwin-x64': [ '3.0.3' ],
3135 silly audit   '@msgpackr-extract/msgpackr-extract-linux-arm': [ '3.0.3' ],
3135 silly audit   '@msgpackr-extract/msgpackr-extract-linux-arm64': [ '3.0.3' ],
3135 silly audit   '@msgpackr-extract/msgpackr-extract-linux-x64': [ '3.0.3' ],
3135 silly audit   '@msgpackr-extract/msgpackr-extract-win32-x64': [ '3.0.3' ],
3135 silly audit   'detect-libc': [ '2.1.2' ],
3135 silly audit   'hosted-git-info': [ '9.0.2' ],
3135 silly audit   'proc-log': [ '6.1.0' ],
3135 silly audit   'validate-npm-package-name': [ '7.0.2' ],
3135 silly audit   'ee-first': [ '1.1.1' ],
3135 silly audit   wrappy: [ '1.0.2' ],
3135 silly audit   chalk: [ '5.6.2' ],
3135 silly audit   'cli-spinners': [ '3.4.0' ],
3135 silly audit   'is-interactive': [ '2.0.0' ],
3135 silly audit   'is-unicode-supported': [ '2.1.0' ],
3135 silly audit   'log-symbols': [ '7.0.1' ],
3135 silly audit   'stdin-discarder': [ '0.3.2' ],
3135 silly audit   yoctocolors: [ '2.1.2' ],
3135 silly audit   '@npmcli/git': [ '7.0.2' ],
3135 silly audit   '@npmcli/installed-package-contents': [ '4.0.0' ],
3135 silly audit   '@npmcli/package-json': [ '7.0.5' ],
3135 silly audit   '@npmcli/promise-spawn': [ '9.0.1' ],
3135 silly audit   '@npmcli/run-script': [ '10.0.4' ],
3135 silly audit   cacache: [ '20.0.4' ],
3135 silly audit   'fs-minipass': [ '3.0.3' ],
3135 silly audit   minipass: [ '7.1.3', '3.3.6' ],
3135 silly audit   'npm-packlist': [ '10.0.4' ],
3135 silly audit   'npm-pick-manifest': [ '11.0.3' ],
3135 silly audit   'npm-registry-fetch': [ '19.1.1' ],
3135 silly audit   'promise-retry': [ '2.0.1' ],
3135 silly audit   sigstore: [ '4.1.0' ],
3135 silly audit   ssri: [ '13.0.1' ],
3135 silly audit   tar: [ '7.5.13' ],
3135 silly audit   '@gar/promise-retry': [ '1.0.3' ],
3135 silly audit   'npm-bundled': [ '5.0.0' ],
3135 silly audit   'npm-normalize-package-bin': [ '5.0.0' ],
3135 silly audit   glob: [ '13.0.6' ],
3135 silly audit   'json-parse-even-better-errors': [ '5.0.0' ],
3135 silly audit   'spdx-expression-parse': [ '4.0.0' ],
3135 silly audit   '@npmcli/node-gyp': [ '5.0.0' ],
3135 silly audit   'node-gyp': [ '12.2.0' ],
3135 silly audit   '@npmcli/fs': [ '5.0.0' ],
3135 silly audit   'minipass-collect': [ '2.0.1' ],
3135 silly audit   'minipass-flush': [ '1.0.7' ],
3135 silly audit   'minipass-pipeline': [ '1.2.4' ],
3135 silly audit   'p-map': [ '7.0.4' ],
3135 silly audit   minimatch: [ '10.2.5' ],
3135 silly audit   'path-scurry': [ '2.0.2' ],
3135 silly audit   'brace-expansion': [ '5.0.5' ],
3135 silly audit   'balanced-match': [ '4.0.4' ],
3135 silly audit   'env-paths': [ '2.2.1' ],
3135 silly audit   'exponential-backoff': [ '3.1.3' ],
3135 silly audit   'graceful-fs': [ '4.2.11' ],
3135 silly audit   'make-fetch-happen': [ '15.0.5' ],
3135 silly audit   nopt: [ '9.0.0' ],
3135 silly audit   '@npmcli/agent': [ '4.0.0' ],
3135 silly audit   '@npmcli/redact': [ '4.0.0' ],
3135 silly audit   'http-cache-semantics': [ '4.2.0' ],
3135 silly audit   'minipass-fetch': [ '5.0.2' ],
3135 silly audit   'socks-proxy-agent': [ '8.0.5' ],
3135 silly audit   'minipass-sized': [ '2.0.0' ],
3135 silly audit   minizlib: [ '3.1.0' ],
3135 silly audit   abbrev: [ '4.0.0' ],
3135 silly audit   'ignore-walk': [ '8.0.0' ],
3135 silly audit   'npm-install-checks': [ '8.0.0' ],
3135 silly audit   jsonparse: [ '1.3.1' ],
3135 silly audit   'parse5-sax-parser': [ '8.0.0' ],
3135 silly audit   '@napi-rs/nice': [ '1.1.1' ],
3135 silly audit   '@napi-rs/nice-android-arm-eabi': [ '1.1.1' ],
3135 silly audit   '@napi-rs/nice-android-arm64': [ '1.1.1' ],
3135 silly audit   '@napi-rs/nice-darwin-arm64': [ '1.1.1' ],
3135 silly audit   '@napi-rs/nice-darwin-x64': [ '1.1.1' ],
3135 silly audit   '@napi-rs/nice-freebsd-x64': [ '1.1.1' ],
3135 silly audit   '@napi-rs/nice-linux-arm-gnueabihf': [ '1.1.1' ],
3135 silly audit   '@napi-rs/nice-linux-arm64-gnu': [ '1.1.1' ],
3135 silly audit   '@napi-rs/nice-linux-arm64-musl': [ '1.1.1' ],
3135 silly audit   '@napi-rs/nice-linux-ppc64-gnu': [ '1.1.1' ],
3135 silly audit   '@napi-rs/nice-linux-riscv64-gnu': [ '1.1.1' ],
3135 silly audit   '@napi-rs/nice-linux-s390x-gnu': [ '1.1.1' ],
3135 silly audit   '@napi-rs/nice-linux-x64-gnu': [ '1.1.1' ],
3135 silly audit   '@napi-rs/nice-linux-x64-musl': [ '1.1.1' ],
3135 silly audit   '@napi-rs/nice-openharmony-arm64': [ '1.1.1' ],
3135 silly audit   '@napi-rs/nice-win32-arm64-msvc': [ '1.1.1' ],
3135 silly audit   '@napi-rs/nice-win32-ia32-msvc': [ '1.1.1' ],
3135 silly audit   '@napi-rs/nice-win32-x64-msvc': [ '1.1.1' ],
3135 silly audit   nanoid: [ '3.3.11' ],
3135 silly audit   'err-code': [ '2.0.3' ],
3135 silly audit   retry: [ '0.12.0' ],
3135 silly audit   forwarded: [ '0.2.0' ],
3135 silly audit   'ipaddr.js': [ '1.9.1' ],
3135 silly audit   'side-channel': [ '1.1.0' ],
3135 silly audit   unpipe: [ '1.0.0' ],
3135 silly audit   onetime: [ '7.0.0' ],
3135 silly audit   'mimic-function': [ '5.0.1' ],
3135 silly audit   '@oxc-project/types': [ '0.113.0' ],
3135 silly audit   '@rolldown/binding-android-arm64': [ '1.0.0-rc.4' ],
3135 silly audit   '@rolldown/binding-darwin-arm64': [ '1.0.0-rc.4' ],
3135 silly audit   '@rolldown/binding-darwin-x64': [ '1.0.0-rc.4' ],
3135 silly audit   '@rolldown/binding-freebsd-x64': [ '1.0.0-rc.4' ],
3135 silly audit   '@rolldown/binding-linux-arm-gnueabihf': [ '1.0.0-rc.4' ],
3135 silly audit   '@rolldown/binding-linux-arm64-gnu': [ '1.0.0-rc.4' ],
3135 silly audit   '@rolldown/binding-linux-arm64-musl': [ '1.0.0-rc.4' ],
3135 silly audit   '@rolldown/binding-linux-x64-gnu': [ '1.0.0-rc.4' ],
3135 silly audit   '@rolldown/binding-linux-x64-musl': [ '1.0.0-rc.4' ],
3135 silly audit   '@rolldown/binding-openharmony-arm64': [ '1.0.0-rc.4' ],
3135 silly audit   '@rolldown/binding-wasm32-wasi': [ '1.0.0-rc.4' ],
3135 silly audit   '@rolldown/binding-win32-arm64-msvc': [ '1.0.0-rc.4' ],
3135 silly audit   '@rolldown/binding-win32-x64-msvc': [ '1.0.0-rc.4' ],
3135 silly audit   '@rolldown/pluginutils': [ '1.0.0-rc.4' ],
3135 silly audit   '@napi-rs/wasm-runtime': [ '1.1.4' ],
3135 silly audit   '@emnapi/core': [ '1.10.0' ],
3135 silly audit   '@emnapi/runtime': [ '1.10.0' ],
3135 silly audit   '@emnapi/wasi-threads': [ '1.2.1' ],
3135 silly audit   '@tybys/wasm-util': [ '0.10.1' ],
3135 silly audit   'is-promise': [ '4.0.0' ],
3135 silly audit   'path-to-regexp': [ '8.4.2' ],
3135 silly audit   '@parcel/watcher': [ '2.5.6' ],
3135 silly audit   immutable: [ '5.1.5' ],
3135 silly audit   '@parcel/watcher-android-arm64': [ '2.5.6' ],
3135 silly audit   '@parcel/watcher-darwin-arm64': [ '2.5.6' ],
3135 silly audit   '@parcel/watcher-darwin-x64': [ '2.5.6' ],
3135 silly audit   '@parcel/watcher-freebsd-x64': [ '2.5.6' ],
3135 silly audit   '@parcel/watcher-linux-arm-glibc': [ '2.5.6' ],
3135 silly audit   '@parcel/watcher-linux-arm-musl': [ '2.5.6' ],
3135 silly audit   '@parcel/watcher-linux-arm64-glibc': [ '2.5.6' ],
3135 silly audit   '@parcel/watcher-linux-arm64-musl': [ '2.5.6' ],
3135 silly audit   '@parcel/watcher-linux-x64-glibc': [ '2.5.6' ],
3135 silly audit   '@parcel/watcher-linux-x64-musl': [ '2.5.6' ],
3135 silly audit   '@parcel/watcher-win32-arm64': [ '2.5.6' ],
3135 silly audit   '@parcel/watcher-win32-ia32': [ '2.5.6' ],
3135 silly audit   '@parcel/watcher-win32-x64': [ '2.5.6' ],
3135 silly audit   'is-glob': [ '4.0.3' ],
3135 silly audit   'is-extglob': [ '2.1.1' ],
3135 silly audit   xmlchars: [ '2.2.0' ],
3135 silly audit   'shebang-regex': [ '3.0.0' ],
3135 silly audit   'es-errors': [ '1.3.0' ],
3135 silly audit   'object-inspect': [ '1.13.4' ],
3135 silly audit   'side-channel-list': [ '1.0.1' ],
3135 silly audit   'side-channel-map': [ '1.0.1' ],
3135 silly audit   'side-channel-weakmap': [ '1.0.2' ],
3135 silly audit   'call-bound': [ '1.0.4' ],
3135 silly audit   'get-intrinsic': [ '1.3.0' ],
3135 silly audit   'call-bind-apply-helpers': [ '1.0.2' ],
3135 silly audit   'function-bind': [ '1.1.2' ],
3135 silly audit   'es-define-property': [ '1.0.1' ],
3135 silly audit   'es-object-atoms': [ '1.1.1' ],
3135 silly audit   'get-proto': [ '1.0.1' ],
3135 silly audit   gopd: [ '1.2.0' ],
3135 silly audit   'has-symbols': [ '1.1.0' ],
3135 silly audit   hasown: [ '2.0.2' ],
3135 silly audit   'math-intrinsics': [ '1.1.0' ],
3135 silly audit   'dunder-proto': [ '1.0.1' ],
3135 silly audit   '@sigstore/bundle': [ '4.0.0' ],
3135 silly audit   '@sigstore/core': [ '3.2.0' ],
3135 silly audit   '@sigstore/protobuf-specs': [ '0.5.1' ],
3135 silly audit   '@sigstore/sign': [ '4.1.1' ],
3135 silly audit   '@sigstore/tuf': [ '4.0.2' ],
3135 silly audit   '@sigstore/verify': [ '3.1.0' ],
3135 silly audit   'tuf-js': [ '4.1.0' ],
3135 silly audit   'ansi-styles': [ '6.2.3', '4.3.0' ],
3135 silly audit   'is-fullwidth-code-point': [ '5.1.0', '3.0.0' ],
3135 silly audit   'get-east-asian-width': [ '1.5.0' ],
3135 silly audit   socks: [ '2.8.7' ],
3135 silly audit   'smart-buffer': [ '4.2.0' ],
3135 silly audit   'buffer-from': [ '1.1.2' ],
3135 silly audit   'spdx-exceptions': [ '2.5.0' ],
3135 silly audit   'spdx-license-ids': [ '3.0.23' ],
3135 silly audit   'ansi-regex': [ '6.2.2', '5.0.1' ],
3135 silly audit   '@isaacs/fs-minipass': [ '4.0.1' ],
3135 silly audit   chownr: [ '3.0.0' ],
3135 silly audit   fdir: [ '6.5.0' ],
3135 silly audit   tldts: [ '7.0.28' ],
3135 silly audit   'tldts-core': [ '7.0.28' ],
3135 silly audit   '@tufjs/models': [ '4.1.0' ],
3135 silly audit   '@tufjs/canonical-json': [ '2.0.0' ],
3135 silly audit   'media-typer': [ '1.1.0' ],
3135 silly audit   escalade: [ '3.2.0' ],
3135 silly audit   fsevents: [ '2.3.3' ],
3135 silly audit   rollup: [ '4.60.1' ],
3135 silly audit   '@rollup/rollup-android-arm-eabi': [ '4.60.1' ],
3135 silly audit   '@rollup/rollup-android-arm64': [ '4.60.1' ],
3135 silly audit   '@rollup/rollup-darwin-arm64': [ '4.60.1' ],
3135 silly audit   '@rollup/rollup-darwin-x64': [ '4.60.1' ],
3135 silly audit   '@rollup/rollup-freebsd-arm64': [ '4.60.1' ],
3135 silly audit   '@rollup/rollup-freebsd-x64': [ '4.60.1' ],
3135 silly audit   '@rollup/rollup-linux-arm-gnueabihf': [ '4.60.1' ],
3135 silly audit   '@rollup/rollup-linux-arm-musleabihf': [ '4.60.1' ],
3135 silly audit   '@rollup/rollup-linux-arm64-gnu': [ '4.60.1' ],
3135 silly audit   '@rollup/rollup-linux-arm64-musl': [ '4.60.1' ],
3135 silly audit   '@rollup/rollup-linux-loong64-gnu': [ '4.60.1' ],
3135 silly audit   '@rollup/rollup-linux-loong64-musl': [ '4.60.1' ],
3135 silly audit   '@rollup/rollup-linux-ppc64-gnu': [ '4.60.1' ],
3135 silly audit   '@rollup/rollup-linux-ppc64-musl': [ '4.60.1' ],
3135 silly audit   '@rollup/rollup-linux-riscv64-gnu': [ '4.60.1' ],
3135 silly audit   '@rollup/rollup-linux-riscv64-musl': [ '4.60.1' ],
3135 silly audit   '@rollup/rollup-linux-s390x-gnu': [ '4.60.1' ],
3135 silly audit   '@rollup/rollup-linux-x64-gnu': [ '4.60.1' ],
3135 silly audit   '@rollup/rollup-linux-x64-musl': [ '4.60.1' ],
3135 silly audit   '@rollup/rollup-openbsd-x64': [ '4.60.1' ],
3135 silly audit   '@rollup/rollup-openharmony-arm64': [ '4.60.1' ],
3135 silly audit   '@rollup/rollup-win32-arm64-msvc': [ '4.60.1' ],
3135 silly audit   '@rollup/rollup-win32-ia32-msvc': [ '4.60.1' ],
3135 silly audit   '@rollup/rollup-win32-x64-gnu': [ '4.60.1' ],
3135 silly audit   '@rollup/rollup-win32-x64-msvc': [ '4.60.1' ],
3135 silly audit   '@types/estree': [ '1.0.8' ],
3135 silly audit   '@vitest/expect': [ '4.1.4' ],
3135 silly audit   '@vitest/mocker': [ '4.1.4' ],
3135 silly audit   '@vitest/pretty-format': [ '4.1.4' ],
3135 silly audit   '@vitest/runner': [ '4.1.4' ],
3135 silly audit   '@vitest/snapshot': [ '4.1.4' ],
3135 silly audit   '@vitest/spy': [ '4.1.4' ],
3135 silly audit   '@vitest/utils': [ '4.1.4' ],
3135 silly audit   'es-module-lexer': [ '2.0.0' ],
3135 silly audit   'expect-type': [ '1.3.0' ],
3135 silly audit   obug: [ '2.1.1' ],
3135 silly audit   pathe: [ '2.0.3' ],
3135 silly audit   'std-env': [ '4.1.0' ],
3135 silly audit   tinybench: [ '2.9.0' ],
3135 silly audit   tinyexec: [ '1.1.1' ],
3135 silly audit   tinyrainbow: [ '3.1.0' ],
3135 silly audit   'why-is-node-running': [ '2.3.0' ],
3135 silly audit   '@types/chai': [ '5.2.3' ],
3135 silly audit   chai: [ '6.2.2' ],
3135 silly audit   '@types/deep-eql': [ '4.0.2' ],
3135 silly audit   'assertion-error': [ '2.0.1' ],
3135 silly audit   'estree-walker': [ '3.0.3' ],
3135 silly audit   'glob-to-regexp': [ '0.4.1' ],
3135 silly audit   tr46: [ '6.0.0' ],
3135 silly audit   punycode: [ '2.3.1' ],
3135 silly audit   isexe: [ '2.0.0', '4.0.0' ],
3135 silly audit   siginfo: [ '2.0.0' ],
3135 silly audit   stackback: [ '0.0.2' ],
3135 silly audit   cliui: [ '9.0.1' ],
3135 silly audit   'get-caller-file': [ '2.0.5' ],
3135 silly audit   y18n: [ '5.0.8' ],
3135 silly audit   'yargs-parser': [ '22.0.0' ],
3135 silly audit   'emoji-regex': [ '10.6.0', '8.0.0' ],
3135 silly audit   'color-convert': [ '2.0.1' ],
3135 silly audit   'color-name': [ '1.1.4' ]
3135 silly audit }
3136 http cache color-name@https://registry.npmjs.org/color-name/-/color-name-1.1.4.tgz 0ms (cache hit)
3137 http cache color-convert@https://registry.npmjs.org/color-convert/-/color-convert-2.0.1.tgz 0ms (cache hit)
3138 http cache emoji-regex@https://registry.npmjs.org/emoji-regex/-/emoji-regex-10.6.0.tgz 0ms (cache hit)
3139 http cache y18n@https://registry.npmjs.org/y18n/-/y18n-5.0.8.tgz 0ms (cache hit)
3140 http cache yargs-parser@https://registry.npmjs.org/yargs-parser/-/yargs-parser-22.0.0.tgz 0ms (cache hit)
3141 http cache get-caller-file@https://registry.npmjs.org/get-caller-file/-/get-caller-file-2.0.5.tgz 0ms (cache hit)
3142 http cache stackback@https://registry.npmjs.org/stackback/-/stackback-0.0.2.tgz 0ms (cache hit)
3143 http cache cliui@https://registry.npmjs.org/cliui/-/cliui-9.0.1.tgz 0ms (cache hit)
3144 http cache isexe@https://registry.npmjs.org/isexe/-/isexe-2.0.0.tgz 0ms (cache hit)
3145 http cache punycode@https://registry.npmjs.org/punycode/-/punycode-2.3.1.tgz 0ms (cache hit)
3146 http cache siginfo@https://registry.npmjs.org/siginfo/-/siginfo-2.0.0.tgz 0ms (cache hit)
3147 http cache tr46@https://registry.npmjs.org/tr46/-/tr46-6.0.0.tgz 0ms (cache hit)
3148 http cache glob-to-regexp@https://registry.npmjs.org/glob-to-regexp/-/glob-to-regexp-0.4.1.tgz 0ms (cache hit)
3149 http cache @types/chai@https://registry.npmjs.org/@types/chai/-/chai-5.2.3.tgz 0ms (cache hit)
3150 http cache @types/deep-eql@https://registry.npmjs.org/@types/deep-eql/-/deep-eql-4.0.2.tgz 0ms (cache hit)
3151 http cache assertion-error@https://registry.npmjs.org/assertion-error/-/assertion-error-2.0.1.tgz 0ms (cache hit)
3152 http cache estree-walker@https://registry.npmjs.org/estree-walker/-/estree-walker-3.0.3.tgz 0ms (cache hit)
3153 http cache chai@https://registry.npmjs.org/chai/-/chai-6.2.2.tgz 0ms (cache hit)
3154 http cache tinyrainbow@https://registry.npmjs.org/tinyrainbow/-/tinyrainbow-3.1.0.tgz 0ms (cache hit)
3155 http cache tinybench@https://registry.npmjs.org/tinybench/-/tinybench-2.9.0.tgz 0ms (cache hit)
3156 http cache tinyexec@https://registry.npmjs.org/tinyexec/-/tinyexec-1.1.1.tgz 0ms (cache hit)
3157 http cache why-is-node-running@https://registry.npmjs.org/why-is-node-running/-/why-is-node-running-2.3.0.tgz 0ms (cache hit)
3158 http cache std-env@https://registry.npmjs.org/std-env/-/std-env-4.1.0.tgz 0ms (cache hit)
3159 http cache pathe@https://registry.npmjs.org/pathe/-/pathe-2.0.3.tgz 0ms (cache hit)
3160 http cache obug@https://registry.npmjs.org/obug/-/obug-2.1.1.tgz 0ms (cache hit)
3161 http cache expect-type@https://registry.npmjs.org/expect-type/-/expect-type-1.3.0.tgz 0ms (cache hit)
3162 http cache es-module-lexer@https://registry.npmjs.org/es-module-lexer/-/es-module-lexer-2.0.0.tgz 0ms (cache hit)
3163 http cache @vitest/utils@https://registry.npmjs.org/@vitest/utils/-/utils-4.1.4.tgz 0ms (cache hit)
3164 http cache @vitest/spy@https://registry.npmjs.org/@vitest/spy/-/spy-4.1.4.tgz 0ms (cache hit)
3165 http cache @vitest/runner@https://registry.npmjs.org/@vitest/runner/-/runner-4.1.4.tgz 0ms (cache hit)
3166 http cache @vitest/pretty-format@https://registry.npmjs.org/@vitest/pretty-format/-/pretty-format-4.1.4.tgz 0ms (cache hit)
3167 http cache @vitest/snapshot@https://registry.npmjs.org/@vitest/snapshot/-/snapshot-4.1.4.tgz 0ms (cache hit)
3168 http cache @vitest/mocker@https://registry.npmjs.org/@vitest/mocker/-/mocker-4.1.4.tgz 0ms (cache hit)
3169 http cache @vitest/expect@https://registry.npmjs.org/@vitest/expect/-/expect-4.1.4.tgz 0ms (cache hit)
3170 http cache @types/estree@https://registry.npmjs.org/@types/estree/-/estree-1.0.8.tgz 0ms (cache hit)
3171 http cache @rollup/rollup-win32-x64-gnu@https://registry.npmjs.org/@rollup/rollup-win32-x64-gnu/-/rollup-win32-x64-gnu-4.60.1.tgz 0ms (cache hit)
3172 http cache @rollup/rollup-win32-x64-msvc@https://registry.npmjs.org/@rollup/rollup-win32-x64-msvc/-/rollup-win32-x64-msvc-4.60.1.tgz 0ms (cache hit)
3173 http cache @tufjs/canonical-json@https://registry.npmjs.org/@tufjs/canonical-json/-/canonical-json-2.0.0.tgz 0ms (cache hit)
3174 http cache @tufjs/models@https://registry.npmjs.org/@tufjs/models/-/models-4.1.0.tgz 0ms (cache hit)
3175 http cache rollup@https://registry.npmjs.org/rollup/-/rollup-4.60.1.tgz 0ms (cache hit)
3176 http cache escalade@https://registry.npmjs.org/escalade/-/escalade-3.2.0.tgz 0ms (cache hit)
3177 http cache media-typer@https://registry.npmjs.org/media-typer/-/media-typer-1.1.0.tgz 0ms (cache hit)
3178 http cache tldts-core@https://registry.npmjs.org/tldts-core/-/tldts-core-7.0.28.tgz 0ms (cache hit)
3179 http cache tldts@https://registry.npmjs.org/tldts/-/tldts-7.0.28.tgz 0ms (cache hit)
3180 http cache fdir@https://registry.npmjs.org/fdir/-/fdir-6.5.0.tgz 0ms (cache hit)
3181 http cache @isaacs/fs-minipass@https://registry.npmjs.org/@isaacs/fs-minipass/-/fs-minipass-4.0.1.tgz 0ms (cache hit)
3182 http cache chownr@https://registry.npmjs.org/chownr/-/chownr-3.0.0.tgz 0ms (cache hit)
3183 http cache ansi-regex@https://registry.npmjs.org/ansi-regex/-/ansi-regex-6.2.2.tgz 0ms (cache hit)
3184 http cache spdx-license-ids@https://registry.npmjs.org/spdx-license-ids/-/spdx-license-ids-3.0.23.tgz 0ms (cache hit)
3185 http cache spdx-exceptions@https://registry.npmjs.org/spdx-exceptions/-/spdx-exceptions-2.5.0.tgz 0ms (cache hit)
3186 http cache smart-buffer@https://registry.npmjs.org/smart-buffer/-/smart-buffer-4.2.0.tgz 0ms (cache hit)
3187 http cache buffer-from@https://registry.npmjs.org/buffer-from/-/buffer-from-1.1.2.tgz 0ms (cache hit)
3188 http cache socks@https://registry.npmjs.org/socks/-/socks-2.8.7.tgz 0ms (cache hit)
3189 http cache get-east-asian-width@https://registry.npmjs.org/get-east-asian-width/-/get-east-asian-width-1.5.0.tgz 0ms (cache hit)
3190 http cache is-fullwidth-code-point@https://registry.npmjs.org/is-fullwidth-code-point/-/is-fullwidth-code-point-5.1.0.tgz 0ms (cache hit)
3191 http cache tuf-js@https://registry.npmjs.org/tuf-js/-/tuf-js-4.1.0.tgz 0ms (cache hit)
3192 http cache @sigstore/verify@https://registry.npmjs.org/@sigstore/verify/-/verify-3.1.0.tgz 0ms (cache hit)
3193 http cache ansi-styles@https://registry.npmjs.org/ansi-styles/-/ansi-styles-6.2.3.tgz 0ms (cache hit)
3194 http cache @sigstore/tuf@https://registry.npmjs.org/@sigstore/tuf/-/tuf-4.0.2.tgz 0ms (cache hit)
3195 http cache @sigstore/sign@https://registry.npmjs.org/@sigstore/sign/-/sign-4.1.1.tgz 0ms (cache hit)
3196 http cache @sigstore/protobuf-specs@https://registry.npmjs.org/@sigstore/protobuf-specs/-/protobuf-specs-0.5.1.tgz 0ms (cache hit)
3197 http cache @sigstore/bundle@https://registry.npmjs.org/@sigstore/bundle/-/bundle-4.0.0.tgz 0ms (cache hit)
3198 http cache @sigstore/core@https://registry.npmjs.org/@sigstore/core/-/core-3.2.0.tgz 0ms (cache hit)
3199 http cache dunder-proto@https://registry.npmjs.org/dunder-proto/-/dunder-proto-1.0.1.tgz 0ms (cache hit)
3200 http cache math-intrinsics@https://registry.npmjs.org/math-intrinsics/-/math-intrinsics-1.1.0.tgz 0ms (cache hit)
3201 http cache hasown@https://registry.npmjs.org/hasown/-/hasown-2.0.2.tgz 0ms (cache hit)
3202 http cache gopd@https://registry.npmjs.org/gopd/-/gopd-1.2.0.tgz 0ms (cache hit)
3203 http cache es-object-atoms@https://registry.npmjs.org/es-object-atoms/-/es-object-atoms-1.1.1.tgz 0ms (cache hit)
3204 http cache es-define-property@https://registry.npmjs.org/es-define-property/-/es-define-property-1.0.1.tgz 0ms (cache hit)
3205 http cache call-bind-apply-helpers@https://registry.npmjs.org/call-bind-apply-helpers/-/call-bind-apply-helpers-1.0.2.tgz 0ms (cache hit)
3206 http cache function-bind@https://registry.npmjs.org/function-bind/-/function-bind-1.1.2.tgz 0ms (cache hit)
3207 http cache has-symbols@https://registry.npmjs.org/has-symbols/-/has-symbols-1.1.0.tgz 0ms (cache hit)
3208 http cache get-proto@https://registry.npmjs.org/get-proto/-/get-proto-1.0.1.tgz 0ms (cache hit)
3209 http cache get-intrinsic@https://registry.npmjs.org/get-intrinsic/-/get-intrinsic-1.3.0.tgz 0ms (cache hit)
3210 http cache call-bound@https://registry.npmjs.org/call-bound/-/call-bound-1.0.4.tgz 0ms (cache hit)
3211 http cache side-channel-map@https://registry.npmjs.org/side-channel-map/-/side-channel-map-1.0.1.tgz 0ms (cache hit)
3212 http cache side-channel-list@https://registry.npmjs.org/side-channel-list/-/side-channel-list-1.0.1.tgz 0ms (cache hit)
3213 http cache side-channel-weakmap@https://registry.npmjs.org/side-channel-weakmap/-/side-channel-weakmap-1.0.2.tgz 0ms (cache hit)
3214 http cache object-inspect@https://registry.npmjs.org/object-inspect/-/object-inspect-1.13.4.tgz 0ms (cache hit)
3215 http cache xmlchars@https://registry.npmjs.org/xmlchars/-/xmlchars-2.2.0.tgz 0ms (cache hit)
3216 http cache shebang-regex@https://registry.npmjs.org/shebang-regex/-/shebang-regex-3.0.0.tgz 0ms (cache hit)
3217 http cache es-errors@https://registry.npmjs.org/es-errors/-/es-errors-1.3.0.tgz 0ms (cache hit)
3218 http cache @parcel/watcher-win32-x64@https://registry.npmjs.org/@parcel/watcher-win32-x64/-/watcher-win32-x64-2.5.6.tgz 0ms (cache hit)
3219 http cache @parcel/watcher@https://registry.npmjs.org/@parcel/watcher/-/watcher-2.5.6.tgz 0ms (cache hit)
3220 http cache is-extglob@https://registry.npmjs.org/is-extglob/-/is-extglob-2.1.1.tgz 0ms (cache hit)
3221 http cache is-glob@https://registry.npmjs.org/is-glob/-/is-glob-4.0.3.tgz 0ms (cache hit)
3222 http cache @rolldown/pluginutils@https://registry.npmjs.org/@rolldown/pluginutils/-/pluginutils-1.0.0-rc.4.tgz 0ms (cache hit)
3223 http cache path-to-regexp@https://registry.npmjs.org/path-to-regexp/-/path-to-regexp-8.4.2.tgz 0ms (cache hit)
3224 http cache is-promise@https://registry.npmjs.org/is-promise/-/is-promise-4.0.0.tgz 0ms (cache hit)
3225 http cache immutable@https://registry.npmjs.org/immutable/-/immutable-5.1.5.tgz 0ms (cache hit)
3226 http cache @oxc-project/types@https://registry.npmjs.org/@oxc-project/types/-/types-0.113.0.tgz 0ms (cache hit)
3227 http cache onetime@https://registry.npmjs.org/onetime/-/onetime-7.0.0.tgz 0ms (cache hit)
3228 http cache @rolldown/binding-win32-x64-msvc@https://registry.npmjs.org/@rolldown/binding-win32-x64-msvc/-/binding-win32-x64-msvc-1.0.0-rc.4.tgz 0ms (cache hit)
3229 http cache mimic-function@https://registry.npmjs.org/mimic-function/-/mimic-function-5.0.1.tgz 0ms (cache hit)
3230 http cache unpipe@https://registry.npmjs.org/unpipe/-/unpipe-1.0.0.tgz 0ms (cache hit)
3231 http cache side-channel@https://registry.npmjs.org/side-channel/-/side-channel-1.1.0.tgz 0ms (cache hit)
3232 http cache ipaddr.js@https://registry.npmjs.org/ipaddr.js/-/ipaddr.js-1.9.1.tgz 0ms (cache hit)
3233 http cache forwarded@https://registry.npmjs.org/forwarded/-/forwarded-0.2.0.tgz 0ms (cache hit)
3234 http cache retry@https://registry.npmjs.org/retry/-/retry-0.12.0.tgz 0ms (cache hit)
3235 http cache err-code@https://registry.npmjs.org/err-code/-/err-code-2.0.3.tgz 0ms (cache hit)
3236 http cache nanoid@https://registry.npmjs.org/nanoid/-/nanoid-3.3.11.tgz 0ms (cache hit)
3237 http cache @napi-rs/nice-win32-x64-msvc@https://registry.npmjs.org/@napi-rs/nice-win32-x64-msvc/-/nice-win32-x64-msvc-1.1.1.tgz 0ms (cache hit)
3238 http cache @napi-rs/nice@https://registry.npmjs.org/@napi-rs/nice/-/nice-1.1.1.tgz 0ms (cache hit)
3239 http cache jsonparse@https://registry.npmjs.org/jsonparse/-/jsonparse-1.3.1.tgz 0ms (cache hit)
3240 http cache parse5-sax-parser@https://registry.npmjs.org/parse5-sax-parser/-/parse5-sax-parser-8.0.0.tgz 0ms (cache hit)
3241 http cache npm-install-checks@https://registry.npmjs.org/npm-install-checks/-/npm-install-checks-8.0.0.tgz 0ms (cache hit)
3242 http cache ignore-walk@https://registry.npmjs.org/ignore-walk/-/ignore-walk-8.0.0.tgz 0ms (cache hit)
3243 http cache abbrev@https://registry.npmjs.org/abbrev/-/abbrev-4.0.0.tgz 0ms (cache hit)
3244 http cache minizlib@https://registry.npmjs.org/minizlib/-/minizlib-3.1.0.tgz 0ms (cache hit)
3245 http cache @npmcli/redact@https://registry.npmjs.org/@npmcli/redact/-/redact-4.0.0.tgz 0ms (cache hit)
3246 http cache socks-proxy-agent@https://registry.npmjs.org/socks-proxy-agent/-/socks-proxy-agent-8.0.5.tgz 0ms (cache hit)
3247 http cache @npmcli/agent@https://registry.npmjs.org/@npmcli/agent/-/agent-4.0.0.tgz 0ms (cache hit)
3248 http cache minipass-sized@https://registry.npmjs.org/minipass-sized/-/minipass-sized-2.0.0.tgz 1ms (cache hit)
3249 http cache minipass-fetch@https://registry.npmjs.org/minipass-fetch/-/minipass-fetch-5.0.2.tgz 0ms (cache hit)
3250 http cache nopt@https://registry.npmjs.org/nopt/-/nopt-9.0.0.tgz 0ms (cache hit)
3251 http cache graceful-fs@https://registry.npmjs.org/graceful-fs/-/graceful-fs-4.2.11.tgz 0ms (cache hit)
3252 http cache make-fetch-happen@https://registry.npmjs.org/make-fetch-happen/-/make-fetch-happen-15.0.5.tgz 0ms (cache hit)
3253 http cache exponential-backoff@https://registry.npmjs.org/exponential-backoff/-/exponential-backoff-3.1.3.tgz 0ms (cache hit)
3254 http cache http-cache-semantics@https://registry.npmjs.org/http-cache-semantics/-/http-cache-semantics-4.2.0.tgz 0ms (cache hit)
3255 http cache brace-expansion@https://registry.npmjs.org/brace-expansion/-/brace-expansion-5.0.5.tgz 0ms (cache hit)
3256 http cache env-paths@https://registry.npmjs.org/env-paths/-/env-paths-2.2.1.tgz 0ms (cache hit)
3257 http cache balanced-match@https://registry.npmjs.org/balanced-match/-/balanced-match-4.0.4.tgz 0ms (cache hit)
3258 http cache path-scurry@https://registry.npmjs.org/path-scurry/-/path-scurry-2.0.2.tgz 0ms (cache hit)
3259 http cache minimatch@https://registry.npmjs.org/minimatch/-/minimatch-10.2.5.tgz 0ms (cache hit)
3260 http cache p-map@https://registry.npmjs.org/p-map/-/p-map-7.0.4.tgz 0ms (cache hit)
3261 http cache @npmcli/fs@https://registry.npmjs.org/@npmcli/fs/-/fs-5.0.0.tgz 0ms (cache hit)
3262 http cache minipass-flush@https://registry.npmjs.org/minipass-flush/-/minipass-flush-1.0.7.tgz 0ms (cache hit)
3263 http cache minipass-pipeline@https://registry.npmjs.org/minipass-pipeline/-/minipass-pipeline-1.2.4.tgz 0ms (cache hit)
3264 http cache @npmcli/node-gyp@https://registry.npmjs.org/@npmcli/node-gyp/-/node-gyp-5.0.0.tgz 0ms (cache hit)
3265 http cache minipass-collect@https://registry.npmjs.org/minipass-collect/-/minipass-collect-2.0.1.tgz 0ms (cache hit)
3266 http cache node-gyp@https://registry.npmjs.org/node-gyp/-/node-gyp-12.2.0.tgz 0ms (cache hit)
3267 http cache spdx-expression-parse@https://registry.npmjs.org/spdx-expression-parse/-/spdx-expression-parse-4.0.0.tgz 0ms (cache hit)
3268 http cache json-parse-even-better-errors@https://registry.npmjs.org/json-parse-even-better-errors/-/json-parse-even-better-errors-5.0.0.tgz 0ms (cache hit)
3269 http cache @gar/promise-retry@https://registry.npmjs.org/@gar/promise-retry/-/promise-retry-1.0.3.tgz 0ms (cache hit)
3270 http cache npm-normalize-package-bin@https://registry.npmjs.org/npm-normalize-package-bin/-/npm-normalize-package-bin-5.0.0.tgz 0ms (cache hit)
3271 http cache tar@https://registry.npmjs.org/tar/-/tar-7.5.13.tgz 0ms (cache hit)
3272 http cache npm-bundled@https://registry.npmjs.org/npm-bundled/-/npm-bundled-5.0.0.tgz 0ms (cache hit)
3273 http cache glob@https://registry.npmjs.org/glob/-/glob-13.0.6.tgz 0ms (cache hit)
3274 http cache ssri@https://registry.npmjs.org/ssri/-/ssri-13.0.1.tgz 0ms (cache hit)
3275 http cache sigstore@https://registry.npmjs.org/sigstore/-/sigstore-4.1.0.tgz 0ms (cache hit)
3276 http cache promise-retry@https://registry.npmjs.org/promise-retry/-/promise-retry-2.0.1.tgz 0ms (cache hit)
3277 http cache npm-pick-manifest@https://registry.npmjs.org/npm-pick-manifest/-/npm-pick-manifest-11.0.3.tgz 0ms (cache hit)
3278 http cache npm-registry-fetch@https://registry.npmjs.org/npm-registry-fetch/-/npm-registry-fetch-19.1.1.tgz 0ms (cache hit)
3279 http cache npm-packlist@https://registry.npmjs.org/npm-packlist/-/npm-packlist-10.0.4.tgz 0ms (cache hit)
3280 http cache minipass@https://registry.npmjs.org/minipass/-/minipass-7.1.3.tgz 0ms (cache hit)
3281 http cache @npmcli/promise-spawn@https://registry.npmjs.org/@npmcli/promise-spawn/-/promise-spawn-9.0.1.tgz 0ms (cache hit)
3282 http cache @npmcli/package-json@https://registry.npmjs.org/@npmcli/package-json/-/package-json-7.0.5.tgz 0ms (cache hit)
3283 http cache fs-minipass@https://registry.npmjs.org/fs-minipass/-/fs-minipass-3.0.3.tgz 0ms (cache hit)
3284 http cache @npmcli/run-script@https://registry.npmjs.org/@npmcli/run-script/-/run-script-10.0.4.tgz 0ms (cache hit)
3285 http cache cacache@https://registry.npmjs.org/cacache/-/cacache-20.0.4.tgz 0ms (cache hit)
3286 http cache @npmcli/installed-package-contents@https://registry.npmjs.org/@npmcli/installed-package-contents/-/installed-package-contents-4.0.0.tgz 0ms (cache hit)
3287 http cache @npmcli/git@https://registry.npmjs.org/@npmcli/git/-/git-7.0.2.tgz 0ms (cache hit)
3288 http cache log-symbols@https://registry.npmjs.org/log-symbols/-/log-symbols-7.0.1.tgz 0ms (cache hit)
3289 http cache stdin-discarder@https://registry.npmjs.org/stdin-discarder/-/stdin-discarder-0.3.2.tgz 0ms (cache hit)
3290 http cache yoctocolors@https://registry.npmjs.org/yoctocolors/-/yoctocolors-2.1.2.tgz 0ms (cache hit)
3291 http cache is-unicode-supported@https://registry.npmjs.org/is-unicode-supported/-/is-unicode-supported-2.1.0.tgz 0ms (cache hit)
3292 http cache is-interactive@https://registry.npmjs.org/is-interactive/-/is-interactive-2.0.0.tgz 0ms (cache hit)
3293 http cache wrappy@https://registry.npmjs.org/wrappy/-/wrappy-1.0.2.tgz 0ms (cache hit)
3294 http cache ee-first@https://registry.npmjs.org/ee-first/-/ee-first-1.1.1.tgz 0ms (cache hit)
3295 http cache cli-spinners@https://registry.npmjs.org/cli-spinners/-/cli-spinners-3.4.0.tgz 0ms (cache hit)
3296 http cache chalk@https://registry.npmjs.org/chalk/-/chalk-5.6.2.tgz 0ms (cache hit)
3297 http cache proc-log@https://registry.npmjs.org/proc-log/-/proc-log-6.1.0.tgz 0ms (cache hit)
3298 http cache validate-npm-package-name@https://registry.npmjs.org/validate-npm-package-name/-/validate-npm-package-name-7.0.2.tgz 0ms (cache hit)
3299 http cache hosted-git-info@https://registry.npmjs.org/hosted-git-info/-/hosted-git-info-9.0.2.tgz 0ms (cache hit)
3300 http cache @msgpackr-extract/msgpackr-extract-win32-x64@https://registry.npmjs.org/@msgpackr-extract/msgpackr-extract-win32-x64/-/msgpackr-extract-win32-x64-3.0.3.tgz 0ms (cache hit)
3301 http cache detect-libc@https://registry.npmjs.org/detect-libc/-/detect-libc-2.1.2.tgz 0ms (cache hit)
3302 http cache msgpackr-extract@https://registry.npmjs.org/msgpackr-extract/-/msgpackr-extract-3.0.3.tgz 0ms (cache hit)
3303 http cache mime-db@https://registry.npmjs.org/mime-db/-/mime-db-1.54.0.tgz 0ms (cache hit)
3304 http cache restore-cursor@https://registry.npmjs.org/restore-cursor/-/restore-cursor-5.1.0.tgz 0ms (cache hit)
3305 http cache environment@https://registry.npmjs.org/environment/-/environment-1.1.0.tgz 0ms (cache hit)
3306 http cache cli-cursor@https://registry.npmjs.org/cli-cursor/-/cli-cursor-5.0.0.tgz 0ms (cache hit)
3307 http cache strip-ansi@https://registry.npmjs.org/strip-ansi/-/strip-ansi-7.2.0.tgz 0ms (cache hit)
3308 http cache ansi-escapes@https://registry.npmjs.org/ansi-escapes/-/ansi-escapes-7.3.0.tgz 0ms (cache hit)
3309 http cache ordered-binary@https://registry.npmjs.org/ordered-binary/-/ordered-binary-1.6.1.tgz 0ms (cache hit)
3310 http cache weak-lru-cache@https://registry.npmjs.org/weak-lru-cache/-/weak-lru-cache-1.2.2.tgz 0ms (cache hit)
3311 http cache node-gyp-build-optional-packages@https://registry.npmjs.org/node-gyp-build-optional-packages/-/node-gyp-build-optional-packages-5.2.2.tgz 0ms (cache hit)
3312 http cache @lmdb/lmdb-win32-x64@https://registry.npmjs.org/@lmdb/lmdb-win32-x64/-/lmdb-win32-x64-3.5.1.tgz 0ms (cache hit)
3313 http cache @harperfast/extended-iterable@https://registry.npmjs.org/@harperfast/extended-iterable/-/extended-iterable-1.0.3.tgz 0ms (cache hit)
3314 http cache yallist@https://registry.npmjs.org/yallist/-/yallist-3.1.1.tgz 0ms (cache hit)
3315 http cache node-addon-api@https://registry.npmjs.org/node-addon-api/-/node-addon-api-6.1.0.tgz 0ms (cache hit)
3316 http cache string-width@https://registry.npmjs.org/string-width/-/string-width-8.2.0.tgz 0ms (cache hit)
3317 http cache msgpackr@https://registry.npmjs.org/msgpackr/-/msgpackr-1.11.9.tgz 0ms (cache hit)
3318 http cache rfdc@https://registry.npmjs.org/rfdc/-/rfdc-1.4.1.tgz 0ms (cache hit)
3319 http cache log-update@https://registry.npmjs.org/log-update/-/log-update-6.1.0.tgz 0ms (cache hit)
3320 http cache slice-ansi@https://registry.npmjs.org/slice-ansi/-/slice-ansi-8.0.0.tgz 0ms (cache hit)
3321 http cache cli-truncate@https://registry.npmjs.org/cli-truncate/-/cli-truncate-5.2.0.tgz 0ms (cache hit)
3322 http cache eventemitter3@https://registry.npmjs.org/eventemitter3/-/eventemitter3-5.0.4.tgz 0ms (cache hit)
3323 http cache @csstools/css-color-parser@https://registry.npmjs.org/@csstools/css-color-parser/-/css-color-parser-4.1.0.tgz 0ms (cache hit)
3324 http cache @csstools/color-helpers@https://registry.npmjs.org/@csstools/color-helpers/-/color-helpers-6.0.2.tgz 0ms (cache hit)
3325 http cache @csstools/css-calc@https://registry.npmjs.org/@csstools/css-calc/-/css-calc-3.2.0.tgz 0ms (cache hit)
3326 http cache colorette@https://registry.npmjs.org/colorette/-/colorette-2.0.20.tgz 0ms (cache hit)
3327 http cache @asamuzakjp/generational-cache@https://registry.npmjs.org/@asamuzakjp/generational-cache/-/generational-cache-1.0.1.tgz 0ms (cache hit)
3328 http cache @csstools/css-parser-algorithms@https://registry.npmjs.org/@csstools/css-parser-algorithms/-/css-parser-algorithms-4.0.0.tgz 0ms (cache hit)
3329 http cache @csstools/css-tokenizer@https://registry.npmjs.org/@csstools/css-tokenizer/-/css-tokenizer-4.0.0.tgz 0ms (cache hit)
3330 http cache @asamuzakjp/css-color@https://registry.npmjs.org/@asamuzakjp/css-color/-/css-color-5.1.11.tgz 0ms (cache hit)
3331 http cache source-map-js@https://registry.npmjs.org/source-map-js/-/source-map-js-1.2.1.tgz 0ms (cache hit)
3332 http cache @asamuzakjp/nwsapi@https://registry.npmjs.org/@asamuzakjp/nwsapi/-/nwsapi-2.3.9.tgz 0ms (cache hit)
3333 http cache @csstools/css-syntax-patches-for-csstree@https://registry.npmjs.org/@csstools/css-syntax-patches-for-csstree/-/css-syntax-patches-for-csstree-1.1.3.tgz 0ms (cache hit)
3334 http cache bidi-js@https://registry.npmjs.org/bidi-js/-/bidi-js-1.0.3.tgz 0ms (cache hit)
3335 http cache css-tree@https://registry.npmjs.org/css-tree/-/css-tree-3.2.1.tgz 0ms (cache hit)
3336 http cache xml-name-validator@https://registry.npmjs.org/xml-name-validator/-/xml-name-validator-5.0.0.tgz 0ms (cache hit)
3337 http cache mdn-data@https://registry.npmjs.org/mdn-data/-/mdn-data-2.27.1.tgz 0ms (cache hit)
3338 http cache whatwg-url@https://registry.npmjs.org/whatwg-url/-/whatwg-url-16.0.1.tgz 0ms (cache hit)
3339 http cache whatwg-mimetype@https://registry.npmjs.org/whatwg-mimetype/-/whatwg-mimetype-5.0.0.tgz 0ms (cache hit)
3340 http cache tough-cookie@https://registry.npmjs.org/tough-cookie/-/tough-cookie-6.0.1.tgz 0ms (cache hit)
3341 http cache webidl-conversions@https://registry.npmjs.org/webidl-conversions/-/webidl-conversions-8.0.1.tgz 0ms (cache hit)
3342 http cache w3c-xmlserializer@https://registry.npmjs.org/w3c-xmlserializer/-/w3c-xmlserializer-5.0.0.tgz 0ms (cache hit)
3343 http cache symbol-tree@https://registry.npmjs.org/symbol-tree/-/symbol-tree-3.2.4.tgz 0ms (cache hit)
3344 http cache saxes@https://registry.npmjs.org/saxes/-/saxes-6.0.0.tgz 0ms (cache hit)
3345 http cache is-potential-custom-element-name@https://registry.npmjs.org/is-potential-custom-element-name/-/is-potential-custom-element-name-1.0.1.tgz 0ms (cache hit)
3346 http cache parse5@https://registry.npmjs.org/parse5/-/parse5-8.0.0.tgz 0ms (cache hit)
3347 http cache html-encoding-sniffer@https://registry.npmjs.org/html-encoding-sniffer/-/html-encoding-sniffer-6.0.0.tgz 0ms (cache hit)
3348 http cache http-proxy-agent@https://registry.npmjs.org/http-proxy-agent/-/http-proxy-agent-7.0.2.tgz 0ms (cache hit)
3349 http cache @exodus/bytes@https://registry.npmjs.org/@exodus/bytes/-/bytes-1.15.0.tgz 0ms (cache hit)
3350 http cache @bramus/specificity@https://registry.npmjs.org/@bramus/specificity/-/specificity-2.4.2.tgz 0ms (cache hit)
3351 http cache decimal.js@https://registry.npmjs.org/decimal.js/-/decimal.js-10.6.0.tgz 0ms (cache hit)
3352 http cache cssstyle@https://registry.npmjs.org/cssstyle/-/cssstyle-6.2.0.tgz 1ms (cache hit)
3353 http cache data-urls@https://registry.npmjs.org/data-urls/-/data-urls-7.0.0.tgz 0ms (cache hit)
3354 http cache @asamuzakjp/dom-selector@https://registry.npmjs.org/@asamuzakjp/dom-selector/-/dom-selector-6.8.1.tgz 0ms (cache hit)
3355 http cache @istanbuljs/schema@https://registry.npmjs.org/@istanbuljs/schema/-/schema-0.1.6.tgz 0ms (cache hit)
3356 http cache @acemir/cssom@https://registry.npmjs.org/@acemir/cssom/-/cssom-0.9.31.tgz 0ms (cache hit)
3357 http cache istanbul-lib-coverage@https://registry.npmjs.org/istanbul-lib-coverage/-/istanbul-lib-coverage-3.2.2.tgz 0ms (cache hit)
3358 http cache safer-buffer@https://registry.npmjs.org/safer-buffer/-/safer-buffer-2.1.2.tgz 0ms (cache hit)
3359 http cache agent-base@https://registry.npmjs.org/agent-base/-/agent-base-7.1.4.tgz 0ms (cache hit)
3360 http cache toidentifier@https://registry.npmjs.org/toidentifier/-/toidentifier-1.0.1.tgz 0ms (cache hit)
3361 http cache inherits@https://registry.npmjs.org/inherits/-/inherits-2.0.4.tgz 0ms (cache hit)
3362 http cache bytes@https://registry.npmjs.org/bytes/-/bytes-3.1.2.tgz 0ms (cache hit)
3363 http cache negotiator@https://registry.npmjs.org/negotiator/-/negotiator-1.0.0.tgz 0ms (cache hit)
3364 http cache type-is@https://registry.npmjs.org/type-is/-/type-is-2.0.1.tgz 0ms (cache hit)
3365 http cache statuses@https://registry.npmjs.org/statuses/-/statuses-2.0.2.tgz 0ms (cache hit)
3366 http cache send@https://registry.npmjs.org/send/-/send-1.2.1.tgz 0ms (cache hit)
3367 http cache ip-address@https://registry.npmjs.org/ip-address/-/ip-address-10.1.0.tgz 0ms (cache hit)
3368 http cache setprototypeof@https://registry.npmjs.org/setprototypeof/-/setprototypeof-1.2.0.tgz 0ms (cache hit)
3369 http cache serve-static@https://registry.npmjs.org/serve-static/-/serve-static-2.2.1.tgz 0ms (cache hit)
3370 http cache router@https://registry.npmjs.org/router/-/router-2.2.0.tgz 0ms (cache hit)
3371 http cache qs@https://registry.npmjs.org/qs/-/qs-6.15.1.tgz 0ms (cache hit)
3372 http cache proxy-addr@https://registry.npmjs.org/proxy-addr/-/proxy-addr-2.0.7.tgz 0ms (cache hit)
3373 http cache parseurl@https://registry.npmjs.org/parseurl/-/parseurl-1.3.3.tgz 0ms (cache hit)
3374 http cache once@https://registry.npmjs.org/once/-/once-1.4.0.tgz 0ms (cache hit)
3375 http cache range-parser@https://registry.npmjs.org/range-parser/-/range-parser-1.2.1.tgz 0ms (cache hit)
3376 http cache on-finished@https://registry.npmjs.org/on-finished/-/on-finished-2.4.1.tgz 0ms (cache hit)
3377 http cache mime-types@https://registry.npmjs.org/mime-types/-/mime-types-3.0.2.tgz 0ms (cache hit)
3378 http cache merge-descriptors@https://registry.npmjs.org/merge-descriptors/-/merge-descriptors-2.0.0.tgz 0ms (cache hit)
3379 http cache fresh@https://registry.npmjs.org/fresh/-/fresh-2.0.0.tgz 0ms (cache hit)
3380 http cache http-errors@https://registry.npmjs.org/http-errors/-/http-errors-2.0.1.tgz 0ms (cache hit)
3381 http cache finalhandler@https://registry.npmjs.org/finalhandler/-/finalhandler-2.1.1.tgz 0ms (cache hit)
3382 http cache etag@https://registry.npmjs.org/etag/-/etag-1.8.1.tgz 0ms (cache hit)
3383 http cache encodeurl@https://registry.npmjs.org/encodeurl/-/encodeurl-2.0.0.tgz 0ms (cache hit)
3384 http cache cookie-signature@https://registry.npmjs.org/cookie-signature/-/cookie-signature-1.2.2.tgz 0ms (cache hit)
3385 http cache cookie@https://registry.npmjs.org/cookie/-/cookie-0.7.2.tgz 0ms (cache hit)
3386 http cache content-disposition@https://registry.npmjs.org/content-disposition/-/content-disposition-1.1.0.tgz 0ms (cache hit)
3387 http cache depd@https://registry.npmjs.org/depd/-/depd-2.0.0.tgz 0ms (cache hit)
3388 http cache @esbuild/win32-x64@https://registry.npmjs.org/@esbuild/win32-x64/-/win32-x64-0.27.3.tgz 0ms (cache hit)
3389 http cache body-parser@https://registry.npmjs.org/body-parser/-/body-parser-2.2.2.tgz 0ms (cache hit)
3390 http cache accepts@https://registry.npmjs.org/accepts/-/accepts-2.0.0.tgz 0ms (cache hit)
3391 http cache escape-html@https://registry.npmjs.org/escape-html/-/escape-html-1.0.3.tgz 0ms (cache hit)
3392 http cache entities@https://registry.npmjs.org/entities/-/entities-4.5.0.tgz 0ms (cache hit)
3393 http cache domelementtype@https://registry.npmjs.org/domelementtype/-/domelementtype-2.3.0.tgz 0ms (cache hit)
3394 http cache ms@https://registry.npmjs.org/ms/-/ms-2.1.3.tgz 0ms (cache hit)
3395 http cache domutils@https://registry.npmjs.org/domutils/-/domutils-3.2.2.tgz 0ms (cache hit)
3396 http cache which@https://registry.npmjs.org/which/-/which-2.0.2.tgz 0ms (cache hit)
3397 http cache boolbase@https://registry.npmjs.org/boolbase/-/boolbase-1.0.0.tgz 0ms (cache hit)
3398 http cache shebang-command@https://registry.npmjs.org/shebang-command/-/shebang-command-2.0.0.tgz 0ms (cache hit)
3399 http cache path-key@https://registry.npmjs.org/path-key/-/path-key-3.1.1.tgz 0ms (cache hit)
3400 http cache vary@https://registry.npmjs.org/vary/-/vary-1.1.2.tgz 0ms (cache hit)
3401 http cache nth-check@https://registry.npmjs.org/nth-check/-/nth-check-2.1.1.tgz 0ms (cache hit)
3402 http cache object-assign@https://registry.npmjs.org/object-assign/-/object-assign-4.1.1.tgz 0ms (cache hit)
3403 http cache readdirp@https://registry.npmjs.org/readdirp/-/readdirp-5.0.0.tgz 1ms (cache hit)
3404 http cache update-browserslist-db@https://registry.npmjs.org/update-browserslist-db/-/update-browserslist-db-1.2.3.tgz 0ms (cache hit)
3405 http cache node-releases@https://registry.npmjs.org/node-releases/-/node-releases-2.0.37.tgz 0ms (cache hit)
3406 http cache electron-to-chromium@https://registry.npmjs.org/electron-to-chromium/-/electron-to-chromium-1.5.339.tgz 0ms (cache hit)
3407 http cache caniuse-lite@https://registry.npmjs.org/caniuse-lite/-/caniuse-lite-1.0.30001788.tgz 0ms (cache hit)
3408 http cache baseline-browser-mapping@https://registry.npmjs.org/baseline-browser-mapping/-/baseline-browser-mapping-2.10.19.tgz 0ms (cache hit)
3409 http cache postcss@https://registry.npmjs.org/postcss/-/postcss-8.5.10.tgz 0ms (cache hit)
3410 http cache postcss-media-query-parser@https://registry.npmjs.org/postcss-media-query-parser/-/postcss-media-query-parser-0.2.3.tgz 0ms (cache hit)
3411 http cache htmlparser2@https://registry.npmjs.org/htmlparser2/-/htmlparser2-10.1.0.tgz 0ms (cache hit)
3412 http cache domhandler@https://registry.npmjs.org/domhandler/-/domhandler-5.0.3.tgz 0ms (cache hit)
3413 http cache @algolia/requester-node-http@https://registry.npmjs.org/@algolia/requester-node-http/-/requester-node-http-5.48.1.tgz 0ms (cache hit)
3414 http cache @algolia/requester-fetch@https://registry.npmjs.org/@algolia/requester-fetch/-/requester-fetch-5.48.1.tgz 0ms (cache hit)
3415 http cache dom-serializer@https://registry.npmjs.org/dom-serializer/-/dom-serializer-2.0.0.tgz 0ms (cache hit)
3416 http cache postcss-safe-parser@https://registry.npmjs.org/postcss-safe-parser/-/postcss-safe-parser-7.0.1.tgz 0ms (cache hit)
3417 http cache @algolia/requester-browser-xhr@https://registry.npmjs.org/@algolia/requester-browser-xhr/-/requester-browser-xhr-5.48.1.tgz 0ms (cache hit)
3418 http cache css-what@https://registry.npmjs.org/css-what/-/css-what-7.0.0.tgz 0ms (cache hit)
3419 http cache css-select@https://registry.npmjs.org/css-select/-/css-select-6.0.0.tgz 0ms (cache hit)
3420 http cache @algolia/monitoring@https://registry.npmjs.org/@algolia/monitoring/-/monitoring-1.48.1.tgz 0ms (cache hit)
3421 http cache @algolia/ingestion@https://registry.npmjs.org/@algolia/ingestion/-/ingestion-1.48.1.tgz 0ms (cache hit)
3422 http cache @algolia/recommend@https://registry.npmjs.org/@algolia/recommend/-/recommend-5.48.1.tgz 0ms (cache hit)
3423 http cache @algolia/client-query-suggestions@https://registry.npmjs.org/@algolia/client-query-suggestions/-/client-query-suggestions-5.48.1.tgz 0ms (cache hit)
3424 http cache @algolia/client-search@https://registry.npmjs.org/@algolia/client-search/-/client-search-5.48.1.tgz 0ms (cache hit)
3425 http cache @algolia/client-personalization@https://registry.npmjs.org/@algolia/client-personalization/-/client-personalization-5.48.1.tgz 0ms (cache hit)
3426 http cache @algolia/client-insights@https://registry.npmjs.org/@algolia/client-insights/-/client-insights-5.48.1.tgz 0ms (cache hit)
3427 http cache @algolia/client-common@https://registry.npmjs.org/@algolia/client-common/-/client-common-5.48.1.tgz 0ms (cache hit)
3428 http cache json-schema-traverse@https://registry.npmjs.org/json-schema-traverse/-/json-schema-traverse-1.0.0.tgz 0ms (cache hit)
3429 http cache require-from-string@https://registry.npmjs.org/require-from-string/-/require-from-string-2.0.2.tgz 0ms (cache hit)
3430 http cache fast-uri@https://registry.npmjs.org/fast-uri/-/fast-uri-3.1.0.tgz 0ms (cache hit)
3431 http cache fast-deep-equal@https://registry.npmjs.org/fast-deep-equal/-/fast-deep-equal-3.1.3.tgz 0ms (cache hit)
3432 http cache zod-to-json-schema@https://registry.npmjs.org/zod-to-json-schema/-/zod-to-json-schema-3.25.2.tgz 0ms (cache hit)
3433 http cache @algolia/client-analytics@https://registry.npmjs.org/@algolia/client-analytics/-/client-analytics-5.48.1.tgz 0ms (cache hit)
3434 http cache @algolia/abtesting@https://registry.npmjs.org/@algolia/abtesting/-/abtesting-1.14.1.tgz 0ms (cache hit)
3435 http cache @algolia/client-abtesting@https://registry.npmjs.org/@algolia/client-abtesting/-/client-abtesting-5.48.1.tgz 0ms (cache hit)
3436 http cache raw-body@https://registry.npmjs.org/raw-body/-/raw-body-3.0.2.tgz 0ms (cache hit)
3437 http cache pkce-challenge@https://registry.npmjs.org/pkce-challenge/-/pkce-challenge-5.0.1.tgz 0ms (cache hit)
3438 http cache json-schema-typed@https://registry.npmjs.org/json-schema-typed/-/json-schema-typed-8.0.2.tgz 0ms (cache hit)
3439 http cache express-rate-limit@https://registry.npmjs.org/express-rate-limit/-/express-rate-limit-8.3.2.tgz 0ms (cache hit)
3440 http cache jose@https://registry.npmjs.org/jose/-/jose-6.2.2.tgz 0ms (cache hit)
3441 http cache express@https://registry.npmjs.org/express/-/express-5.2.1.tgz 0ms (cache hit)
3442 http cache eventsource-parser@https://registry.npmjs.org/eventsource-parser/-/eventsource-parser-3.0.6.tgz 0ms (cache hit)
3443 http cache cors@https://registry.npmjs.org/cors/-/cors-2.8.6.tgz 0ms (cache hit)
3444 http cache eventsource@https://registry.npmjs.org/eventsource/-/eventsource-3.0.7.tgz 0ms (cache hit)
3445 http cache cross-spawn@https://registry.npmjs.org/cross-spawn/-/cross-spawn-7.0.6.tgz 0ms (cache hit)
3446 http cache content-type@https://registry.npmjs.org/content-type/-/content-type-1.0.5.tgz 0ms (cache hit)
3447 http cache @hono/node-server@https://registry.npmjs.org/@hono/node-server/-/node-server-1.19.14.tgz 0ms (cache hit)
3448 http cache @inquirer/external-editor@https://registry.npmjs.org/@inquirer/external-editor/-/external-editor-1.0.3.tgz 0ms (cache hit)
3449 http cache @jridgewell/resolve-uri@https://registry.npmjs.org/@jridgewell/resolve-uri/-/resolve-uri-3.1.2.tgz 0ms (cache hit)
3450 http cache @inquirer/search@https://registry.npmjs.org/@inquirer/search/-/search-3.2.2.tgz 0ms (cache hit)
3451 http cache hono@https://registry.npmjs.org/hono/-/hono-4.12.14.tgz 0ms (cache hit)
3452 http cache @inquirer/rawlist@https://registry.npmjs.org/@inquirer/rawlist/-/rawlist-4.1.11.tgz 0ms (cache hit)
3453 http cache @inquirer/select@https://registry.npmjs.org/@inquirer/select/-/select-4.4.2.tgz 0ms (cache hit)
3454 http cache iconv-lite@https://registry.npmjs.org/iconv-lite/-/iconv-lite-0.7.2.tgz 0ms (cache hit)
3455 http cache @inquirer/password@https://registry.npmjs.org/@inquirer/password/-/password-4.0.23.tgz 0ms (cache hit)
3456 http cache chardet@https://registry.npmjs.org/chardet/-/chardet-2.1.1.tgz 0ms (cache hit)
3457 http cache @inquirer/input@https://registry.npmjs.org/@inquirer/input/-/input-4.3.1.tgz 0ms (cache hit)
3458 http cache @inquirer/expand@https://registry.npmjs.org/@inquirer/expand/-/expand-4.0.23.tgz 0ms (cache hit)
3459 http cache yoctocolors-cjs@https://registry.npmjs.org/yoctocolors-cjs/-/yoctocolors-cjs-2.1.3.tgz 0ms (cache hit)
3460 http cache @inquirer/number@https://registry.npmjs.org/@inquirer/number/-/number-3.0.23.tgz 0ms (cache hit)
3461 http cache @inquirer/checkbox@https://registry.npmjs.org/@inquirer/checkbox/-/checkbox-4.3.2.tgz 0ms (cache hit)
3462 http cache @inquirer/editor@https://registry.npmjs.org/@inquirer/editor/-/editor-4.2.23.tgz 0ms (cache hit)
3463 http cache @inquirer/ansi@https://registry.npmjs.org/@inquirer/ansi/-/ansi-1.0.2.tgz 0ms (cache hit)
3464 http cache @inquirer/figures@https://registry.npmjs.org/@inquirer/figures/-/figures-1.0.15.tgz 0ms (cache hit)
3465 http cache signal-exit@https://registry.npmjs.org/signal-exit/-/signal-exit-4.1.0.tgz 0ms (cache hit)
3466 http cache wrap-ansi@https://registry.npmjs.org/wrap-ansi/-/wrap-ansi-6.2.0.tgz 0ms (cache hit)
3467 http cache mute-stream@https://registry.npmjs.org/mute-stream/-/mute-stream-2.0.0.tgz 0ms (cache hit)
3468 http cache cli-width@https://registry.npmjs.org/cli-width/-/cli-width-4.1.0.tgz 0ms (cache hit)
3469 http cache @inquirer/type@https://registry.npmjs.org/@inquirer/type/-/type-3.0.10.tgz 0ms (cache hit)
3470 http cache lru-cache@https://registry.npmjs.org/lru-cache/-/lru-cache-5.1.1.tgz 0ms (cache hit)
3471 http cache @inquirer/core@https://registry.npmjs.org/@inquirer/core/-/core-10.3.2.tgz 0ms (cache hit)
3472 http cache @babel/helper-string-parser@https://registry.npmjs.org/@babel/helper-string-parser/-/helper-string-parser-7.27.1.tgz 0ms (cache hit)
3473 http cache @babel/helper-globals@https://registry.npmjs.org/@babel/helper-globals/-/helper-globals-7.28.0.tgz 0ms (cache hit)
3474 http cache jsesc@https://registry.npmjs.org/jsesc/-/jsesc-3.1.0.tgz 0ms (cache hit)
3475 http cache @babel/helper-module-imports@https://registry.npmjs.org/@babel/helper-module-imports/-/helper-module-imports-7.28.6.tgz 0ms (cache hit)
3476 http cache @babel/compat-data@https://registry.npmjs.org/@babel/compat-data/-/compat-data-7.29.0.tgz 0ms (cache hit)
3477 http cache @babel/helper-validator-option@https://registry.npmjs.org/@babel/helper-validator-option/-/helper-validator-option-7.27.1.tgz 0ms (cache hit)
3478 http cache picocolors@https://registry.npmjs.org/picocolors/-/picocolors-1.1.1.tgz 0ms (cache hit)
3479 http cache @babel/helper-validator-identifier@https://registry.npmjs.org/@babel/helper-validator-identifier/-/helper-validator-identifier-7.28.5.tgz 0ms (cache hit)
3480 http cache json5@https://registry.npmjs.org/json5/-/json5-2.2.3.tgz 0ms (cache hit)
3481 http cache gensync@https://registry.npmjs.org/gensync/-/gensync-1.0.0-beta.2.tgz 0ms (cache hit)
3482 http cache @jridgewell/remapping@https://registry.npmjs.org/@jridgewell/remapping/-/remapping-2.3.5.tgz 0ms (cache hit)
3483 http cache js-tokens@https://registry.npmjs.org/js-tokens/-/js-tokens-4.0.0.tgz 0ms (cache hit)
3484 http cache debug@https://registry.npmjs.org/debug/-/debug-4.4.3.tgz 0ms (cache hit)
3485 http cache @babel/traverse@https://registry.npmjs.org/@babel/traverse/-/traverse-7.29.0.tgz 0ms (cache hit)
3486 http cache @babel/types@https://registry.npmjs.org/@babel/types/-/types-7.29.0.tgz 0ms (cache hit)
3487 http cache @babel/parser@https://registry.npmjs.org/@babel/parser/-/parser-7.29.2.tgz 0ms (cache hit)
3488 http cache @babel/template@https://registry.npmjs.org/@babel/template/-/template-7.28.6.tgz 0ms (cache hit)
3489 http cache @babel/helpers@https://registry.npmjs.org/@babel/helpers/-/helpers-7.29.2.tgz 0ms (cache hit)
3490 http cache @babel/helper-module-transforms@https://registry.npmjs.org/@babel/helper-module-transforms/-/helper-module-transforms-7.28.6.tgz 0ms (cache hit)
3491 http cache @standard-schema/spec@https://registry.npmjs.org/@standard-schema/spec/-/spec-1.1.0.tgz 0ms (cache hit)
3492 http cache @babel/helper-compilation-targets@https://registry.npmjs.org/@babel/helper-compilation-targets/-/helper-compilation-targets-7.28.6.tgz 0ms (cache hit)
3493 http cache @babel/code-frame@https://registry.npmjs.org/@babel/code-frame/-/code-frame-7.29.0.tgz 0ms (cache hit)
3494 http cache @babel/generator@https://registry.npmjs.org/@babel/generator/-/generator-7.29.1.tgz 0ms (cache hit)
3495 http cache @jridgewell/sourcemap-codec@https://registry.npmjs.org/@jridgewell/sourcemap-codec/-/sourcemap-codec-1.5.5.tgz 0ms (cache hit)
3496 http cache reflect-metadata@https://registry.npmjs.org/reflect-metadata/-/reflect-metadata-0.2.2.tgz 0ms (cache hit)
3497 http cache convert-source-map@https://registry.npmjs.org/convert-source-map/-/convert-source-map-1.9.0.tgz 0ms (cache hit)
3498 http cache chokidar@https://registry.npmjs.org/chokidar/-/chokidar-5.0.0.tgz 0ms (cache hit)
3499 http cache ora@https://registry.npmjs.org/ora/-/ora-9.3.0.tgz 0ms (cache hit)
3500 http cache zod@https://registry.npmjs.org/zod/-/zod-4.3.6.tgz 0ms (cache hit)
3501 http cache yargs@https://registry.npmjs.org/yargs/-/yargs-18.0.0.tgz 0ms (cache hit)
3502 http cache npm-package-arg@https://registry.npmjs.org/npm-package-arg/-/npm-package-arg-13.0.2.tgz 0ms (cache hit)
3503 http cache @yarnpkg/lockfile@https://registry.npmjs.org/@yarnpkg/lockfile/-/lockfile-1.1.0.tgz 0ms (cache hit)
3504 http cache ini@https://registry.npmjs.org/ini/-/ini-6.0.0.tgz 0ms (cache hit)
3505 http cache @schematics/angular@https://registry.npmjs.org/@schematics/angular/-/angular-21.2.7.tgz 0ms (cache hit)
3506 http cache algoliasearch@https://registry.npmjs.org/algoliasearch/-/algoliasearch-5.48.1.tgz 0ms (cache hit)
3507 http cache pacote@https://registry.npmjs.org/pacote/-/pacote-21.3.1.tgz 0ms (cache hit)
3508 http cache @modelcontextprotocol/sdk@https://registry.npmjs.org/@modelcontextprotocol/sdk/-/sdk-1.26.0.tgz 0ms (cache hit)
3509 http cache @inquirer/prompts@https://registry.npmjs.org/@inquirer/prompts/-/prompts-7.10.1.tgz 0ms (cache hit)
3510 http cache @listr2/prompt-adapter-inquirer@https://registry.npmjs.org/@listr2/prompt-adapter-inquirer/-/prompt-adapter-inquirer-3.0.5.tgz 0ms (cache hit)
3511 http cache @angular-devkit/schematics@https://registry.npmjs.org/@angular-devkit/schematics/-/schematics-21.2.7.tgz 0ms (cache hit)
3512 http cache source-map@https://registry.npmjs.org/source-map/-/source-map-0.7.6.tgz 0ms (cache hit)
3513 http cache @angular-devkit/core@https://registry.npmjs.org/@angular-devkit/core/-/core-21.2.7.tgz 0ms (cache hit)
3514 http cache @jridgewell/trace-mapping@https://registry.npmjs.org/@jridgewell/trace-mapping/-/trace-mapping-0.3.31.tgz 0ms (cache hit)
3515 http cache ajv@https://registry.npmjs.org/ajv/-/ajv-8.18.0.tgz 0ms (cache hit)
3516 http cache ajv-formats@https://registry.npmjs.org/ajv-formats/-/ajv-formats-3.0.1.tgz 0ms (cache hit)
3517 http cache @jridgewell/gen-mapping@https://registry.npmjs.org/@jridgewell/gen-mapping/-/gen-mapping-0.3.13.tgz 0ms (cache hit)
3518 http cache watchpack@https://registry.npmjs.org/watchpack/-/watchpack-2.5.1.tgz 0ms (cache hit)
3519 http cache tinyglobby@https://registry.npmjs.org/tinyglobby/-/tinyglobby-0.2.15.tgz 0ms (cache hit)
3520 http cache undici@https://registry.npmjs.org/undici/-/undici-7.24.4.tgz 0ms (cache hit)
3521 http cache source-map-support@https://registry.npmjs.org/source-map-support/-/source-map-support-0.5.21.tgz 0ms (cache hit)
3522 http cache rolldown@https://registry.npmjs.org/rolldown/-/rolldown-1.0.0-rc.4.tgz 0ms (cache hit)
3523 http cache semver@https://registry.npmjs.org/semver/-/semver-7.7.4.tgz 0ms (cache hit)
3524 http cache sass@https://registry.npmjs.org/sass/-/sass-1.97.3.tgz 0ms (cache hit)
3525 http cache picomatch@https://registry.npmjs.org/picomatch/-/picomatch-4.0.4.tgz 0ms (cache hit)
3526 http cache piscina@https://registry.npmjs.org/piscina/-/piscina-5.1.4.tgz 0ms (cache hit)
3527 http cache parse5-html-rewriting-stream@https://registry.npmjs.org/parse5-html-rewriting-stream/-/parse5-html-rewriting-stream-8.0.0.tgz 0ms (cache hit)
3528 http cache mrmime@https://registry.npmjs.org/mrmime/-/mrmime-2.0.1.tgz 0ms (cache hit)
3529 http cache magic-string@https://registry.npmjs.org/magic-string/-/magic-string-0.30.21.tgz 0ms (cache hit)
3530 http cache lmdb@https://registry.npmjs.org/lmdb/-/lmdb-3.5.1.tgz 0ms (cache hit)
3531 http cache listr2@https://registry.npmjs.org/listr2/-/listr2-9.0.5.tgz 0ms (cache hit)
3532 http cache jsonc-parser@https://registry.npmjs.org/jsonc-parser/-/jsonc-parser-3.3.1.tgz 0ms (cache hit)
3533 http cache https-proxy-agent@https://registry.npmjs.org/https-proxy-agent/-/https-proxy-agent-7.0.6.tgz 0ms (cache hit)
3534 http cache esbuild@https://registry.npmjs.org/esbuild/-/esbuild-0.27.3.tgz 0ms (cache hit)
3535 http cache istanbul-lib-instrument@https://registry.npmjs.org/istanbul-lib-instrument/-/istanbul-lib-instrument-6.0.3.tgz 0ms (cache hit)
3536 http cache @vitejs/plugin-basic-ssl@https://registry.npmjs.org/@vitejs/plugin-basic-ssl/-/plugin-basic-ssl-2.1.4.tgz 0ms (cache hit)
3537 http cache @inquirer/confirm@https://registry.npmjs.org/@inquirer/confirm/-/confirm-5.1.21.tgz 0ms (cache hit)
3538 http cache @babel/helper-split-export-declaration@https://registry.npmjs.org/@babel/helper-split-export-declaration/-/helper-split-export-declaration-7.24.7.tgz 0ms (cache hit)
3539 http cache beasties@https://registry.npmjs.org/beasties/-/beasties-0.4.1.tgz 0ms (cache hit)
3540 http cache browserslist@https://registry.npmjs.org/browserslist/-/browserslist-4.28.2.tgz 0ms (cache hit)
3541 http cache @angular-devkit/architect@https://registry.npmjs.org/@angular-devkit/architect/-/architect-0.2102.7.tgz 0ms (cache hit)
3542 http cache vite@https://registry.npmjs.org/vite/-/vite-7.3.2.tgz 0ms (cache hit)
3543 http cache @ampproject/remapping@https://registry.npmjs.org/@ampproject/remapping/-/remapping-2.3.0.tgz 0ms (cache hit)
3544 http cache @babel/helper-annotate-as-pure@https://registry.npmjs.org/@babel/helper-annotate-as-pure/-/helper-annotate-as-pure-7.27.3.tgz 0ms (cache hit)
3545 http cache @babel/core@https://registry.npmjs.org/@babel/core/-/core-7.29.0.tgz 0ms (cache hit)
3546 http cache vitest@https://registry.npmjs.org/vitest/-/vitest-4.1.4.tgz 0ms (cache hit)
3547 http cache @angular/platform-browser@https://registry.npmjs.org/@angular/platform-browser/-/platform-browser-21.2.9.tgz 0ms (cache hit)
3548 http cache prettier@https://registry.npmjs.org/prettier/-/prettier-3.8.3.tgz 0ms (cache hit)
3549 http cache @angular/router@https://registry.npmjs.org/@angular/router/-/router-21.2.9.tgz 0ms (cache hit)
3550 http cache jsdom@https://registry.npmjs.org/jsdom/-/jsdom-28.1.0.tgz 0ms (cache hit)
3551 http cache rxjs@https://registry.npmjs.org/rxjs/-/rxjs-7.8.2.tgz 0ms (cache hit)
3552 http cache @angular/forms@https://registry.npmjs.org/@angular/forms/-/forms-21.2.9.tgz 0ms (cache hit)
3553 http cache @angular/cli@https://registry.npmjs.org/@angular/cli/-/cli-21.2.7.tgz 0ms (cache hit)
3554 http cache tslib@https://registry.npmjs.org/tslib/-/tslib-2.8.1.tgz 0ms (cache hit)
3555 http cache @angular/core@https://registry.npmjs.org/@angular/core/-/core-21.2.9.tgz 0ms (cache hit)
3556 http cache @angular/compiler-cli@https://registry.npmjs.org/@angular/compiler-cli/-/compiler-cli-21.2.9.tgz 0ms (cache hit)
3557 http cache typescript@https://registry.npmjs.org/typescript/-/typescript-5.9.3.tgz 0ms (cache hit)
3558 http cache @angular/build@https://registry.npmjs.org/@angular/build/-/build-21.2.7.tgz 0ms (cache hit)
3559 http cache @angular/compiler@https://registry.npmjs.org/@angular/compiler/-/compiler-21.2.9.tgz 0ms (cache hit)
3560 http cache wrap-ansi@https://registry.npmjs.org/wrap-ansi/-/wrap-ansi-9.0.2.tgz 0ms (cache hit)
3561 http cache @angular/common@https://registry.npmjs.org/@angular/common/-/common-21.2.9.tgz 0ms (cache hit)
3562 http cache string-width@https://registry.npmjs.org/string-width/-/string-width-7.2.0.tgz 0ms (cache hit)
3563 http cache lru-cache@https://registry.npmjs.org/lru-cache/-/lru-cache-11.3.5.tgz 0ms (cache hit)
3564 http cache node-addon-api@https://registry.npmjs.org/node-addon-api/-/node-addon-api-7.1.1.tgz 0ms (cache hit)
3565 http cache lru-cache@https://registry.npmjs.org/lru-cache/-/lru-cache-11.3.5.tgz 0ms (cache hit)
3566 http cache yallist@https://registry.npmjs.org/yallist/-/yallist-4.0.0.tgz 0ms (cache hit)
3567 http cache minipass@https://registry.npmjs.org/minipass/-/minipass-3.3.6.tgz 0ms (cache hit)
3568 http cache convert-source-map@https://registry.npmjs.org/convert-source-map/-/convert-source-map-2.0.0.tgz 0ms (cache hit)
3569 http cache yallist@https://registry.npmjs.org/yallist/-/yallist-4.0.0.tgz 0ms (cache hit)
3570 http cache minipass@https://registry.npmjs.org/minipass/-/minipass-3.3.6.tgz 0ms (cache hit)
3571 http cache yallist@https://registry.npmjs.org/yallist/-/yallist-5.0.0.tgz 0ms (cache hit)
3572 http cache which@https://registry.npmjs.org/which/-/which-6.0.1.tgz 0ms (cache hit)
3573 http cache isexe@https://registry.npmjs.org/isexe/-/isexe-4.0.0.tgz 0ms (cache hit)
3574 http cache lru-cache@https://registry.npmjs.org/lru-cache/-/lru-cache-11.3.5.tgz 0ms (cache hit)
3575 http cache isexe@https://registry.npmjs.org/isexe/-/isexe-4.0.0.tgz 0ms (cache hit)
3576 http cache which@https://registry.npmjs.org/which/-/which-6.0.1.tgz 0ms (cache hit)
3577 http cache which@https://registry.npmjs.org/which/-/which-6.0.1.tgz 0ms (cache hit)
3578 http cache isexe@https://registry.npmjs.org/isexe/-/isexe-4.0.0.tgz 0ms (cache hit)
3579 http cache lru-cache@https://registry.npmjs.org/lru-cache/-/lru-cache-11.3.5.tgz 0ms (cache hit)
3580 http cache lru-cache@https://registry.npmjs.org/lru-cache/-/lru-cache-11.3.5.tgz 0ms (cache hit)
3581 http cache entities@https://registry.npmjs.org/entities/-/entities-6.0.1.tgz 0ms (cache hit)
3582 http cache lru-cache@https://registry.npmjs.org/lru-cache/-/lru-cache-11.3.5.tgz 0ms (cache hit)
3583 http cache string-width@https://registry.npmjs.org/string-width/-/string-width-7.2.0.tgz 0ms (cache hit)
3584 http cache wrap-ansi@https://registry.npmjs.org/wrap-ansi/-/wrap-ansi-9.0.2.tgz 0ms (cache hit)
3585 http cache lru-cache@https://registry.npmjs.org/lru-cache/-/lru-cache-11.3.5.tgz 0ms (cache hit)
3586 http cache slice-ansi@https://registry.npmjs.org/slice-ansi/-/slice-ansi-7.1.2.tgz 0ms (cache hit)
3587 http cache ansi-regex@https://registry.npmjs.org/ansi-regex/-/ansi-regex-5.0.1.tgz 0ms (cache hit)
3588 http cache entities@https://registry.npmjs.org/entities/-/entities-7.0.1.tgz 0ms (cache hit)
3589 http cache emoji-regex@https://registry.npmjs.org/emoji-regex/-/emoji-regex-8.0.0.tgz 0ms (cache hit)
3590 http cache strip-ansi@https://registry.npmjs.org/strip-ansi/-/strip-ansi-6.0.1.tgz 0ms (cache hit)
3591 http cache string-width@https://registry.npmjs.org/string-width/-/string-width-7.2.0.tgz 0ms (cache hit)
3592 http cache semver@https://registry.npmjs.org/semver/-/semver-6.3.1.tgz 0ms (cache hit)
3593 http cache source-map@https://registry.npmjs.org/source-map/-/source-map-0.6.1.tgz 0ms (cache hit)
3594 http cache string-width@https://registry.npmjs.org/string-width/-/string-width-4.2.3.tgz 0ms (cache hit)
3595 http cache is-fullwidth-code-point@https://registry.npmjs.org/is-fullwidth-code-point/-/is-fullwidth-code-point-3.0.0.tgz 0ms (cache hit)
3596 http cache readdirp@https://registry.npmjs.org/readdirp/-/readdirp-4.1.2.tgz 0ms (cache hit)
3597 http cache ansi-styles@https://registry.npmjs.org/ansi-styles/-/ansi-styles-4.3.0.tgz 0ms (cache hit)
3598 http cache entities@https://registry.npmjs.org/entities/-/entities-6.0.1.tgz 0ms (cache hit)
3599 http cache string-width@https://registry.npmjs.org/string-width/-/string-width-7.2.0.tgz 0ms (cache hit)
3600 http cache chokidar@https://registry.npmjs.org/chokidar/-/chokidar-4.0.3.tgz 0ms (cache hit)
3601 http cache wrap-ansi@https://registry.npmjs.org/wrap-ansi/-/wrap-ansi-9.0.2.tgz 0ms (cache hit)
3602 http cache semver@https://registry.npmjs.org/semver/-/semver-6.3.1.tgz 0ms (cache hit)
3603 silly tarball no local data for stackback@https://registry.npmjs.org/stackback/-/stackback-0.0.2.tgz. Extracting by manifest.
3604 silly tarball no local data for punycode@https://registry.npmjs.org/punycode/-/punycode-2.3.1.tgz. Extracting by manifest.
3605 silly tarball no local data for siginfo@https://registry.npmjs.org/siginfo/-/siginfo-2.0.0.tgz. Extracting by manifest.
3606 silly tarball no local data for tr46@https://registry.npmjs.org/tr46/-/tr46-6.0.0.tgz. Extracting by manifest.
3607 silly tarball no local data for glob-to-regexp@https://registry.npmjs.org/glob-to-regexp/-/glob-to-regexp-0.4.1.tgz. Extracting by manifest.
3608 silly tarball no local data for @types/chai@https://registry.npmjs.org/@types/chai/-/chai-5.2.3.tgz. Extracting by manifest.
3609 http cache convert-source-map@https://registry.npmjs.org/convert-source-map/-/convert-source-map-2.0.0.tgz 0ms (cache hit)
3610 silly tarball no local data for @types/deep-eql@https://registry.npmjs.org/@types/deep-eql/-/deep-eql-4.0.2.tgz. Extracting by manifest.
3611 silly tarball no local data for assertion-error@https://registry.npmjs.org/assertion-error/-/assertion-error-2.0.1.tgz. Extracting by manifest.
3612 silly tarball no local data for estree-walker@https://registry.npmjs.org/estree-walker/-/estree-walker-3.0.3.tgz. Extracting by manifest.
3613 silly tarball no local data for chai@https://registry.npmjs.org/chai/-/chai-6.2.2.tgz. Extracting by manifest.
3614 silly tarball no local data for tinyrainbow@https://registry.npmjs.org/tinyrainbow/-/tinyrainbow-3.1.0.tgz. Extracting by manifest.
3615 silly tarball no local data for tinybench@https://registry.npmjs.org/tinybench/-/tinybench-2.9.0.tgz. Extracting by manifest.
3616 silly tarball no local data for tinyexec@https://registry.npmjs.org/tinyexec/-/tinyexec-1.1.1.tgz. Extracting by manifest.
3617 silly tarball no local data for why-is-node-running@https://registry.npmjs.org/why-is-node-running/-/why-is-node-running-2.3.0.tgz. Extracting by manifest.
3618 silly tarball no local data for std-env@https://registry.npmjs.org/std-env/-/std-env-4.1.0.tgz. Extracting by manifest.
3619 silly tarball no local data for pathe@https://registry.npmjs.org/pathe/-/pathe-2.0.3.tgz. Extracting by manifest.
3620 silly tarball no local data for obug@https://registry.npmjs.org/obug/-/obug-2.1.1.tgz. Extracting by manifest.
3621 silly tarball no local data for expect-type@https://registry.npmjs.org/expect-type/-/expect-type-1.3.0.tgz. Extracting by manifest.
3622 silly tarball no local data for es-module-lexer@https://registry.npmjs.org/es-module-lexer/-/es-module-lexer-2.0.0.tgz. Extracting by manifest.
3623 silly tarball no local data for @vitest/utils@https://registry.npmjs.org/@vitest/utils/-/utils-4.1.4.tgz. Extracting by manifest.
3624 silly tarball no local data for @vitest/spy@https://registry.npmjs.org/@vitest/spy/-/spy-4.1.4.tgz. Extracting by manifest.
3625 silly tarball no local data for @vitest/runner@https://registry.npmjs.org/@vitest/runner/-/runner-4.1.4.tgz. Extracting by manifest.
3626 silly tarball no local data for @vitest/pretty-format@https://registry.npmjs.org/@vitest/pretty-format/-/pretty-format-4.1.4.tgz. Extracting by manifest.
3627 silly tarball no local data for @vitest/snapshot@https://registry.npmjs.org/@vitest/snapshot/-/snapshot-4.1.4.tgz. Extracting by manifest.
3628 silly tarball no local data for @vitest/mocker@https://registry.npmjs.org/@vitest/mocker/-/mocker-4.1.4.tgz. Extracting by manifest.
3629 silly tarball no local data for @vitest/expect@https://registry.npmjs.org/@vitest/expect/-/expect-4.1.4.tgz. Extracting by manifest.
3630 silly tarball no local data for @types/estree@https://registry.npmjs.org/@types/estree/-/estree-1.0.8.tgz. Extracting by manifest.
3631 silly tarball no local data for @rollup/rollup-win32-x64-gnu@https://registry.npmjs.org/@rollup/rollup-win32-x64-gnu/-/rollup-win32-x64-gnu-4.60.1.tgz. Extracting by manifest.
3632 silly tarball no local data for @rollup/rollup-win32-x64-msvc@https://registry.npmjs.org/@rollup/rollup-win32-x64-msvc/-/rollup-win32-x64-msvc-4.60.1.tgz. Extracting by manifest.
3633 silly tarball no local data for rollup@https://registry.npmjs.org/rollup/-/rollup-4.60.1.tgz. Extracting by manifest.
3634 silly tarball no local data for tldts-core@https://registry.npmjs.org/tldts-core/-/tldts-core-7.0.28.tgz. Extracting by manifest.
3635 silly tarball no local data for tldts@https://registry.npmjs.org/tldts/-/tldts-7.0.28.tgz. Extracting by manifest.
3636 silly tarball no local data for buffer-from@https://registry.npmjs.org/buffer-from/-/buffer-from-1.1.2.tgz. Extracting by manifest.
3637 silly tarball no local data for xmlchars@https://registry.npmjs.org/xmlchars/-/xmlchars-2.2.0.tgz. Extracting by manifest.
3638 silly tarball no local data for @parcel/watcher-win32-x64@https://registry.npmjs.org/@parcel/watcher-win32-x64/-/watcher-win32-x64-2.5.6.tgz. Extracting by manifest.
3639 silly tarball no local data for @parcel/watcher@https://registry.npmjs.org/@parcel/watcher/-/watcher-2.5.6.tgz. Extracting by manifest.
3640 silly tarball no local data for is-extglob@https://registry.npmjs.org/is-extglob/-/is-extglob-2.1.1.tgz. Extracting by manifest.
3641 silly tarball no local data for is-glob@https://registry.npmjs.org/is-glob/-/is-glob-4.0.3.tgz. Extracting by manifest.
3642 silly tarball no local data for @rolldown/pluginutils@https://registry.npmjs.org/@rolldown/pluginutils/-/pluginutils-1.0.0-rc.4.tgz. Extracting by manifest.
3643 silly tarball no local data for immutable@https://registry.npmjs.org/immutable/-/immutable-5.1.5.tgz. Extracting by manifest.
3644 silly tarball no local data for @oxc-project/types@https://registry.npmjs.org/@oxc-project/types/-/types-0.113.0.tgz. Extracting by manifest.
3645 silly tarball no local data for @rolldown/binding-win32-x64-msvc@https://registry.npmjs.org/@rolldown/binding-win32-x64-msvc/-/binding-win32-x64-msvc-1.0.0-rc.4.tgz. Extracting by manifest.
3646 silly tarball no local data for nanoid@https://registry.npmjs.org/nanoid/-/nanoid-3.3.11.tgz. Extracting by manifest.
3647 silly tarball no local data for @napi-rs/nice-win32-x64-msvc@https://registry.npmjs.org/@napi-rs/nice-win32-x64-msvc/-/nice-win32-x64-msvc-1.1.1.tgz. Extracting by manifest.
3648 silly tarball no local data for @napi-rs/nice@https://registry.npmjs.org/@napi-rs/nice/-/nice-1.1.1.tgz. Extracting by manifest.
3649 silly tarball no local data for @msgpackr-extract/msgpackr-extract-win32-x64@https://registry.npmjs.org/@msgpackr-extract/msgpackr-extract-win32-x64/-/msgpackr-extract-win32-x64-3.0.3.tgz. Extracting by manifest.
3650 silly tarball no local data for detect-libc@https://registry.npmjs.org/detect-libc/-/detect-libc-2.1.2.tgz. Extracting by manifest.
3651 silly tarball no local data for msgpackr-extract@https://registry.npmjs.org/msgpackr-extract/-/msgpackr-extract-3.0.3.tgz. Extracting by manifest.
3652 silly tarball no local data for ordered-binary@https://registry.npmjs.org/ordered-binary/-/ordered-binary-1.6.1.tgz. Extracting by manifest.
3653 silly tarball no local data for weak-lru-cache@https://registry.npmjs.org/weak-lru-cache/-/weak-lru-cache-1.2.2.tgz. Extracting by manifest.
3654 silly tarball no local data for node-gyp-build-optional-packages@https://registry.npmjs.org/node-gyp-build-optional-packages/-/node-gyp-build-optional-packages-5.2.2.tgz. Extracting by manifest.
3655 silly tarball no local data for @lmdb/lmdb-win32-x64@https://registry.npmjs.org/@lmdb/lmdb-win32-x64/-/lmdb-win32-x64-3.5.1.tgz. Extracting by manifest.
3656 silly tarball no local data for @harperfast/extended-iterable@https://registry.npmjs.org/@harperfast/extended-iterable/-/extended-iterable-1.0.3.tgz. Extracting by manifest.
3657 silly tarball no local data for yallist@https://registry.npmjs.org/yallist/-/yallist-3.1.1.tgz. Extracting by manifest.
3658 silly tarball no local data for node-addon-api@https://registry.npmjs.org/node-addon-api/-/node-addon-api-6.1.0.tgz. Extracting by manifest.
3659 silly tarball no local data for msgpackr@https://registry.npmjs.org/msgpackr/-/msgpackr-1.11.9.tgz. Extracting by manifest.
3660 silly tarball no local data for @csstools/css-color-parser@https://registry.npmjs.org/@csstools/css-color-parser/-/css-color-parser-4.1.0.tgz. Extracting by manifest.
3661 silly tarball no local data for @csstools/color-helpers@https://registry.npmjs.org/@csstools/color-helpers/-/color-helpers-6.0.2.tgz. Extracting by manifest.
3662 silly tarball no local data for @csstools/css-calc@https://registry.npmjs.org/@csstools/css-calc/-/css-calc-3.2.0.tgz. Extracting by manifest.
3663 silly tarball no local data for @asamuzakjp/generational-cache@https://registry.npmjs.org/@asamuzakjp/generational-cache/-/generational-cache-1.0.1.tgz. Extracting by manifest.
3664 silly tarball no local data for @csstools/css-parser-algorithms@https://registry.npmjs.org/@csstools/css-parser-algorithms/-/css-parser-algorithms-4.0.0.tgz. Extracting by manifest.
3665 silly tarball no local data for @csstools/css-tokenizer@https://registry.npmjs.org/@csstools/css-tokenizer/-/css-tokenizer-4.0.0.tgz. Extracting by manifest.
3666 silly tarball no local data for @asamuzakjp/css-color@https://registry.npmjs.org/@asamuzakjp/css-color/-/css-color-5.1.11.tgz. Extracting by manifest.
3667 silly tarball no local data for source-map-js@https://registry.npmjs.org/source-map-js/-/source-map-js-1.2.1.tgz. Extracting by manifest.
3668 silly tarball no local data for @asamuzakjp/nwsapi@https://registry.npmjs.org/@asamuzakjp/nwsapi/-/nwsapi-2.3.9.tgz. Extracting by manifest.
3669 silly tarball no local data for @csstools/css-syntax-patches-for-csstree@https://registry.npmjs.org/@csstools/css-syntax-patches-for-csstree/-/css-syntax-patches-for-csstree-1.1.3.tgz. Extracting by manifest.
3670 silly tarball no local data for bidi-js@https://registry.npmjs.org/bidi-js/-/bidi-js-1.0.3.tgz. Extracting by manifest.
3671 silly tarball no local data for css-tree@https://registry.npmjs.org/css-tree/-/css-tree-3.2.1.tgz. Extracting by manifest.
3672 silly tarball no local data for xml-name-validator@https://registry.npmjs.org/xml-name-validator/-/xml-name-validator-5.0.0.tgz. Extracting by manifest.
3673 silly tarball no local data for mdn-data@https://registry.npmjs.org/mdn-data/-/mdn-data-2.27.1.tgz. Extracting by manifest.
3674 silly tarball no local data for whatwg-url@https://registry.npmjs.org/whatwg-url/-/whatwg-url-16.0.1.tgz. Extracting by manifest.
3675 silly tarball no local data for whatwg-mimetype@https://registry.npmjs.org/whatwg-mimetype/-/whatwg-mimetype-5.0.0.tgz. Extracting by manifest.
3676 silly tarball no local data for tough-cookie@https://registry.npmjs.org/tough-cookie/-/tough-cookie-6.0.1.tgz. Extracting by manifest.
3677 silly tarball no local data for webidl-conversions@https://registry.npmjs.org/webidl-conversions/-/webidl-conversions-8.0.1.tgz. Extracting by manifest.
3678 silly tarball no local data for w3c-xmlserializer@https://registry.npmjs.org/w3c-xmlserializer/-/w3c-xmlserializer-5.0.0.tgz. Extracting by manifest.
3679 silly tarball no local data for symbol-tree@https://registry.npmjs.org/symbol-tree/-/symbol-tree-3.2.4.tgz. Extracting by manifest.
3680 silly tarball no local data for saxes@https://registry.npmjs.org/saxes/-/saxes-6.0.0.tgz. Extracting by manifest.
3681 silly tarball no local data for is-potential-custom-element-name@https://registry.npmjs.org/is-potential-custom-element-name/-/is-potential-custom-element-name-1.0.1.tgz. Extracting by manifest.
3682 silly tarball no local data for html-encoding-sniffer@https://registry.npmjs.org/html-encoding-sniffer/-/html-encoding-sniffer-6.0.0.tgz. Extracting by manifest.
3683 silly tarball no local data for @exodus/bytes@https://registry.npmjs.org/@exodus/bytes/-/bytes-1.15.0.tgz. Extracting by manifest.
3684 silly tarball no local data for @bramus/specificity@https://registry.npmjs.org/@bramus/specificity/-/specificity-2.4.2.tgz. Extracting by manifest.
3685 silly tarball no local data for decimal.js@https://registry.npmjs.org/decimal.js/-/decimal.js-10.6.0.tgz. Extracting by manifest.
3686 silly tarball no local data for cssstyle@https://registry.npmjs.org/cssstyle/-/cssstyle-6.2.0.tgz. Extracting by manifest.
3687 silly tarball no local data for data-urls@https://registry.npmjs.org/data-urls/-/data-urls-7.0.0.tgz. Extracting by manifest.
3688 silly tarball no local data for @asamuzakjp/dom-selector@https://registry.npmjs.org/@asamuzakjp/dom-selector/-/dom-selector-6.8.1.tgz. Extracting by manifest.
3689 silly tarball no local data for @istanbuljs/schema@https://registry.npmjs.org/@istanbuljs/schema/-/schema-0.1.6.tgz. Extracting by manifest.
3690 silly tarball no local data for @acemir/cssom@https://registry.npmjs.org/@acemir/cssom/-/cssom-0.9.31.tgz. Extracting by manifest.
3691 silly tarball no local data for istanbul-lib-coverage@https://registry.npmjs.org/istanbul-lib-coverage/-/istanbul-lib-coverage-3.2.2.tgz. Extracting by manifest.
3692 silly tarball no local data for @esbuild/win32-x64@https://registry.npmjs.org/@esbuild/win32-x64/-/win32-x64-0.27.3.tgz. Extracting by manifest.
3693 silly tarball no local data for entities@https://registry.npmjs.org/entities/-/entities-4.5.0.tgz. Extracting by manifest.
3694 silly tarball no local data for domelementtype@https://registry.npmjs.org/domelementtype/-/domelementtype-2.3.0.tgz. Extracting by manifest.
3695 silly tarball no local data for domutils@https://registry.npmjs.org/domutils/-/domutils-3.2.2.tgz. Extracting by manifest.
3696 silly tarball no local data for boolbase@https://registry.npmjs.org/boolbase/-/boolbase-1.0.0.tgz. Extracting by manifest.
3697 silly tarball no local data for nth-check@https://registry.npmjs.org/nth-check/-/nth-check-2.1.1.tgz. Extracting by manifest.
3698 silly tarball no local data for readdirp@https://registry.npmjs.org/readdirp/-/readdirp-5.0.0.tgz. Extracting by manifest.
3699 silly tarball no local data for update-browserslist-db@https://registry.npmjs.org/update-browserslist-db/-/update-browserslist-db-1.2.3.tgz. Extracting by manifest.
3700 silly tarball no local data for node-releases@https://registry.npmjs.org/node-releases/-/node-releases-2.0.37.tgz. Extracting by manifest.
3701 silly tarball no local data for electron-to-chromium@https://registry.npmjs.org/electron-to-chromium/-/electron-to-chromium-1.5.339.tgz. Extracting by manifest.
3702 silly tarball no local data for caniuse-lite@https://registry.npmjs.org/caniuse-lite/-/caniuse-lite-1.0.30001788.tgz. Extracting by manifest.
3703 silly tarball no local data for baseline-browser-mapping@https://registry.npmjs.org/baseline-browser-mapping/-/baseline-browser-mapping-2.10.19.tgz. Extracting by manifest.
3704 silly tarball no local data for postcss@https://registry.npmjs.org/postcss/-/postcss-8.5.10.tgz. Extracting by manifest.
3705 silly tarball no local data for postcss-media-query-parser@https://registry.npmjs.org/postcss-media-query-parser/-/postcss-media-query-parser-0.2.3.tgz. Extracting by manifest.
3706 silly tarball no local data for htmlparser2@https://registry.npmjs.org/htmlparser2/-/htmlparser2-10.1.0.tgz. Extracting by manifest.
3707 silly tarball no local data for domhandler@https://registry.npmjs.org/domhandler/-/domhandler-5.0.3.tgz. Extracting by manifest.
3708 silly tarball no local data for dom-serializer@https://registry.npmjs.org/dom-serializer/-/dom-serializer-2.0.0.tgz. Extracting by manifest.
3709 silly tarball no local data for postcss-safe-parser@https://registry.npmjs.org/postcss-safe-parser/-/postcss-safe-parser-7.0.1.tgz. Extracting by manifest.
3710 silly tarball no local data for css-what@https://registry.npmjs.org/css-what/-/css-what-7.0.0.tgz. Extracting by manifest.
3711 silly tarball no local data for css-select@https://registry.npmjs.org/css-select/-/css-select-6.0.0.tgz. Extracting by manifest.
3712 silly tarball no local data for @jridgewell/resolve-uri@https://registry.npmjs.org/@jridgewell/resolve-uri/-/resolve-uri-3.1.2.tgz. Extracting by manifest.
3713 silly tarball no local data for lru-cache@https://registry.npmjs.org/lru-cache/-/lru-cache-5.1.1.tgz. Extracting by manifest.
3714 silly tarball no local data for @babel/helper-string-parser@https://registry.npmjs.org/@babel/helper-string-parser/-/helper-string-parser-7.27.1.tgz. Extracting by manifest.
3715 silly tarball no local data for @babel/helper-globals@https://registry.npmjs.org/@babel/helper-globals/-/helper-globals-7.28.0.tgz. Extracting by manifest.
3716 silly tarball no local data for jsesc@https://registry.npmjs.org/jsesc/-/jsesc-3.1.0.tgz. Extracting by manifest.
3717 silly tarball no local data for @babel/helper-module-imports@https://registry.npmjs.org/@babel/helper-module-imports/-/helper-module-imports-7.28.6.tgz. Extracting by manifest.
3718 silly tarball no local data for @babel/compat-data@https://registry.npmjs.org/@babel/compat-data/-/compat-data-7.29.0.tgz. Extracting by manifest.
3719 silly tarball no local data for @babel/helper-validator-option@https://registry.npmjs.org/@babel/helper-validator-option/-/helper-validator-option-7.27.1.tgz. Extracting by manifest.
3720 silly tarball no local data for picocolors@https://registry.npmjs.org/picocolors/-/picocolors-1.1.1.tgz. Extracting by manifest.
3721 silly tarball no local data for @babel/helper-validator-identifier@https://registry.npmjs.org/@babel/helper-validator-identifier/-/helper-validator-identifier-7.28.5.tgz. Extracting by manifest.
3722 silly tarball no local data for json5@https://registry.npmjs.org/json5/-/json5-2.2.3.tgz. Extracting by manifest.
3723 silly tarball no local data for gensync@https://registry.npmjs.org/gensync/-/gensync-1.0.0-beta.2.tgz. Extracting by manifest.
3724 silly tarball no local data for @jridgewell/remapping@https://registry.npmjs.org/@jridgewell/remapping/-/remapping-2.3.5.tgz. Extracting by manifest.
3725 silly tarball no local data for js-tokens@https://registry.npmjs.org/js-tokens/-/js-tokens-4.0.0.tgz. Extracting by manifest.
3726 silly tarball no local data for @babel/traverse@https://registry.npmjs.org/@babel/traverse/-/traverse-7.29.0.tgz. Extracting by manifest.
3727 silly tarball no local data for @babel/types@https://registry.npmjs.org/@babel/types/-/types-7.29.0.tgz. Extracting by manifest.
3728 silly tarball no local data for @babel/parser@https://registry.npmjs.org/@babel/parser/-/parser-7.29.2.tgz. Extracting by manifest.
3729 silly tarball no local data for @babel/template@https://registry.npmjs.org/@babel/template/-/template-7.28.6.tgz. Extracting by manifest.
3730 silly tarball no local data for @babel/helpers@https://registry.npmjs.org/@babel/helpers/-/helpers-7.29.2.tgz. Extracting by manifest.
3731 silly tarball no local data for @babel/helper-module-transforms@https://registry.npmjs.org/@babel/helper-module-transforms/-/helper-module-transforms-7.28.6.tgz. Extracting by manifest.
3732 silly tarball no local data for @standard-schema/spec@https://registry.npmjs.org/@standard-schema/spec/-/spec-1.1.0.tgz. Extracting by manifest.
3733 silly tarball no local data for @babel/helper-compilation-targets@https://registry.npmjs.org/@babel/helper-compilation-targets/-/helper-compilation-targets-7.28.6.tgz. Extracting by manifest.
3734 silly tarball no local data for @babel/code-frame@https://registry.npmjs.org/@babel/code-frame/-/code-frame-7.29.0.tgz. Extracting by manifest.
3735 silly tarball no local data for @babel/generator@https://registry.npmjs.org/@babel/generator/-/generator-7.29.1.tgz. Extracting by manifest.
3736 silly tarball no local data for reflect-metadata@https://registry.npmjs.org/reflect-metadata/-/reflect-metadata-0.2.2.tgz. Extracting by manifest.
3737 silly tarball no local data for convert-source-map@https://registry.npmjs.org/convert-source-map/-/convert-source-map-1.9.0.tgz. Extracting by manifest.
3738 silly tarball no local data for chokidar@https://registry.npmjs.org/chokidar/-/chokidar-5.0.0.tgz. Extracting by manifest.
3739 silly tarball no local data for @jridgewell/trace-mapping@https://registry.npmjs.org/@jridgewell/trace-mapping/-/trace-mapping-0.3.31.tgz. Extracting by manifest.
3740 silly tarball no local data for @jridgewell/gen-mapping@https://registry.npmjs.org/@jridgewell/gen-mapping/-/gen-mapping-0.3.13.tgz. Extracting by manifest.
3741 silly tarball no local data for watchpack@https://registry.npmjs.org/watchpack/-/watchpack-2.5.1.tgz. Extracting by manifest.
3742 silly tarball no local data for tinyglobby@https://registry.npmjs.org/tinyglobby/-/tinyglobby-0.2.15.tgz. Extracting by manifest.
3743 silly tarball no local data for undici@https://registry.npmjs.org/undici/-/undici-7.24.4.tgz. Extracting by manifest.
3744 silly tarball no local data for source-map-support@https://registry.npmjs.org/source-map-support/-/source-map-support-0.5.21.tgz. Extracting by manifest.
3745 silly tarball no local data for rolldown@https://registry.npmjs.org/rolldown/-/rolldown-1.0.0-rc.4.tgz. Extracting by manifest.
3746 silly tarball no local data for sass@https://registry.npmjs.org/sass/-/sass-1.97.3.tgz. Extracting by manifest.
3747 silly tarball no local data for piscina@https://registry.npmjs.org/piscina/-/piscina-5.1.4.tgz. Extracting by manifest.
3748 silly tarball no local data for mrmime@https://registry.npmjs.org/mrmime/-/mrmime-2.0.1.tgz. Extracting by manifest.
3749 silly tarball no local data for lmdb@https://registry.npmjs.org/lmdb/-/lmdb-3.5.1.tgz. Extracting by manifest.
3750 silly tarball no local data for esbuild@https://registry.npmjs.org/esbuild/-/esbuild-0.27.3.tgz. Extracting by manifest.
3751 silly tarball no local data for istanbul-lib-instrument@https://registry.npmjs.org/istanbul-lib-instrument/-/istanbul-lib-instrument-6.0.3.tgz. Extracting by manifest.
3752 silly tarball no local data for @vitejs/plugin-basic-ssl@https://registry.npmjs.org/@vitejs/plugin-basic-ssl/-/plugin-basic-ssl-2.1.4.tgz. Extracting by manifest.
3753 silly tarball no local data for @babel/helper-split-export-declaration@https://registry.npmjs.org/@babel/helper-split-export-declaration/-/helper-split-export-declaration-7.24.7.tgz. Extracting by manifest.
3754 silly tarball no local data for beasties@https://registry.npmjs.org/beasties/-/beasties-0.4.1.tgz. Extracting by manifest.
3755 silly tarball no local data for browserslist@https://registry.npmjs.org/browserslist/-/browserslist-4.28.2.tgz. Extracting by manifest.
3756 silly tarball no local data for vite@https://registry.npmjs.org/vite/-/vite-7.3.2.tgz. Extracting by manifest.
3757 silly tarball no local data for @ampproject/remapping@https://registry.npmjs.org/@ampproject/remapping/-/remapping-2.3.0.tgz. Extracting by manifest.
3758 silly tarball no local data for @babel/helper-annotate-as-pure@https://registry.npmjs.org/@babel/helper-annotate-as-pure/-/helper-annotate-as-pure-7.27.3.tgz. Extracting by manifest.
3759 silly tarball no local data for @babel/core@https://registry.npmjs.org/@babel/core/-/core-7.29.0.tgz. Extracting by manifest.
3760 silly tarball no local data for vitest@https://registry.npmjs.org/vitest/-/vitest-4.1.4.tgz. Extracting by manifest.
3761 silly tarball no local data for @angular/platform-browser@https://registry.npmjs.org/@angular/platform-browser/-/platform-browser-21.2.9.tgz. Extracting by manifest.
3762 silly tarball no local data for prettier@https://registry.npmjs.org/prettier/-/prettier-3.8.3.tgz. Extracting by manifest.
3763 silly tarball no local data for @angular/router@https://registry.npmjs.org/@angular/router/-/router-21.2.9.tgz. Extracting by manifest.
3764 silly tarball no local data for jsdom@https://registry.npmjs.org/jsdom/-/jsdom-28.1.0.tgz. Extracting by manifest.
3765 silly tarball no local data for @angular/forms@https://registry.npmjs.org/@angular/forms/-/forms-21.2.9.tgz. Extracting by manifest.
3766 silly tarball no local data for @angular/core@https://registry.npmjs.org/@angular/core/-/core-21.2.9.tgz. Extracting by manifest.
3767 silly tarball no local data for @angular/compiler-cli@https://registry.npmjs.org/@angular/compiler-cli/-/compiler-cli-21.2.9.tgz. Extracting by manifest.
3768 silly tarball no local data for typescript@https://registry.npmjs.org/typescript/-/typescript-5.9.3.tgz. Extracting by manifest.
3769 silly tarball no local data for @angular/build@https://registry.npmjs.org/@angular/build/-/build-21.2.7.tgz. Extracting by manifest.
3770 silly tarball no local data for @angular/compiler@https://registry.npmjs.org/@angular/compiler/-/compiler-21.2.9.tgz. Extracting by manifest.
3771 silly tarball no local data for @angular/common@https://registry.npmjs.org/@angular/common/-/common-21.2.9.tgz. Extracting by manifest.
3772 silly tarball no local data for node-addon-api@https://registry.npmjs.org/node-addon-api/-/node-addon-api-7.1.1.tgz. Extracting by manifest.
3773 silly tarball no local data for convert-source-map@https://registry.npmjs.org/convert-source-map/-/convert-source-map-2.0.0.tgz. Extracting by manifest.
3774 silly tarball no local data for entities@https://registry.npmjs.org/entities/-/entities-7.0.1.tgz. Extracting by manifest.
3775 silly tarball no local data for semver@https://registry.npmjs.org/semver/-/semver-6.3.1.tgz. Extracting by manifest.
3776 silly tarball no local data for source-map@https://registry.npmjs.org/source-map/-/source-map-0.6.1.tgz. Extracting by manifest.
3777 silly tarball no local data for readdirp@https://registry.npmjs.org/readdirp/-/readdirp-4.1.2.tgz. Extracting by manifest.
3778 silly tarball no local data for chokidar@https://registry.npmjs.org/chokidar/-/chokidar-4.0.3.tgz. Extracting by manifest.
3779 silly tarball no local data for semver@https://registry.npmjs.org/semver/-/semver-6.3.1.tgz. Extracting by manifest.
3780 silly tarball no local data for convert-source-map@https://registry.npmjs.org/convert-source-map/-/convert-source-map-2.0.0.tgz. Extracting by manifest.
3781 http fetch POST 200 https://registry.npmjs.org/-/npm/v1/security/advisories/bulk 751ms
3782 silly audit report {}
3783 http fetch GET 200 https://registry.npmjs.org/stackback/-/stackback-0.0.2.tgz 900ms (cache miss)
3784 http fetch GET 200 https://registry.npmjs.org/assertion-error/-/assertion-error-2.0.1.tgz 897ms (cache miss)
3785 http fetch GET 200 https://registry.npmjs.org/why-is-node-running/-/why-is-node-running-2.3.0.tgz 893ms (cache miss)
3786 http fetch GET 200 https://registry.npmjs.org/siginfo/-/siginfo-2.0.0.tgz 900ms (cache miss)
3787 http fetch GET 200 https://registry.npmjs.org/tinybench/-/tinybench-2.9.0.tgz 895ms (cache miss)
3788 http fetch GET 200 https://registry.npmjs.org/tinyexec/-/tinyexec-1.1.1.tgz 896ms (cache miss)
3789 http fetch GET 200 https://registry.npmjs.org/glob-to-regexp/-/glob-to-regexp-0.4.1.tgz 900ms (cache miss)
3790 http fetch GET 200 https://registry.npmjs.org/tinyrainbow/-/tinyrainbow-3.1.0.tgz 897ms (cache miss)
3791 http fetch GET 200 https://registry.npmjs.org/estree-walker/-/estree-walker-3.0.3.tgz 899ms (cache miss)
3792 http fetch GET 200 https://registry.npmjs.org/@types/chai/-/chai-5.2.3.tgz 900ms (cache miss)
3793 http fetch GET 200 https://registry.npmjs.org/@types/deep-eql/-/deep-eql-4.0.2.tgz 936ms (cache miss)
3794 http fetch GET 200 https://registry.npmjs.org/@vitest/spy/-/spy-4.1.4.tgz 938ms (cache miss)
3795 http fetch GET 200 https://registry.npmjs.org/is-glob/-/is-glob-4.0.3.tgz 927ms (cache miss)
3796 http fetch GET 200 https://registry.npmjs.org/@rolldown/pluginutils/-/pluginutils-1.0.0-rc.4.tgz 927ms (cache miss)
3797 http fetch GET 200 https://registry.npmjs.org/buffer-from/-/buffer-from-1.1.2.tgz 931ms (cache miss)
3798 http fetch GET 200 https://registry.npmjs.org/@vitest/pretty-format/-/pretty-format-4.1.4.tgz 965ms (cache miss)
3799 http fetch GET 200 https://registry.npmjs.org/nanoid/-/nanoid-3.3.11.tgz 959ms (cache miss)
3800 http fetch GET 200 https://registry.npmjs.org/punycode/-/punycode-2.3.1.tgz 1000ms (cache miss)
3801 http fetch GET 200 https://registry.npmjs.org/@types/estree/-/estree-1.0.8.tgz 992ms (cache miss)
3802 http fetch GET 200 https://registry.npmjs.org/std-env/-/std-env-4.1.0.tgz 1003ms (cache miss)
3803 http fetch GET 200 https://registry.npmjs.org/@oxc-project/types/-/types-0.113.0.tgz 988ms (cache miss)
3804 http fetch GET 200 https://registry.npmjs.org/detect-libc/-/detect-libc-2.1.2.tgz 1015ms (cache miss)
3805 http fetch GET 200 https://registry.npmjs.org/weak-lru-cache/-/weak-lru-cache-1.2.2.tgz 1015ms (cache miss)
3806 http fetch GET 200 https://registry.npmjs.org/node-gyp-build-optional-packages/-/node-gyp-build-optional-packages-5.2.2.tgz 1022ms (cache miss)
3807 http fetch GET 200 https://registry.npmjs.org/yallist/-/yallist-3.1.1.tgz 1037ms (cache miss)
3808 http fetch GET 200 https://registry.npmjs.org/@vitest/expect/-/expect-4.1.4.tgz 1067ms (cache miss)
3809 http fetch GET 200 https://registry.npmjs.org/@csstools/css-calc/-/css-calc-3.2.0.tgz 1078ms (cache miss)
3810 http fetch GET 200 https://registry.npmjs.org/@napi-rs/nice/-/nice-1.1.1.tgz 1093ms (cache miss)
3811 http fetch GET 200 https://registry.npmjs.org/chai/-/chai-6.2.2.tgz 1114ms (cache miss)
3812 http fetch GET 200 https://registry.npmjs.org/is-extglob/-/is-extglob-2.1.1.tgz 1100ms (cache miss)
3813 http fetch GET 200 https://registry.npmjs.org/msgpackr-extract/-/msgpackr-extract-3.0.3.tgz 1145ms (cache miss)
3814 http fetch GET 200 https://registry.npmjs.org/xml-name-validator/-/xml-name-validator-5.0.0.tgz 1141ms (cache miss)
3815 http fetch GET 200 https://registry.npmjs.org/tr46/-/tr46-6.0.0.tgz 1202ms (cache miss)
3816 http fetch GET 200 https://registry.npmjs.org/@asamuzakjp/generational-cache/-/generational-cache-1.0.1.tgz 1169ms (cache miss)
3817 http fetch GET 200 https://registry.npmjs.org/es-module-lexer/-/es-module-lexer-2.0.0.tgz 1199ms (cache miss)
3818 http fetch GET 200 https://registry.npmjs.org/webidl-conversions/-/webidl-conversions-8.0.1.tgz 1186ms (cache miss)
3819 http fetch GET 200 https://registry.npmjs.org/@csstools/color-helpers/-/color-helpers-6.0.2.tgz 1218ms (cache miss)
3820 http fetch GET 200 https://registry.npmjs.org/w3c-xmlserializer/-/w3c-xmlserializer-5.0.0.tgz 1210ms (cache miss)
3821 http fetch GET 200 https://registry.npmjs.org/@csstools/css-parser-algorithms/-/css-parser-algorithms-4.0.0.tgz 1222ms (cache miss)
3822 http fetch GET 200 https://registry.npmjs.org/is-potential-custom-element-name/-/is-potential-custom-element-name-1.0.1.tgz 1232ms (cache miss)
3823 http fetch GET 200 https://registry.npmjs.org/obug/-/obug-2.1.1.tgz 1271ms (cache miss)
3824 http fetch GET 200 https://registry.npmjs.org/html-encoding-sniffer/-/html-encoding-sniffer-6.0.0.tgz 1238ms (cache miss)
3825 http fetch GET 200 https://registry.npmjs.org/whatwg-mimetype/-/whatwg-mimetype-5.0.0.tgz 1246ms (cache miss)
3826 http fetch GET 200 https://registry.npmjs.org/data-urls/-/data-urls-7.0.0.tgz 1248ms (cache miss)
3827 http fetch GET 200 https://registry.npmjs.org/@istanbuljs/schema/-/schema-0.1.6.tgz 1271ms (cache miss)
3828 http fetch GET 200 https://registry.npmjs.org/@csstools/css-tokenizer/-/css-tokenizer-4.0.0.tgz 1291ms (cache miss)
3829 http fetch GET 200 https://registry.npmjs.org/@msgpackr-extract/msgpackr-extract-win32-x64/-/msgpackr-extract-win32-x64-3.0.3.tgz 1302ms (cache miss)
3830 http fetch GET 200 https://registry.npmjs.org/@csstools/css-color-parser/-/css-color-parser-4.1.0.tgz 1302ms (cache miss)
3831 http fetch GET 200 https://registry.npmjs.org/domelementtype/-/domelementtype-2.3.0.tgz 1287ms (cache miss)
3832 http fetch GET 200 https://registry.npmjs.org/@parcel/watcher-win32-x64/-/watcher-win32-x64-2.5.6.tgz 1322ms (cache miss)
3833 http fetch GET 200 https://registry.npmjs.org/@harperfast/extended-iterable/-/extended-iterable-1.0.3.tgz 1322ms (cache miss)
3834 http fetch GET 200 https://registry.npmjs.org/boolbase/-/boolbase-1.0.0.tgz 1305ms (cache miss)
3835 http fetch GET 200 https://registry.npmjs.org/readdirp/-/readdirp-5.0.0.tgz 1309ms (cache miss)
3836 http fetch GET 200 https://registry.npmjs.org/update-browserslist-db/-/update-browserslist-db-1.2.3.tgz 1308ms (cache miss)
3837 http fetch GET 200 https://registry.npmjs.org/saxes/-/saxes-6.0.0.tgz 1319ms (cache miss)
3838 http fetch GET 200 https://registry.npmjs.org/node-releases/-/node-releases-2.0.37.tgz 1309ms (cache miss)
3839 http fetch GET 200 https://registry.npmjs.org/@vitest/snapshot/-/snapshot-4.1.4.tgz 1373ms (cache miss)
3840 http fetch GET 200 https://registry.npmjs.org/symbol-tree/-/symbol-tree-3.2.4.tgz 1354ms (cache miss)
3841 http fetch GET 200 https://registry.npmjs.org/ordered-binary/-/ordered-binary-1.6.1.tgz 1405ms (cache miss)
3842 http fetch GET 200 https://registry.npmjs.org/domhandler/-/domhandler-5.0.3.tgz 1380ms (cache miss)
3843 http fetch GET 200 https://registry.npmjs.org/decimal.js/-/decimal.js-10.6.0.tgz 1402ms (cache miss)
3844 http fetch GET 200 https://registry.npmjs.org/dom-serializer/-/dom-serializer-2.0.0.tgz 1392ms (cache miss)
3845 http fetch GET 200 https://registry.npmjs.org/expect-type/-/expect-type-1.3.0.tgz 1451ms (cache miss)
3846 http fetch GET 200 https://registry.npmjs.org/postcss-safe-parser/-/postcss-safe-parser-7.0.1.tgz 1417ms (cache miss)
3847 http fetch GET 200 https://registry.npmjs.org/istanbul-lib-coverage/-/istanbul-lib-coverage-3.2.2.tgz 1444ms (cache miss)
3848 http fetch GET 200 https://registry.npmjs.org/pathe/-/pathe-2.0.3.tgz 1488ms (cache miss)
3849 http fetch GET 200 https://registry.npmjs.org/immutable/-/immutable-5.1.5.tgz 1479ms (cache miss)
3850 http fetch GET 200 https://registry.npmjs.org/@vitest/runner/-/runner-4.1.4.tgz 1497ms (cache miss)
3851 http fetch GET 200 https://registry.npmjs.org/lru-cache/-/lru-cache-5.1.1.tgz 1462ms (cache miss)
3852 http fetch GET 200 https://registry.npmjs.org/@lmdb/lmdb-win32-x64/-/lmdb-win32-x64-3.5.1.tgz 1497ms (cache miss)
3853 http fetch GET 200 https://registry.npmjs.org/@babel/helper-string-parser/-/helper-string-parser-7.27.1.tgz 1477ms (cache miss)
3854 http fetch GET 200 https://registry.npmjs.org/@babel/helper-globals/-/helper-globals-7.28.0.tgz 1481ms (cache miss)
3855 http fetch GET 200 https://registry.npmjs.org/@csstools/css-syntax-patches-for-csstree/-/css-syntax-patches-for-csstree-1.1.3.tgz 1515ms (cache miss)
3856 http fetch GET 200 https://registry.npmjs.org/jsesc/-/jsesc-3.1.0.tgz 1498ms (cache miss)
3857 http fetch GET 200 https://registry.npmjs.org/picocolors/-/picocolors-1.1.1.tgz 1500ms (cache miss)
3858 http fetch GET 200 https://registry.npmjs.org/@babel/helper-validator-option/-/helper-validator-option-7.27.1.tgz 1508ms (cache miss)
3859 http fetch GET 200 https://registry.npmjs.org/electron-to-chromium/-/electron-to-chromium-1.5.339.tgz 1531ms (cache miss)
3860 http fetch GET 200 https://registry.npmjs.org/node-addon-api/-/node-addon-api-6.1.0.tgz 1574ms (cache miss)
3861 http fetch GET 200 https://registry.npmjs.org/xmlchars/-/xmlchars-2.2.0.tgz 1601ms (cache miss)
3862 http fetch GET 200 https://registry.npmjs.org/baseline-browser-mapping/-/baseline-browser-mapping-2.10.19.tgz 1585ms (cache miss)
3863 http fetch GET 200 https://registry.npmjs.org/@jridgewell/resolve-uri/-/resolve-uri-3.1.2.tgz 1582ms (cache miss)
3864 http fetch GET 200 https://registry.npmjs.org/whatwg-url/-/whatwg-url-16.0.1.tgz 1605ms (cache miss)
3865 http fetch GET 200 https://registry.npmjs.org/tough-cookie/-/tough-cookie-6.0.1.tgz 1614ms (cache miss)
3866 http fetch GET 200 https://registry.npmjs.org/source-map-js/-/source-map-js-1.2.1.tgz 1626ms (cache miss)
3867 http fetch GET 200 https://registry.npmjs.org/bidi-js/-/bidi-js-1.0.3.tgz 1627ms (cache miss)
3868 http fetch GET 200 https://registry.npmjs.org/@babel/helper-module-imports/-/helper-module-imports-7.28.6.tgz 1739ms (cache miss)
3869 http fetch GET 200 https://registry.npmjs.org/@babel/helper-validator-identifier/-/helper-validator-identifier-7.28.5.tgz 1748ms (cache miss)
3870 http fetch GET 200 https://registry.npmjs.org/gensync/-/gensync-1.0.0-beta.2.tgz 1758ms (cache miss)
3871 http fetch GET 200 https://registry.npmjs.org/@rollup/rollup-win32-x64-gnu/-/rollup-win32-x64-gnu-4.60.1.tgz 1821ms (cache miss)
3872 http fetch GET 200 https://registry.npmjs.org/@babel/compat-data/-/compat-data-7.29.0.tgz 1773ms (cache miss)
3873 http fetch GET 200 https://registry.npmjs.org/@babel/code-frame/-/code-frame-7.29.0.tgz 1793ms (cache miss)
3874 http fetch GET 200 https://registry.npmjs.org/@standard-schema/spec/-/spec-1.1.0.tgz 1802ms (cache miss)
3875 http fetch GET 200 https://registry.npmjs.org/@asamuzakjp/nwsapi/-/nwsapi-2.3.9.tgz 1840ms (cache miss)
3876 http fetch GET 200 https://registry.npmjs.org/@babel/helper-compilation-targets/-/helper-compilation-targets-7.28.6.tgz 1811ms (cache miss)
3877 http fetch GET 200 https://registry.npmjs.org/js-tokens/-/js-tokens-4.0.0.tgz 1836ms (cache miss)
3878 http fetch GET 200 https://registry.npmjs.org/convert-source-map/-/convert-source-map-1.9.0.tgz 1843ms (cache miss)
3879 http fetch GET 200 https://registry.npmjs.org/@vitest/mocker/-/mocker-4.1.4.tgz 1932ms (cache miss)
3880 http fetch GET 200 https://registry.npmjs.org/@napi-rs/nice-win32-x64-msvc/-/nice-win32-x64-msvc-1.1.1.tgz 1939ms (cache miss)
3881 http fetch GET 200 https://registry.npmjs.org/@rollup/rollup-win32-x64-msvc/-/rollup-win32-x64-msvc-4.60.1.tgz 1954ms (cache miss)
3882 http fetch GET 200 https://registry.npmjs.org/@vitest/utils/-/utils-4.1.4.tgz 1976ms (cache miss)
3883 http fetch GET 200 https://registry.npmjs.org/chokidar/-/chokidar-5.0.0.tgz 1910ms (cache miss)
3884 http fetch GET 200 https://registry.npmjs.org/mrmime/-/mrmime-2.0.1.tgz 1933ms (cache miss)
3885 http fetch GET 200 https://registry.npmjs.org/mdn-data/-/mdn-data-2.27.1.tgz 1981ms (cache miss)
3886 http fetch GET 200 https://registry.npmjs.org/source-map-support/-/source-map-support-0.5.21.tgz 1956ms (cache miss)
3887 http fetch GET 200 https://registry.npmjs.org/@babel/helper-split-export-declaration/-/helper-split-export-declaration-7.24.7.tgz 1983ms (cache miss)
3888 http fetch GET 200 https://registry.npmjs.org/reflect-metadata/-/reflect-metadata-0.2.2.tgz 1994ms (cache miss)
3889 http fetch GET 200 https://registry.npmjs.org/nth-check/-/nth-check-2.1.1.tgz 2036ms (cache miss)
3890 http fetch GET 200 https://registry.npmjs.org/json5/-/json5-2.2.3.tgz 2032ms (cache miss)
3891 http fetch GET 200 https://registry.npmjs.org/@babel/helper-annotate-as-pure/-/helper-annotate-as-pure-7.27.3.tgz 2025ms (cache miss)
3892 http fetch GET 200 https://registry.npmjs.org/@babel/helper-module-transforms/-/helper-module-transforms-7.28.6.tgz 2072ms (cache miss)
3893 http fetch GET 200 https://registry.npmjs.org/esbuild/-/esbuild-0.27.3.tgz 2068ms (cache miss)
3894 http fetch GET 200 https://registry.npmjs.org/beasties/-/beasties-0.4.1.tgz 2085ms (cache miss)
3895 http fetch GET 200 https://registry.npmjs.org/@asamuzakjp/dom-selector/-/dom-selector-6.8.1.tgz 2135ms (cache miss)
3896 http fetch GET 200 https://registry.npmjs.org/istanbul-lib-instrument/-/istanbul-lib-instrument-6.0.3.tgz 2101ms (cache miss)
3897 http fetch GET 200 https://registry.npmjs.org/browserslist/-/browserslist-4.28.2.tgz 2101ms (cache miss)
3898 http fetch GET 200 https://registry.npmjs.org/@bramus/specificity/-/specificity-2.4.2.tgz 2158ms (cache miss)
3899 http fetch GET 200 https://registry.npmjs.org/watchpack/-/watchpack-2.5.1.tgz 2135ms (cache miss)
3900 http fetch GET 200 https://registry.npmjs.org/@vitejs/plugin-basic-ssl/-/plugin-basic-ssl-2.1.4.tgz 2180ms (cache miss)
3901 http fetch GET 200 https://registry.npmjs.org/@parcel/watcher/-/watcher-2.5.6.tgz 2249ms (cache miss)
3902 http fetch GET 200 https://registry.npmjs.org/postcss-media-query-parser/-/postcss-media-query-parser-0.2.3.tgz 2218ms (cache miss)
3903 http fetch GET 200 https://registry.npmjs.org/@babel/parser/-/parser-7.29.2.tgz 2218ms (cache miss)
3904 http fetch GET 200 https://registry.npmjs.org/@babel/template/-/template-7.28.6.tgz 2219ms (cache miss)
3905 http fetch GET 200 https://registry.npmjs.org/@jridgewell/remapping/-/remapping-2.3.5.tgz 2247ms (cache miss)
3906 http fetch GET 200 https://registry.npmjs.org/msgpackr/-/msgpackr-1.11.9.tgz 2286ms (cache miss)
3907 http fetch GET 200 https://registry.npmjs.org/@acemir/cssom/-/cssom-0.9.31.tgz 2334ms (cache miss)
3908 http fetch GET 200 https://registry.npmjs.org/@ampproject/remapping/-/remapping-2.3.0.tgz 2321ms (cache miss)
3909 http fetch GET 200 https://registry.npmjs.org/tinyglobby/-/tinyglobby-0.2.15.tgz 2399ms (cache miss)
3910 http fetch GET 200 https://registry.npmjs.org/rollup/-/rollup-4.60.1.tgz 2464ms (cache miss)
3911 http fetch GET 200 https://registry.npmjs.org/@jridgewell/gen-mapping/-/gen-mapping-0.3.13.tgz 2405ms (cache miss)
3912 http fetch GET 200 https://registry.npmjs.org/htmlparser2/-/htmlparser2-10.1.0.tgz 2440ms (cache miss)
3913 http fetch GET 200 https://registry.npmjs.org/css-what/-/css-what-7.0.0.tgz 2442ms (cache miss)
3914 http fetch GET 200 https://registry.npmjs.org/convert-source-map/-/convert-source-map-2.0.0.tgz 2415ms (cache miss)
3915 http fetch GET 200 https://registry.npmjs.org/postcss/-/postcss-8.5.10.tgz 2461ms (cache miss)
3916 http fetch GET 200 https://registry.npmjs.org/semver/-/semver-6.3.1.tgz 2475ms (cache miss)
3917 http fetch GET 200 https://registry.npmjs.org/@exodus/bytes/-/bytes-1.15.0.tgz 2530ms (cache miss)
3918 http fetch GET 200 https://registry.npmjs.org/tldts/-/tldts-7.0.28.tgz 2586ms (cache miss)
3919 http fetch GET 200 https://registry.npmjs.org/@angular/router/-/router-21.2.9.tgz 2591ms (cache miss)
3920 http fetch GET 200 https://registry.npmjs.org/node-addon-api/-/node-addon-api-7.1.1.tgz 2589ms (cache miss)
3921 http fetch GET 200 https://registry.npmjs.org/@jridgewell/trace-mapping/-/trace-mapping-0.3.31.tgz 2627ms (cache miss)
3922 http fetch GET 200 https://registry.npmjs.org/domutils/-/domutils-3.2.2.tgz 2684ms (cache miss)
3923 http fetch GET 200 https://registry.npmjs.org/@asamuzakjp/css-color/-/css-color-5.1.11.tgz 2729ms (cache miss)
3924 http fetch GET 200 https://registry.npmjs.org/rolldown/-/rolldown-1.0.0-rc.4.tgz 2707ms (cache miss)
3925 http fetch GET 200 https://registry.npmjs.org/source-map/-/source-map-0.6.1.tgz 2706ms (cache miss)
3926 http fetch GET 200 https://registry.npmjs.org/@babel/generator/-/generator-7.29.1.tgz 2735ms (cache miss)
3927 http fetch GET 200 https://registry.npmjs.org/entities/-/entities-4.5.0.tgz 2771ms (cache miss)
3928 http fetch GET 200 https://registry.npmjs.org/semver/-/semver-6.3.1.tgz 2725ms (cache miss)
3929 http fetch GET 200 https://registry.npmjs.org/convert-source-map/-/convert-source-map-2.0.0.tgz 2745ms (cache miss)
3930 http fetch GET 200 https://registry.npmjs.org/readdirp/-/readdirp-4.1.2.tgz 2791ms (cache miss)
3931 http fetch GET 200 https://registry.npmjs.org/tldts-core/-/tldts-core-7.0.28.tgz 2908ms (cache miss)
3932 http fetch GET 200 https://registry.npmjs.org/@babel/traverse/-/traverse-7.29.0.tgz 2866ms (cache miss)
3933 http fetch GET 200 https://registry.npmjs.org/cssstyle/-/cssstyle-6.2.0.tgz 3015ms (cache miss)
3934 http fetch GET 200 https://registry.npmjs.org/chokidar/-/chokidar-4.0.3.tgz 3001ms (cache miss)
3935 http fetch GET 200 https://registry.npmjs.org/sass/-/sass-1.97.3.tgz 3022ms (cache miss)
3936 http fetch GET 200 https://registry.npmjs.org/@angular/platform-browser/-/platform-browser-21.2.9.tgz 3018ms (cache miss)
3937 http fetch GET 200 https://registry.npmjs.org/@angular/forms/-/forms-21.2.9.tgz 3017ms (cache miss)
3938 http fetch GET 200 https://registry.npmjs.org/@esbuild/win32-x64/-/win32-x64-0.27.3.tgz 3134ms (cache miss)
3939 http fetch GET 200 https://registry.npmjs.org/vite/-/vite-7.3.2.tgz 3124ms (cache miss)
3940 http fetch GET 200 https://registry.npmjs.org/@angular/compiler/-/compiler-21.2.9.tgz 3178ms (cache miss)
3941 http fetch GET 200 https://registry.npmjs.org/vitest/-/vitest-4.1.4.tgz 3307ms (cache miss)
3942 http fetch GET 200 https://registry.npmjs.org/prettier/-/prettier-3.8.3.tgz 3339ms (cache miss)
3943 http fetch GET 200 https://registry.npmjs.org/piscina/-/piscina-5.1.4.tgz 3371ms (cache miss)
3944 http fetch GET 200 https://registry.npmjs.org/css-select/-/css-select-6.0.0.tgz 3408ms (cache miss)
3945 http fetch GET 200 https://registry.npmjs.org/@babel/core/-/core-7.29.0.tgz 3441ms (cache miss)
3946 http fetch GET 200 https://registry.npmjs.org/entities/-/entities-7.0.1.tgz 3558ms (cache miss)
3947 http fetch GET 200 https://registry.npmjs.org/@angular/core/-/core-21.2.9.tgz 3588ms (cache miss)
3948 http fetch GET 200 https://registry.npmjs.org/lmdb/-/lmdb-3.5.1.tgz 3635ms (cache miss)
3949 http fetch GET 200 https://registry.npmjs.org/@babel/types/-/types-7.29.0.tgz 3805ms (cache miss)
3950 http fetch GET 200 https://registry.npmjs.org/undici/-/undici-7.24.4.tgz 3963ms (cache miss)
3951 http fetch GET 200 https://registry.npmjs.org/@rolldown/binding-win32-x64-msvc/-/binding-win32-x64-msvc-1.0.0-rc.4.tgz 4086ms (cache miss)
3952 http fetch GET 200 https://registry.npmjs.org/@babel/helpers/-/helpers-7.29.2.tgz 4049ms (cache miss)
3953 http fetch GET 200 https://registry.npmjs.org/css-tree/-/css-tree-3.2.1.tgz 4291ms (cache miss)
3954 http fetch GET 200 https://registry.npmjs.org/typescript/-/typescript-5.9.3.tgz 4296ms (cache miss)
3955 http fetch GET 200 https://registry.npmjs.org/@angular/compiler-cli/-/compiler-cli-21.2.9.tgz 5170ms (cache miss)
3956 http fetch GET 200 https://registry.npmjs.org/jsdom/-/jsdom-28.1.0.tgz 5235ms (cache miss)
3957 http fetch GET 200 https://registry.npmjs.org/@angular/build/-/build-21.2.7.tgz 5295ms (cache miss)
3958 http fetch GET 200 https://registry.npmjs.org/caniuse-lite/-/caniuse-lite-1.0.30001788.tgz 5408ms (cache miss)
3959 http fetch GET 200 https://registry.npmjs.org/@angular/common/-/common-21.2.9.tgz 8917ms (cache miss)
3960 silly ADD node_modules/color-name
3961 silly ADD node_modules/color-convert
3962 silly ADD node_modules/emoji-regex
3963 silly ADD node_modules/yargs-parser
3964 silly ADD node_modules/y18n
3965 silly ADD node_modules/get-caller-file
3966 silly ADD node_modules/cliui
3967 silly ADD node_modules/cliui/node_modules/wrap-ansi
3968 silly ADD node_modules/cliui/node_modules/string-width
3969 silly ADD node_modules/stackback
3970 silly ADD node_modules/siginfo
3971 silly ADD node_modules/isexe
3972 silly ADD node_modules/punycode
3973 silly ADD node_modules/tr46
3974 silly ADD node_modules/glob-to-regexp
3975 silly ADD node_modules/estree-walker
3976 silly ADD node_modules/assertion-error
3977 silly ADD node_modules/@types/deep-eql
3978 silly ADD node_modules/chai
3979 silly ADD node_modules/@types/chai
3980 silly ADD node_modules/why-is-node-running
3981 silly ADD node_modules/tinyrainbow
3982 silly ADD node_modules/tinyexec
3983 silly ADD node_modules/tinybench
3984 silly ADD node_modules/std-env
3985 silly ADD node_modules/pathe
3986 silly ADD node_modules/obug
3987 silly ADD node_modules/expect-type
3988 silly ADD node_modules/es-module-lexer
3989 silly ADD node_modules/@vitest/utils
3990 silly ADD node_modules/@vitest/utils/node_modules/convert-source-map
3991 silly ADD node_modules/@vitest/spy
3992 silly ADD node_modules/@vitest/snapshot
3993 silly ADD node_modules/@vitest/runner
3994 silly ADD node_modules/@vitest/pretty-format
3995 silly ADD node_modules/@vitest/mocker
3996 silly ADD node_modules/@vitest/expect
3997 silly ADD node_modules/@types/estree
3998 silly ADD node_modules/@rollup/rollup-win32-x64-msvc
3999 silly ADD node_modules/@rollup/rollup-win32-x64-gnu
4000 silly ADD node_modules/rollup
4001 silly ADD node_modules/escalade
4002 silly ADD node_modules/media-typer
4003 silly ADD node_modules/@tufjs/canonical-json
4004 silly ADD node_modules/@tufjs/models
4005 silly ADD node_modules/tldts-core
4006 silly ADD node_modules/tldts
4007 silly ADD node_modules/fdir
4008 silly ADD node_modules/chownr
4009 silly ADD node_modules/@isaacs/fs-minipass
4010 silly ADD node_modules/ansi-regex
4011 silly ADD node_modules/spdx-license-ids
4012 silly ADD node_modules/spdx-exceptions
4013 silly ADD node_modules/buffer-from
4014 silly ADD node_modules/smart-buffer
4015 silly ADD node_modules/socks
4016 silly ADD node_modules/get-east-asian-width
4017 silly ADD node_modules/is-fullwidth-code-point
4018 silly ADD node_modules/ansi-styles
4019 silly ADD node_modules/tuf-js
4020 silly ADD node_modules/@sigstore/verify
4021 silly ADD node_modules/@sigstore/tuf
4022 silly ADD node_modules/@sigstore/sign
4023 silly ADD node_modules/@sigstore/protobuf-specs
4024 silly ADD node_modules/@sigstore/core
4025 silly ADD node_modules/@sigstore/bundle
4026 silly ADD node_modules/dunder-proto
4027 silly ADD node_modules/math-intrinsics
4028 silly ADD node_modules/hasown
4029 silly ADD node_modules/has-symbols
4030 silly ADD node_modules/gopd
4031 silly ADD node_modules/get-proto
4032 silly ADD node_modules/es-object-atoms
4033 silly ADD node_modules/es-define-property
4034 silly ADD node_modules/function-bind
4035 silly ADD node_modules/call-bind-apply-helpers
4036 silly ADD node_modules/get-intrinsic
4037 silly ADD node_modules/call-bound
4038 silly ADD node_modules/side-channel-weakmap
4039 silly ADD node_modules/side-channel-map
4040 silly ADD node_modules/side-channel-list
4041 silly ADD node_modules/object-inspect
4042 silly ADD node_modules/es-errors
4043 silly ADD node_modules/shebang-regex
4044 silly ADD node_modules/xmlchars
4045 silly ADD node_modules/is-extglob
4046 silly ADD node_modules/is-glob
4047 silly ADD node_modules/@parcel/watcher-win32-x64
4048 silly ADD node_modules/immutable
4049 silly ADD node_modules/@parcel/watcher
4050 silly ADD node_modules/@parcel/watcher/node_modules/node-addon-api
4051 silly ADD node_modules/path-to-regexp
4052 silly ADD node_modules/is-promise
4053 silly ADD node_modules/@rolldown/pluginutils
4054 silly ADD node_modules/@rolldown/binding-win32-x64-msvc
4055 silly ADD node_modules/@oxc-project/types
4056 silly ADD node_modules/mimic-function
4057 silly ADD node_modules/onetime
4058 silly ADD node_modules/unpipe
4059 silly ADD node_modules/side-channel
4060 silly ADD node_modules/ipaddr.js
4061 silly ADD node_modules/forwarded
4062 silly ADD node_modules/retry
4063 silly ADD node_modules/err-code
4064 silly ADD node_modules/nanoid
4065 silly ADD node_modules/@napi-rs/nice-win32-x64-msvc
4066 silly ADD node_modules/@napi-rs/nice
4067 silly ADD node_modules/parse5-sax-parser
4068 silly ADD node_modules/jsonparse
4069 silly ADD node_modules/npm-install-checks
4070 silly ADD node_modules/ignore-walk
4071 silly ADD node_modules/abbrev
4072 silly ADD node_modules/minizlib
4073 silly ADD node_modules/minipass-sized
4074 silly ADD node_modules/socks-proxy-agent
4075 silly ADD node_modules/minipass-fetch
4076 silly ADD node_modules/http-cache-semantics
4077 silly ADD node_modules/@npmcli/redact
4078 silly ADD node_modules/@npmcli/agent
4079 silly ADD node_modules/@npmcli/agent/node_modules/lru-cache
4080 silly ADD node_modules/nopt
4081 silly ADD node_modules/make-fetch-happen
4082 silly ADD node_modules/graceful-fs
4083 silly ADD node_modules/exponential-backoff
4084 silly ADD node_modules/env-paths
4085 silly ADD node_modules/balanced-match
4086 silly ADD node_modules/brace-expansion
4087 silly ADD node_modules/path-scurry
4088 silly ADD node_modules/path-scurry/node_modules/lru-cache
4089 silly ADD node_modules/minimatch
4090 silly ADD node_modules/p-map
4091 silly ADD node_modules/minipass-pipeline
4092 silly ADD node_modules/minipass-pipeline/node_modules/yallist
4093 silly ADD node_modules/minipass-pipeline/node_modules/minipass
4094 silly ADD node_modules/minipass-flush
4095 silly ADD node_modules/minipass-flush/node_modules/yallist
4096 silly ADD node_modules/minipass-flush/node_modules/minipass
4097 silly ADD node_modules/minipass-collect
4098 silly ADD node_modules/@npmcli/fs
4099 silly ADD node_modules/node-gyp
4100 silly ADD node_modules/node-gyp/node_modules/isexe
4101 silly ADD node_modules/node-gyp/node_modules/which
4102 silly ADD node_modules/@npmcli/node-gyp
4103 silly ADD node_modules/spdx-expression-parse
4104 silly ADD node_modules/json-parse-even-better-errors
4105 silly ADD node_modules/glob
4106 silly ADD node_modules/npm-normalize-package-bin
4107 silly ADD node_modules/npm-bundled
4108 silly ADD node_modules/@gar/promise-retry
4109 silly ADD node_modules/tar
4110 silly ADD node_modules/tar/node_modules/yallist
4111 silly ADD node_modules/ssri
4112 silly ADD node_modules/sigstore
4113 silly ADD node_modules/promise-retry
4114 silly ADD node_modules/npm-registry-fetch
4115 silly ADD node_modules/npm-pick-manifest
4116 silly ADD node_modules/npm-packlist
4117 silly ADD node_modules/minipass
4118 silly ADD node_modules/fs-minipass
4119 silly ADD node_modules/cacache
4120 silly ADD node_modules/cacache/node_modules/lru-cache
4121 silly ADD node_modules/@npmcli/run-script
4122 silly ADD node_modules/@npmcli/promise-spawn
4123 silly ADD node_modules/@npmcli/promise-spawn/node_modules/isexe
4124 silly ADD node_modules/@npmcli/promise-spawn/node_modules/which
4125 silly ADD node_modules/@npmcli/package-json
4126 silly ADD node_modules/@npmcli/installed-package-contents
4127 silly ADD node_modules/@npmcli/git
4128 silly ADD node_modules/@npmcli/git/node_modules/isexe
4129 silly ADD node_modules/@npmcli/git/node_modules/which
4130 silly ADD node_modules/@npmcli/git/node_modules/lru-cache
4131 silly ADD node_modules/yoctocolors
4132 silly ADD node_modules/stdin-discarder
4133 silly ADD node_modules/log-symbols
4134 silly ADD node_modules/is-unicode-supported
4135 silly ADD node_modules/is-interactive
4136 silly ADD node_modules/cli-spinners
4137 silly ADD node_modules/chalk
4138 silly ADD node_modules/wrappy
4139 silly ADD node_modules/ee-first
4140 silly ADD node_modules/validate-npm-package-name
4141 silly ADD node_modules/proc-log
4142 silly ADD node_modules/hosted-git-info
4143 silly ADD node_modules/hosted-git-info/node_modules/lru-cache
4144 silly ADD node_modules/detect-libc
4145 silly ADD node_modules/@msgpackr-extract/msgpackr-extract-win32-x64
4146 silly ADD node_modules/msgpackr-extract
4147 silly ADD node_modules/mime-db
4148 silly ADD node_modules/yallist
4149 silly ADD node_modules/restore-cursor
4150 silly ADD node_modules/environment
4151 silly ADD node_modules/strip-ansi
4152 silly ADD node_modules/cli-cursor
4153 silly ADD node_modules/ansi-escapes
4154 silly ADD node_modules/weak-lru-cache
4155 silly ADD node_modules/ordered-binary
4156 silly ADD node_modules/node-gyp-build-optional-packages
4157 silly ADD node_modules/node-addon-api
4158 silly ADD node_modules/msgpackr
4159 silly ADD node_modules/@lmdb/lmdb-win32-x64
4160 silly ADD node_modules/@harperfast/extended-iterable
4161 silly ADD node_modules/string-width
4162 silly ADD node_modules/slice-ansi
4163 silly ADD node_modules/rfdc
4164 silly ADD node_modules/log-update
4165 silly ADD node_modules/log-update/node_modules/string-width
4166 silly ADD node_modules/log-update/node_modules/wrap-ansi
4167 silly ADD node_modules/log-update/node_modules/slice-ansi
4168 silly ADD node_modules/eventemitter3
4169 silly ADD node_modules/colorette
4170 silly ADD node_modules/cli-truncate
4171 silly ADD node_modules/@csstools/color-helpers
4172 silly ADD node_modules/@csstools/css-color-parser
4173 silly ADD node_modules/@csstools/css-tokenizer
4174 silly ADD node_modules/@csstools/css-parser-algorithms
4175 silly ADD node_modules/@csstools/css-calc
4176 silly ADD node_modules/@asamuzakjp/generational-cache
4177 silly ADD node_modules/@csstools/css-syntax-patches-for-csstree
4178 silly ADD node_modules/@asamuzakjp/css-color
4179 silly ADD node_modules/source-map-js
4180 silly ADD node_modules/mdn-data
4181 silly ADD node_modules/css-tree
4182 silly ADD node_modules/bidi-js
4183 silly ADD node_modules/@asamuzakjp/nwsapi
4184 silly ADD node_modules/xml-name-validator
4185 silly ADD node_modules/whatwg-url
4186 silly ADD node_modules/whatwg-mimetype
4187 silly ADD node_modules/webidl-conversions
4188 silly ADD node_modules/w3c-xmlserializer
4189 silly ADD node_modules/tough-cookie
4190 silly ADD node_modules/symbol-tree
4191 silly ADD node_modules/saxes
4192 silly ADD node_modules/parse5
4193 silly ADD node_modules/parse5/node_modules/entities
4194 silly ADD node_modules/is-potential-custom-element-name
4195 silly ADD node_modules/http-proxy-agent
4196 silly ADD node_modules/html-encoding-sniffer
4197 silly ADD node_modules/decimal.js
4198 silly ADD node_modules/data-urls
4199 silly ADD node_modules/cssstyle
4200 silly ADD node_modules/cssstyle/node_modules/lru-cache
4201 silly ADD node_modules/@exodus/bytes
4202 silly ADD node_modules/@bramus/specificity
4203 silly ADD node_modules/@asamuzakjp/dom-selector
4204 silly ADD node_modules/@asamuzakjp/dom-selector/node_modules/lru-cache
4205 silly ADD node_modules/@acemir/cssom
4206 silly ADD node_modules/istanbul-lib-coverage
4207 silly ADD node_modules/@istanbuljs/schema
4208 silly ADD node_modules/safer-buffer
4209 silly ADD node_modules/agent-base
4210 silly ADD node_modules/toidentifier
4211 silly ADD node_modules/setprototypeof
4212 silly ADD node_modules/inherits
4213 silly ADD node_modules/ip-address
4214 silly ADD node_modules/bytes
4215 silly ADD node_modules/negotiator
4216 silly ADD node_modules/type-is
4217 silly ADD node_modules/statuses
4218 silly ADD node_modules/serve-static
4219 silly ADD node_modules/send
4220 silly ADD node_modules/router
4221 silly ADD node_modules/range-parser
4222 silly ADD node_modules/qs
4223 silly ADD node_modules/proxy-addr
4224 silly ADD node_modules/parseurl
4225 silly ADD node_modules/once
4226 silly ADD node_modules/on-finished
4227 silly ADD node_modules/mime-types
4228 silly ADD node_modules/merge-descriptors
4229 silly ADD node_modules/http-errors
4230 silly ADD node_modules/fresh
4231 silly ADD node_modules/finalhandler
4232 silly ADD node_modules/etag
4233 silly ADD node_modules/escape-html
4234 silly ADD node_modules/encodeurl
4235 silly ADD node_modules/depd
4236 silly ADD node_modules/cookie-signature
4237 silly ADD node_modules/cookie
4238 silly ADD node_modules/content-disposition
4239 silly ADD node_modules/body-parser
4240 silly ADD node_modules/accepts
4241 silly ADD node_modules/@esbuild/win32-x64
4242 silly ADD node_modules/entities
4243 silly ADD node_modules/domelementtype
4244 silly ADD node_modules/ms
4245 silly ADD node_modules/nth-check
4246 silly ADD node_modules/domutils
4247 silly ADD node_modules/boolbase
4248 silly ADD node_modules/which
4249 silly ADD node_modules/shebang-command
4250 silly ADD node_modules/path-key
4251 silly ADD node_modules/vary
4252 silly ADD node_modules/object-assign
4253 silly ADD node_modules/readdirp
4254 silly ADD node_modules/update-browserslist-db
4255 silly ADD node_modules/node-releases
4256 silly ADD node_modules/electron-to-chromium
4257 silly ADD node_modules/caniuse-lite
4258 silly ADD node_modules/baseline-browser-mapping
4259 silly ADD node_modules/postcss-safe-parser
4260 silly ADD node_modules/postcss-media-query-parser
4261 silly ADD node_modules/postcss
4262 silly ADD node_modules/htmlparser2
4263 silly ADD node_modules/htmlparser2/node_modules/entities
4264 silly ADD node_modules/domhandler
4265 silly ADD node_modules/dom-serializer
4266 silly ADD node_modules/css-what
4267 silly ADD node_modules/css-select
4268 silly ADD node_modules/@algolia/requester-node-http
4269 silly ADD node_modules/@algolia/requester-fetch
4270 silly ADD node_modules/@algolia/requester-browser-xhr
4271 silly ADD node_modules/@algolia/recommend
4272 silly ADD node_modules/@algolia/monitoring
4273 silly ADD node_modules/@algolia/ingestion
4274 silly ADD node_modules/@algolia/client-search
4275 silly ADD node_modules/@algolia/client-query-suggestions
4276 silly ADD node_modules/@algolia/client-personalization
4277 silly ADD node_modules/@algolia/client-insights
4278 silly ADD node_modules/@algolia/client-common
4279 silly ADD node_modules/@algolia/client-analytics
4280 silly ADD node_modules/@algolia/client-abtesting
4281 silly ADD node_modules/@algolia/abtesting
4282 silly ADD node_modules/require-from-string
4283 silly ADD node_modules/json-schema-traverse
4284 silly ADD node_modules/fast-uri
4285 silly ADD node_modules/fast-deep-equal
4286 silly ADD node_modules/zod-to-json-schema
4287 silly ADD node_modules/raw-body
4288 silly ADD node_modules/pkce-challenge
4289 silly ADD node_modules/json-schema-typed
4290 silly ADD node_modules/jose
4291 silly ADD node_modules/express-rate-limit
4292 silly ADD node_modules/express
4293 silly ADD node_modules/eventsource-parser
4294 silly ADD node_modules/eventsource
4295 silly ADD node_modules/cross-spawn
4296 silly ADD node_modules/cors
4297 silly ADD node_modules/content-type
4298 silly ADD node_modules/hono
4299 silly ADD node_modules/@hono/node-server
4300 silly ADD node_modules/@jridgewell/resolve-uri
4301 silly ADD node_modules/iconv-lite
4302 silly ADD node_modules/chardet
4303 silly ADD node_modules/@inquirer/external-editor
4304 silly ADD node_modules/@inquirer/select
4305 silly ADD node_modules/@inquirer/search
4306 silly ADD node_modules/@inquirer/rawlist
4307 silly ADD node_modules/@inquirer/password
4308 silly ADD node_modules/@inquirer/number
4309 silly ADD node_modules/@inquirer/input
4310 silly ADD node_modules/@inquirer/expand
4311 silly ADD node_modules/@inquirer/editor
4312 silly ADD node_modules/@inquirer/checkbox
4313 silly ADD node_modules/yoctocolors-cjs
4314 silly ADD node_modules/wrap-ansi
4315 silly ADD node_modules/wrap-ansi/node_modules/ansi-regex
4316 silly ADD node_modules/wrap-ansi/node_modules/is-fullwidth-code-point
4317 silly ADD node_modules/wrap-ansi/node_modules/emoji-regex
4318 silly ADD node_modules/wrap-ansi/node_modules/strip-ansi
4319 silly ADD node_modules/wrap-ansi/node_modules/string-width
4320 silly ADD node_modules/wrap-ansi/node_modules/ansi-styles
4321 silly ADD node_modules/signal-exit
4322 silly ADD node_modules/mute-stream
4323 silly ADD node_modules/cli-width
4324 silly ADD node_modules/@inquirer/figures
4325 silly ADD node_modules/@inquirer/ansi
4326 silly ADD node_modules/@inquirer/type
4327 silly ADD node_modules/@inquirer/core
4328 silly ADD node_modules/@babel/helper-string-parser
4329 silly ADD node_modules/@babel/helper-globals
4330 silly ADD node_modules/@babel/helper-module-imports
4331 silly ADD node_modules/lru-cache
4332 silly ADD node_modules/@babel/helper-validator-option
4333 silly ADD node_modules/@babel/compat-data
4334 silly ADD node_modules/jsesc
4335 silly ADD node_modules/picocolors
4336 silly ADD node_modules/js-tokens
4337 silly ADD node_modules/@babel/helper-validator-identifier
4338 silly ADD node_modules/json5
4339 silly ADD node_modules/gensync
4340 silly ADD node_modules/debug
4341 silly ADD node_modules/@jridgewell/remapping
4342 silly ADD node_modules/@babel/types
4343 silly ADD node_modules/@babel/traverse
4344 silly ADD node_modules/@babel/template
4345 silly ADD node_modules/@babel/parser
4346 silly ADD node_modules/@babel/helpers
4347 silly ADD node_modules/@babel/helper-module-transforms
4348 silly ADD node_modules/@babel/helper-compilation-targets
4349 silly ADD node_modules/@babel/helper-compilation-targets/node_modules/semver
4350 silly ADD node_modules/@babel/generator
4351 silly ADD node_modules/@babel/code-frame
4352 silly ADD node_modules/@standard-schema/spec
4353 silly ADD node_modules/reflect-metadata
4354 silly ADD node_modules/convert-source-map
4355 silly ADD node_modules/chokidar
4356 silly ADD node_modules/@jridgewell/sourcemap-codec
4357 silly ADD node_modules/ora
4358 silly ADD node_modules/zod
4359 silly ADD node_modules/yargs
4360 silly ADD node_modules/yargs/node_modules/string-width
4361 silly ADD node_modules/pacote
4362 silly ADD node_modules/npm-package-arg
4363 silly ADD node_modules/ini
4364 silly ADD node_modules/algoliasearch
4365 silly ADD node_modules/@yarnpkg/lockfile
4366 silly ADD node_modules/@schematics/angular
4367 silly ADD node_modules/@modelcontextprotocol/sdk
4368 silly ADD node_modules/@listr2/prompt-adapter-inquirer
4369 silly ADD node_modules/@inquirer/prompts
4370 silly ADD node_modules/@angular-devkit/schematics
4371 silly ADD node_modules/source-map
4372 silly ADD node_modules/ajv-formats
4373 silly ADD node_modules/ajv
4374 silly ADD node_modules/@angular-devkit/core
4375 silly ADD node_modules/@jridgewell/trace-mapping
4376 silly ADD node_modules/@jridgewell/gen-mapping
4377 silly ADD node_modules/watchpack
4378 silly ADD node_modules/undici
4379 silly ADD node_modules/tinyglobby
4380 silly ADD node_modules/source-map-support
4381 silly ADD node_modules/source-map-support/node_modules/source-map
4382 silly ADD node_modules/semver
4383 silly ADD node_modules/sass
4384 silly ADD node_modules/sass/node_modules/readdirp
4385 silly ADD node_modules/sass/node_modules/chokidar
4386 silly ADD node_modules/rolldown
4387 silly ADD node_modules/piscina
4388 silly ADD node_modules/picomatch
4389 silly ADD node_modules/parse5-html-rewriting-stream
4390 silly ADD node_modules/parse5-html-rewriting-stream/node_modules/entities
4391 silly ADD node_modules/mrmime
4392 silly ADD node_modules/magic-string
4393 silly ADD node_modules/lmdb
4394 silly ADD node_modules/listr2
4395 silly ADD node_modules/listr2/node_modules/string-width
4396 silly ADD node_modules/listr2/node_modules/wrap-ansi
4397 silly ADD node_modules/jsonc-parser
4398 silly ADD node_modules/istanbul-lib-instrument
4399 silly ADD node_modules/https-proxy-agent
4400 silly ADD node_modules/esbuild
4401 silly ADD node_modules/browserslist
4402 silly ADD node_modules/beasties
4403 silly ADD node_modules/vite
4404 silly ADD node_modules/@vitejs/plugin-basic-ssl
4405 silly ADD node_modules/@inquirer/confirm
4406 silly ADD node_modules/@babel/helper-split-export-declaration
4407 silly ADD node_modules/@babel/helper-annotate-as-pure
4408 silly ADD node_modules/@babel/core
4409 silly ADD node_modules/@babel/core/node_modules/semver
4410 silly ADD node_modules/@babel/core/node_modules/convert-source-map
4411 silly ADD node_modules/@angular-devkit/architect
4412 silly ADD node_modules/@ampproject/remapping
4413 silly ADD node_modules/vitest
4414 silly ADD node_modules/prettier
4415 silly ADD node_modules/jsdom
4416 silly ADD node_modules/@angular/router
4417 silly ADD node_modules/@angular/platform-browser
4418 silly ADD node_modules/@angular/forms
4419 silly ADD node_modules/@angular/core
4420 silly ADD node_modules/rxjs
4421 silly ADD node_modules/@angular/common
4422 silly ADD node_modules/@angular/cli
4423 silly ADD node_modules/@angular/compiler-cli
4424 silly ADD node_modules/@angular/compiler
4425 silly ADD node_modules/typescript
4426 silly ADD node_modules/tslib
4427 silly ADD node_modules/@angular/build
4428 verbose cwd C:\Users\isaac\Documents\Proyectos\Postular_app\job-dashboard
4429 verbose os Windows_NT 10.0.26200
4430 verbose node v24.13.0
4431 verbose npm  v11.6.2
4432 verbose exit 0
4433 info ok
